zip3,market_type,fc,pmf_alloc,distance_bucket
10,Primary,GA-303,0.0018195748030453499,601-1000
11,Primary,GA-303,0.0010436193194285702,601-1000
12,Secondary,GA-303,0.0005082916478049,601-1000
13,Primary,GA-303,0.00013338101750859,601-1000
14,Primary,GA-303,0.00066870958913307,601-1000
15,Primary,GA-303,0.0013112831552404502,601-1000
16,Primary,GA-303,0.00072278253677133,601-1000
17,Primary,GA-303,0.00107065624324815,601-1000
18,Primary,GA-303,0.00251532041599728,601-1000
19,Primary,GA-303,0.00203406569201187,601-1000
20,Primary,GA-303,0.00144466417274913,601-1000
21,Primary,GA-303,0.005083813778839921,601-1000
22,Primary,GA-303,0.00026766383581179,601-1000
23,Primary,GA-303,0.00179253787922586,601-1000
24,Primary,GA-303,0.0005885006184690299,601-1000
25,Primary,GA-303,0.00042808177713996005,601-1000
26,Primary,GA-303,0.0005623645954431599,601-1000
27,Primary,GA-303,0.00195385672134774,601-1000
28,Primary,GA-303,0.0024882834921777,601-1000
29,Primary,GA-303,0.00149873802038811,601-1000
30,Primary,GA-303,0.0013112831552404502,601-1000
31,Primary,GA-303,0.00034787280647592,601-1000
32,Primary,GA-303,0.00066870958913307,601-1000
33,Primary,GA-303,0.0002406269119923,601-1000
34,Primary,GA-303,0.00016041794132817,601-1000
35,Secondary,GA-303,0.00010724589448361999,1001-1400
37,Secondary,GA-303,0.00026766383581179,601-1000
38,Primary,GA-303,0.00147170109656862,601-1000
39,Primary,GA-303,0.00013338101750859,601-1000
40,Primary,GA-303,0.0010436193194285702,1001-1400
41,Primary,GA-303,0.00072278253677133,1001-1400
42,Secondary,GA-303,0.00026766383581179,1001-1400
43,Secondary,GA-303,0.00018745486514766,1001-1400
44,Secondary,GA-303,0.00034787280647592,1001-1400
46,Secondary,GA-303,0.00013338101750859,1001-1400
47,Tertiary,GA-303,0.00013338101750859,1001-1400
48,Secondary,GA-303,0.00018745486514766,1001-1400
49,Secondary,GA-303,0.0002406269119923,1001-1400
50,Secondary,GA-303,0.00010724589448361999,601-1000
51,Primary,GA-303,0.00010724589448361999,601-1000
52,Secondary,GA-303,8.019007064745225e-05,601-1000
53,Primary,GA-303,8.019007064745225e-05,601-1000
54,Secondary,GA-303,0.0005623645954431599,601-1000
56,Secondary,GA-303,0.00029470075963128,601-1000
57,Secondary,GA-303,0.00032083588265634,601-1000
60,Primary,GA-303,0.0021142755626767204,601-1000
61,Primary,GA-303,0.0006957465129526501,601-1000
62,Primary,GA-303,0.0005623645954431599,601-1000
63,Primary,GA-303,0.00120403726075674,601-1000
64,Primary,GA-303,0.00208723863885723,601-1000
65,Primary,GA-303,0.00091023740191908,601-1000
66,Primary,GA-303,0.0008561644542808201,601-1000
67,Primary,GA-303,0.00077595548361678,601-1000
68,Primary,GA-303,0.00163211903789679,601-1000
69,Primary,GA-303,0.00032083588265634,601-1000
70,Primary,GA-303,0.00730533433599954,601-1000
71,Primary,GA-303,0.00176640185619999,601-1000
72,Primary,GA-303,0.00120403726075674,601-1000
73,Primary,GA-303,0.0008291275304613301,601-1000
74,Primary,GA-303,0.00109679136627312,601-1000
75,Primary,GA-303,0.0008561644542808201,601-1000
76,Primary,GA-303,0.0018195748030453499,601-1000
77,Primary,GA-303,0.00203406569201187,601-1000
78,Primary,GA-303,0.00099044727258402,601-1000
79,Primary,GA-303,0.0006425735661072901,601-1000
80,Primary,GA-303,0.00363914870608998,601-1000
81,Primary,GA-303,0.0006425735661072901,601-1000
82,Primary,GA-303,0.0005885006184690299,601-1000
83,Primary,GA-303,0.001364455202085,601-1000
84,Primary,GA-303,0.00037490973029541,601-1000
85,Primary,GA-303,0.0008291275304613301,601-1000
86,Primary,GA-303,0.0008832013781004001,601-1000
87,Primary,GA-303,0.00144466417274913,601-1000
88,Primary,GA-303,0.00326423897579448,601-1000
89,Primary,GA-303,0.0002406269119923,601-1000
100,Primary,GA-303,0.00596701425693951,601-1000
101,Primary,GA-303,0.00026766383581179,601-1000
103,Primary,GA-303,0.0030236120638021803,601-1000
104,Primary,GA-303,0.0055930054274377205,601-1000
105,Primary,GA-303,0.0018466108268641202,601-1000
107,Primary,GA-303,0.00040104575332128,601-1000
108,Primary,GA-303,0.00045511870095954,601-1000
109,Primary,GA-303,0.00189978377370948,601-1000
110,Primary,GA-303,0.00040104575332128,601-1000
111,Primary,GA-303,0.001364455202085,601-1000
112,Primary,GA-303,0.00800108084895219,601-1000
113,Primary,GA-303,0.0024882834921777,601-1000
114,Primary,GA-303,0.0022476565801854,601-1000
115,Primary,GA-303,0.0023819393984886,601-1000
116,Primary,GA-303,0.00029470075963128,601-1000
117,Primary,GA-303,0.00465573110169906,601-1000
118,Primary,GA-303,0.0002406269119923,601-1000
119,Primary,GA-303,0.00101658239560908,601-1000
120,Secondary,GA-303,0.0012310741845763201,601-1000
121,Secondary,GA-303,0.0009634103487644401,601-1000
122,Secondary,GA-303,0.0006425735661072901,601-1000
123,Secondary,GA-303,0.00066870958913307,601-1000
124,Primary,GA-303,0.0010436193194285702,601-1000
125,Primary,GA-303,0.00216744760952127,601-1000
126,Primary,GA-303,5.31900468604313e-05,601-1000
127,Primary,GA-303,0.00026766383581179,601-1000
128,Secondary,GA-303,0.00040104575332128,601-1000
129,Secondary,GA-303,0.0005623645954431599,601-1000
130,Secondary,GA-303,0.00072278253677133,601-1000
131,Secondary,GA-303,0.00021449178896723999,601-1000
132,Secondary,GA-303,0.00125811110839581,601-1000
133,Secondary,GA-303,0.00026766383581179,601-1000
134,Secondary,GA-303,0.0008291275304613301,601-1000
135,Secondary,GA-303,8.019007064745225e-05,601-1000
136,Secondary,GA-303,0.0012310741845763201,601-1000
137,Secondary,GA-303,0.00037490973029541,601-1000
138,Secondary,GA-303,0.0006425735661072901,601-1000
139,Secondary,GA-303,0.00029470075963128,601-1000
140,Secondary,GA-303,0.00101658239560908,601-1000
141,Secondary,GA-303,0.00107065624324815,601-1000
142,Secondary,GA-303,0.0025684924628418303,601-1000
143,Secondary,GA-303,0.0002406269119923,601-1000
144,Secondary,GA-303,0.00099044727258402,601-1000
145,Secondary,GA-303,0.0008291275304613301,601-1000
146,Secondary,GA-303,0.00235490247466902,601-1000
147,Secondary,GA-303,0.00072278253677133,601-1000
148,Secondary,GA-303,0.00072278253677133,601-1000
149,Secondary,GA-303,0.00016041794132817,601-1000
150,Secondary,GA-303,0.00093637342494495,301-600
151,Secondary,GA-303,0.0014185290497240699,301-600
152,Secondary,GA-303,0.00203406569201187,301-600
153,Secondary,GA-303,0.0005082916478049,301-600
154,Secondary,GA-303,0.00010724589448361999,301-600
155,Secondary,GA-303,0.0002406269119923,301-600
156,Secondary,GA-303,0.0006425735661072901,301-600
157,Secondary,GA-303,0.00010724589448361999,301-600
158,Secondary,GA-303,0.00013338101750859,301-600
159,Secondary,GA-303,8.019007064745225e-05,301-600
160,Secondary,GA-303,0.00077595548361678,301-600
161,Secondary,GA-303,0.00037490973029541,301-600
162,Secondary,GA-303,0.00016041794132817,301-600
163,Secondary,GA-303,8.019007064745225e-05,301-600
164,Secondary,GA-303,0.00021449178896723999,601-1000
165,Secondary,GA-303,0.00037490973029541,601-1000
166,Secondary,GA-303,0.0005353276716236699,301-600
168,Secondary,GA-303,0.00010724589448361999,301-600
169,Secondary,GA-303,2.700002378702096e-05,601-1000
170,Primary,GA-303,0.0021404106857017802,601-1000
171,Primary,GA-303,0.0005885006184690299,601-1000
172,Primary,GA-303,0.0005623645954431599,301-600
173,Primary,GA-303,0.0010436193194285702,301-600
174,Primary,GA-303,0.00040104575332128,301-600
175,Primary,GA-303,0.00066870958913307,601-1000
176,Primary,GA-303,0.0007489185597972,601-1000
177,Secondary,GA-303,0.00072278253677133,601-1000
178,Secondary,GA-303,0.0005623645954431599,601-1000
179,Primary,GA-303,0.00029470075963128,601-1000
180,Primary,GA-303,0.00227469350400489,601-1000
181,Primary,GA-303,0.0006425735661072901,601-1000
182,Primary,GA-303,0.00091023740191908,601-1000
183,Primary,GA-303,0.00099044727258402,601-1000
184,Primary,GA-303,0.0011508652139121899,601-1000
185,Primary,GA-303,0.00037490973029541,601-1000
186,Secondary,GA-303,0.00029470075963128,601-1000
187,Primary,GA-303,0.0006957465129526501,601-1000
188,Secondary,GA-303,0.00018745486514766,601-1000
189,Primary,GA-303,0.00101658239560908,601-1000
190,Primary,GA-303,0.0033985217940976802,601-1000
191,Primary,GA-303,0.00513788672647818,601-1000
193,Primary,GA-303,0.0010436193194285702,601-1000
194,Primary,GA-303,0.00099044727258402,601-1000
195,Primary,GA-303,0.0008832013781004001,601-1000
196,Primary,GA-303,0.0008291275304613301,601-1000
197,Primary,GA-303,0.00144466417274913,601-1000
198,Primary,GA-303,0.0008291275304613301,601-1000
199,Primary,GA-303,0.0014185290497240699,601-1000
200,Primary,GA-303,0.00251532041599728,301-600
201,Primary,GA-303,0.00326423897579448,301-600
206,Primary,GA-303,0.00109679136627312,301-600
207,Primary,GA-303,0.00291636616931856,301-600
208,Primary,GA-303,0.00165915596171637,301-600
209,Primary,GA-303,0.00042808177713996005,301-600
210,Primary,GA-303,0.0020602017150376504,301-600
211,Primary,GA-303,0.00179253787922586,301-600
212,Primary,GA-303,0.0035319028116063606,301-600
214,Primary,GA-303,0.00029470075963128,301-600
215,Secondary,GA-303,0.00037490973029541,301-600
216,Primary,GA-303,0.0005082916478049,301-600
217,Primary,GA-303,0.00160598391487182,301-600
218,Primary,GA-303,0.00034787280647592,301-600
219,Primary,GA-303,0.00045511870095954,601-1000
220,Primary,GA-303,0.00066870958913307,301-600
221,Primary,GA-303,0.00128424623142087,301-600
222,Primary,GA-303,0.00048125472398541,301-600
223,Primary,GA-303,0.0008561644542808201,301-600
224,Primary,GA-303,0.00072278253677133,301-600
225,Primary,GA-303,0.00042808177713996005,301-600
226,Primary,GA-303,0.0005353276716236699,301-600
227,Primary,GA-303,0.00021449178896723999,301-600
228,Secondary,GA-303,0.00029470075963128,301-600
229,Secondary,GA-303,0.0006957465129526501,301-600
230,Secondary,GA-303,0.00120403726075674,301-600
231,Secondary,GA-303,0.0006425735661072901,301-600
232,Secondary,GA-303,0.00152487404341398,301-600
233,Secondary,GA-303,0.0005082916478049,301-600
234,Secondary,GA-303,0.0020602017150376504,301-600
235,Secondary,GA-303,0.0005623645954431599,301-600
236,Secondary,GA-303,0.0017393649323805,301-600
237,Secondary,GA-303,0.00034787280647592,301-600
238,Secondary,GA-303,0.00155191006723275,301-600
239,Primary,GA-303,0.00018745486514766,301-600
240,Secondary,GA-303,0.00080299240743627,301-600
241,Secondary,GA-303,0.00061553664228771,301-600
242,Secondary,GA-303,0.00029470075963128,151-300
243,Secondary,GA-303,0.0005353276716236699,151-300
244,Secondary,GA-303,0.00040104575332128,301-600
245,Primary,GA-303,0.0006425735661072901,301-600
246,Secondary,GA-303,0.00018745486514766,151-300
247,Secondary,GA-303,0.00016041794132817,301-600
249,Secondary,GA-303,0.00018745486514766,301-600
250,Secondary,GA-303,0.00032083588265634,301-600
251,Secondary,GA-303,0.00013338101750859,301-600
252,Secondary,GA-303,0.00026766383581179,301-600
253,Secondary,GA-303,0.0002406269119923,301-600
254,Primary,GA-303,0.00048125472398541,301-600
255,Secondary,GA-303,0.00026766383581179,301-600
256,Secondary,GA-303,0.00010724589448361999,301-600
257,Secondary,GA-303,0.00029470075963128,301-600
258,Secondary,GA-303,0.00010724589448361999,301-600
259,Secondary,GA-303,8.019007064745225e-05,301-600
260,Secondary,GA-303,0.00040104575332128,301-600
261,Secondary,GA-303,0.00045511870095954,301-600
262,Secondary,GA-303,0.0002406269119923,301-600
263,Secondary,GA-303,0.00010724589448361999,301-600
264,Secondary,GA-303,0.00021449178896723999,301-600
265,Secondary,GA-303,0.0005885006184690299,301-600
266,Secondary,GA-303,2.700002378702096e-05,301-600
268,Secondary,GA-303,0.00013338101750859,301-600
270,Secondary,GA-303,0.00048125472398541,151-300
271,Primary,GA-303,0.00061553664228771,151-300
272,Primary,GA-303,0.00128424623142087,151-300
273,Primary,GA-303,0.0007489185597972,301-600
274,Primary,GA-303,0.00093637342494495,301-600
275,Primary,GA-303,0.0037995666474181502,301-600
276,Primary,GA-303,0.00133832007905994,301-600
277,Primary,GA-303,0.00080299240743627,301-600
278,Primary,GA-303,0.00117700033693725,301-600
279,Secondary,GA-303,0.0006425735661072901,301-600
280,Secondary,GA-303,0.00240807452151357,151-300
281,Secondary,GA-303,0.001364455202085,151-300
282,Secondary,GA-303,0.00240807452151357,151-300
283,Primary,GA-303,0.00219448453334085,301-600
284,Secondary,GA-303,0.00144466417274913,301-600
285,Primary,GA-303,0.00160598391487182,301-600
286,Secondary,GA-303,0.0014185290497240699,151-300
287,Secondary,GA-303,0.00139149212590449,51-150
288,Secondary,GA-303,0.00061553664228771,151-300
289,Primary,GA-303,0.00016041794132817,51-150
290,Secondary,GA-303,0.0008561644542808201,151-300
291,Secondary,GA-303,0.0008832013781004001,151-300
292,Secondary,GA-303,0.00045511870095954,151-300
293,Secondary,GA-303,0.00101658239560908,151-300
294,Secondary,GA-303,0.00299747604077631,151-300
295,Secondary,GA-303,0.00125811110839581,151-300
296,Secondary,GA-303,0.0028361571986544303,51-150
297,Secondary,GA-303,0.0006957465129526501,151-300
298,Secondary,GA-303,0.00013338101750859,51-150
299,Secondary,GA-303,0.00066870958913307,151-300
300,Primary,GA-303,0.00668979769371174,<50
301,Primary,GA-303,0.00267573835732545,<50
302,Primary,GA-303,0.00240807452151357,<50
303,Primary,GA-303,0.0039870215125659,<50
304,Secondary,GA-303,0.00048125472398541,151-300
305,Primary,GA-303,0.0013112831552404502,<50
306,Primary,GA-303,0.00120403726075674,51-150
307,Primary,GA-303,0.00080299240743627,51-150
308,Secondary,GA-303,0.00040104575332128,51-150
309,Secondary,GA-303,0.00042808177713996005,51-150
310,Primary,GA-303,0.00061553664228771,51-150
312,Primary,GA-303,0.0002406269119923,51-150
313,Secondary,GA-303,0.0008291275304613301,151-300
314,Secondary,GA-303,0.0008832013781004001,151-300
315,Secondary,GA-303,0.00093637342494495,151-300
316,Secondary,GA-303,0.00037490973029541,151-300
317,Secondary,GA-303,0.00045511870095954,151-300
318,Primary,GA-303,0.00013338101750859,51-150
319,Primary,GA-303,0.0002406269119923,51-150
320,Secondary,GA-303,0.0018727468498899,151-300
321,Primary,GA-303,0.00125811110839581,301-600
322,Secondary,GA-303,0.0031038210344663097,151-300
323,Secondary,GA-303,0.0005885006184690299,151-300
324,Secondary,GA-303,0.0010436193194285702,151-300
325,Secondary,GA-303,0.00179253787922586,151-300
326,Primary,GA-303,0.0012310741845763201,301-600
327,Primary,GA-303,0.00329127589961406,301-600
328,Primary,GA-303,0.00446917713734502,301-600
329,Primary,GA-303,0.00163211903789679,301-600
330,Primary,GA-303,0.00583363323943083,301-600
331,Primary,GA-303,0.00703767050018766,601-1000
333,Primary,GA-303,0.00230173042782447,301-600
334,Primary,GA-303,0.0049774687851499196,301-600
335,Primary,GA-303,0.00203406569201187,301-600
336,Primary,GA-303,0.00219448453334085,301-600
337,Primary,GA-303,0.00163211903789679,301-600
338,Primary,GA-303,0.00251532041599728,301-600
339,Secondary,GA-303,0.00254235733981677,301-600
341,Primary,GA-303,0.00077595548361678,301-600
342,Secondary,GA-303,0.00165915596171637,301-600
344,Primary,GA-303,0.0011508652139121899,301-600
346,Primary,GA-303,0.00152487404341398,301-600
347,Primary,GA-303,0.00417447637771365,301-600
349,Secondary,GA-303,0.00117700033693725,301-600
350,Secondary,GA-303,0.0009634103487644401,51-150
351,Secondary,GA-303,0.00029470075963128,51-150
352,Secondary,GA-303,0.00066870958913307,51-150
354,Secondary,GA-303,0.00037490973029541,151-300
355,Secondary,GA-303,2.700002378702096e-05,151-300
356,Secondary,GA-303,0.00091023740191908,151-300
357,Primary,GA-303,0.00034787280647592,51-150
358,Primary,GA-303,0.0006425735661072901,51-150
359,Primary,GA-303,0.0005623645954431599,51-150
360,Secondary,GA-303,0.00066870958913307,151-300
361,Secondary,GA-303,0.00077595548361678,151-300
362,Primary,GA-303,0.00016041794132817,51-150
363,Secondary,GA-303,0.00013338101750859,151-300
364,Secondary,GA-303,8.019007064745225e-05,151-300
365,Secondary,GA-303,0.00037490973029541,151-300
366,Tertiary,GA-303,0.00042808177713996005,301-600
367,Secondary,GA-303,0.00018745486514766,151-300
368,Secondary,GA-303,0.0002406269119923,51-150
369,Secondary,GA-303,2.700002378702096e-05,151-300
370,Primary,GA-303,0.00395998548874713,151-300
371,Primary,GA-303,0.00163211903789679,151-300
372,Primary,GA-303,0.0019268197975281602,151-300
373,Secondary,GA-303,0.00133832007905994,51-150
374,Primary,GA-303,0.00045511870095954,51-150
376,Secondary,GA-303,0.00099044727258402,151-300
377,Secondary,GA-303,0.0006957465129526501,151-300
378,Secondary,GA-303,0.0008291275304613301,151-300
379,Secondary,GA-303,0.00155191006723275,51-150
380,Secondary,GA-303,0.0008832013781004001,301-600
381,Secondary,GA-303,0.00139149212590449,301-600
382,Secondary,GA-303,0.00034787280647592,301-600
383,Secondary,GA-303,0.0005082916478049,151-300
384,Primary,GA-303,0.00016041794132817,151-300
385,Primary,GA-303,0.0002406269119923,151-300
386,Secondary,GA-303,0.0005885006184690299,301-600
387,Secondary,GA-303,0.00013338101750859,301-600
388,Secondary,GA-303,0.00042808177713996005,151-300
389,Secondary,GA-303,5.31900468604313e-05,301-600
390,Tertiary,GA-303,0.00016041794132817,301-600
391,Tertiary,GA-303,0.00026766383581179,301-600
392,Tertiary,GA-303,0.00010724589448361999,301-600
393,Secondary,GA-303,0.00026766383581179,151-300
394,Tertiary,GA-303,0.0005885006184690299,301-600
395,Tertiary,GA-303,0.00099044727258402,301-600
396,Tertiary,GA-303,0.00016041794132817,301-600
397,Secondary,GA-303,0.00010724589448361999,151-300
398,Secondary,GA-303,0.00013338101750859,151-300
400,Primary,GA-303,0.00077595548361678,301-600
401,Secondary,GA-303,0.00077595548361678,151-300
402,Primary,GA-303,0.0024621483691526403,301-600
403,Primary,GA-303,0.0005623645954431599,151-300
404,Secondary,GA-303,0.00021449178896723999,151-300
405,Primary,GA-303,0.00101658239560908,151-300
406,Primary,GA-303,0.00010724589448361999,301-600
407,Secondary,GA-303,0.00026766383581179,151-300
410,Primary,GA-303,0.00165915596171637,301-600
411,Primary,GA-303,8.019007064745225e-05,301-600
413,Secondary,GA-303,5.31900468604313e-05,151-300
414,Secondary,GA-303,0.00010724589448361999,151-300
415,Secondary,GA-303,0.00013338101750859,151-300
416,Secondary,GA-303,5.31900468604313e-05,151-300
417,Secondary,GA-303,5.31900468604313e-05,151-300
418,Secondary,GA-303,0.00010724589448361999,151-300
420,Secondary,GA-303,0.00045511870095954,301-600
421,Primary,GA-303,0.00072278253677133,151-300
422,Primary,GA-303,0.00037490973029541,151-300
423,Primary,GA-303,0.00045511870095954,151-300
424,Secondary,GA-303,0.00029470075963128,301-600
425,Secondary,GA-303,0.00026766383581179,151-300
426,Secondary,GA-303,0.00010724589448361999,151-300
427,Secondary,GA-303,0.0005353276716236699,151-300
430,Secondary,GA-303,0.00219448453334085,301-600
431,Primary,GA-303,0.0014185290497240699,301-600
432,Primary,GA-303,0.0020602017150376504,301-600
433,Secondary,GA-303,0.0005353276716236699,301-600
434,Primary,GA-303,0.00040104575332128,301-600
435,Primary,GA-303,0.00061553664228771,301-600
436,Primary,GA-303,0.0011238282900927,301-600
437,Secondary,GA-303,0.0002406269119923,301-600
438,Secondary,GA-303,0.00013338101750859,301-600
439,Secondary,GA-303,0.00029470075963128,301-600
440,Secondary,GA-303,0.0027829842518090698,301-600
441,Primary,GA-303,0.0037463946005735996,301-600
442,Secondary,GA-303,0.0014185290497240699,301-600
443,Secondary,GA-303,0.00080299240743627,301-600
444,Secondary,GA-303,0.0008561644542808201,301-600
445,Secondary,GA-303,0.0005082916478049,301-600
446,Secondary,GA-303,0.0009634103487644401,301-600
447,Secondary,GA-303,0.0005623645954431599,301-600
448,Primary,GA-303,0.0005353276716236699,301-600
449,Secondary,GA-303,0.0002406269119923,301-600
450,Primary,GA-303,0.0020602017150376504,301-600
451,Primary,GA-303,0.00045511870095954,301-600
452,Primary,GA-303,0.0020070296681931003,301-600
453,Primary,GA-303,0.00120403726075674,301-600
454,Primary,GA-303,0.0008832013781004001,301-600
455,Primary,GA-303,0.00016041794132817,301-600
456,Primary,GA-303,0.0008561644542808201,301-600
457,Secondary,GA-303,0.00010724589448361999,301-600
458,Secondary,GA-303,0.00080299240743627,301-600
460,Primary,GA-303,0.00165915596171637,301-600
461,Primary,GA-303,0.0018195748030453499,301-600
462,Primary,GA-303,0.0024882834921777,301-600
463,Primary,GA-303,0.0023819393984886,301-600
464,Primary,GA-303,0.00018745486514766,301-600
465,Primary,GA-303,0.00125811110839581,301-600
466,Primary,GA-303,0.00032083588265634,301-600
467,Secondary,GA-303,0.0008561644542808201,301-600
468,Secondary,GA-303,0.00107065624324815,301-600
469,Primary,GA-303,0.00045511870095954,301-600
470,Primary,GA-303,0.00034787280647592,301-600
471,Primary,GA-303,0.0005353276716236699,301-600
472,Primary,GA-303,0.00042808177713996005,301-600
473,Primary,GA-303,0.0005885006184690299,301-600
474,Primary,GA-303,0.00042808177713996005,301-600
475,Secondary,GA-303,0.00026766383581179,301-600
476,Secondary,GA-303,0.0005353276716236699,301-600
477,Secondary,GA-303,0.0006425735661072901,301-600
478,Primary,GA-303,0.00048125472398541,301-600
479,Primary,GA-303,0.00066870958913307,301-600
480,Primary,GA-303,0.003906812541901771,601-1000
481,Primary,GA-303,0.00521809569714222,301-600
482,Primary,GA-303,0.0024882834921777,301-600
483,Primary,GA-303,0.00294340309313805,601-1000
484,Primary,GA-303,0.0018466108268641202,601-1000
485,Primary,GA-303,0.0007489185597972,601-1000
486,Secondary,GA-303,0.00034787280647592,601-1000
487,Secondary,GA-303,0.00034787280647592,601-1000
488,Primary,GA-303,0.001364455202085,601-1000
489,Primary,GA-303,0.00045511870095954,601-1000
490,Secondary,GA-303,0.0022476565801854,301-600
491,Primary,GA-303,0.00037490973029541,301-600
492,Primary,GA-303,0.00147170109656862,301-600
493,Secondary,GA-303,0.0006425735661072901,601-1000
494,Secondary,GA-303,0.0015789469910522402,601-1000
495,Secondary,GA-303,0.00093637342494495,601-1000
496,Secondary,GA-303,0.0005082916478049,601-1000
497,Secondary,GA-303,0.00029470075963128,601-1000
498,Secondary,GA-303,0.00034787280647592,601-1000
499,Secondary,GA-303,0.00013338101750859,601-1000
500,Secondary,GA-303,0.0006957465129526501,601-1000
501,Secondary,GA-303,0.00021449178896723999,601-1000
502,Secondary,GA-303,0.0005885006184690299,601-1000
503,Secondary,GA-303,0.0005623645954431599,601-1000
504,Secondary,GA-303,0.00042808177713996005,601-1000
505,Secondary,GA-303,0.00029470075963128,601-1000
506,Secondary,GA-303,0.00034787280647592,601-1000
507,Secondary,GA-303,0.0002406269119923,601-1000
508,Secondary,GA-303,0.00034787280647592,601-1000
510,Secondary,GA-303,0.00010724589448361999,601-1000
511,Secondary,GA-303,0.0002406269119923,601-1000
513,Secondary,GA-303,0.00016041794132817,601-1000
514,Secondary,GA-303,5.31900468604313e-05,601-1000
515,Secondary,GA-303,0.00045511870095954,601-1000
520,Secondary,GA-303,0.0002406269119923,601-1000
521,Secondary,GA-303,2.700002378702096e-05,601-1000
522,Secondary,GA-303,0.00029470075963128,601-1000
523,Secondary,GA-303,0.00048125472398541,601-1000
524,Secondary,GA-303,0.00029470075963128,601-1000
525,Secondary,GA-303,8.019007064745225e-05,601-1000
526,Secondary,GA-303,0.00026766383581179,601-1000
527,Secondary,GA-303,0.0005353276716236699,601-1000
528,Secondary,GA-303,0.0002406269119923,601-1000
530,Secondary,GA-303,0.0011238282900927,601-1000
531,Primary,GA-303,0.00144466417274913,601-1000
532,Primary,GA-303,0.00171232890856173,601-1000
534,Primary,GA-303,0.00040104575332128,601-1000
535,Secondary,GA-303,0.0010436193194285702,601-1000
537,Secondary,GA-303,0.00066870958913307,601-1000
538,Secondary,GA-303,8.019007064745225e-05,601-1000
539,Secondary,GA-303,0.00093637342494495,601-1000
540,Primary,GA-303,0.00048125472398541,601-1000
541,Secondary,GA-303,0.00032083588265634,601-1000
542,Secondary,GA-303,0.00018745486514766,601-1000
543,Secondary,GA-303,0.0005623645954431599,601-1000
544,Secondary,GA-303,0.00061553664228771,601-1000
545,Secondary,GA-303,2.700002378702096e-05,601-1000
546,Secondary,GA-303,0.0005623645954431599,601-1000
547,Primary,GA-303,0.00034787280647592,601-1000
548,Secondary,GA-303,0.00040104575332128,601-1000
549,Secondary,GA-303,0.00101658239560908,601-1000
550,Primary,GA-303,0.00139149212590449,601-1000
551,Primary,GA-303,0.00171232890856173,601-1000
553,Primary,GA-303,0.00219448453334085,601-1000
554,Primary,GA-303,0.0024621483691526403,601-1000
557,Secondary,GA-303,0.0002406269119923,1001-1400
558,Secondary,GA-303,0.0005353276716236699,601-1000
559,Primary,GA-303,0.00045511870095954,601-1000
560,Primary,GA-303,0.00034787280647592,601-1000
561,Secondary,GA-303,0.00013338101750859,601-1000
562,Secondary,GA-303,8.019007064745225e-05,601-1000
563,Primary,GA-303,0.00045511870095954,601-1000
564,Secondary,GA-303,0.00042808177713996005,1001-1400
565,Secondary,GA-303,0.0002406269119923,1001-1400
566,Secondary,GA-303,0.00010724589448361999,1001-1400
567,Secondary,GA-303,0.00026766383581179,1001-1400
570,Secondary,GA-303,0.00040104575332128,601-1000
571,Secondary,GA-303,0.00091023740191908,601-1000
572,Secondary,GA-303,5.31900468604313e-05,1001-1400
573,Secondary,GA-303,8.019007064745225e-05,1001-1400
574,Secondary,GA-303,8.019007064745225e-05,1001-1400
575,Tertiary,GA-303,0.00010724589448361999,1001-1400
576,Tertiary,GA-303,0.00010724589448361999,1001-1400
577,Tertiary,GA-303,0.00037490973029541,1001-1400
580,Secondary,GA-303,0.00010724589448361999,1001-1400
581,Secondary,GA-303,0.00029470075963128,1001-1400
582,Secondary,GA-303,0.00045511870095954,1001-1400
583,Tertiary,GA-303,0.00013338101750859,1001-1400
584,Secondary,GA-303,0.00010724589448361999,1001-1400
585,Tertiary,GA-303,0.0005623645954431599,1001-1400
586,Tertiary,GA-303,8.019007064745225e-05,1001-1400
587,Tertiary,GA-303,0.0005623645954431599,1001-1400
588,Tertiary,GA-303,0.00013338101750859,1401-1800
590,Tertiary,GA-303,0.00016041794132817,1401-1800
591,Tertiary,GA-303,0.00016041794132817,1401-1800
592,Tertiary,GA-303,2.700002378702096e-05,1401-1800
593,Tertiary,GA-303,2.700002378702096e-05,1401-1800
594,Tertiary,GA-303,0.00032083588265634,1401-1800
595,Tertiary,GA-303,2.700002378702096e-05,1401-1800
596,Secondary,GA-303,0.00018745486514766,1401-1800
597,Secondary,GA-303,0.0005082916478049,1401-1800
598,Secondary,GA-303,0.00072278253677133,1401-1800
599,Tertiary,GA-303,0.00018745486514766,>1800
600,Primary,GA-303,0.00363914870608998,601-1000
601,Primary,GA-303,0.00406723138323084,301-600
602,Primary,GA-303,0.00018745486514766,301-600
603,Primary,GA-303,0.00016041794132817,301-600
604,Primary,GA-303,0.0033985217940976802,301-600
605,Primary,GA-303,0.00294340309313805,301-600
606,Primary,GA-303,0.0077334161131395905,301-600
607,Primary,GA-303,0.00066870958913307,301-600
608,Primary,GA-303,0.0005082916478049,301-600
609,Primary,GA-303,0.00026766383581179,301-600
610,Primary,GA-303,0.00125811110839581,601-1000
611,Primary,GA-303,0.0007489185597972,601-1000
612,Secondary,GA-303,0.0002406269119923,601-1000
613,Primary,GA-303,0.00029470075963128,301-600
614,Secondary,GA-303,0.00029470075963128,301-600
615,Secondary,GA-303,0.00066870958913307,301-600
616,Secondary,GA-303,0.00061553664228771,301-600
617,Secondary,GA-303,0.0005082916478049,301-600
618,Secondary,GA-303,0.0006425735661072901,301-600
619,Secondary,GA-303,0.00026766383581179,301-600
620,Primary,GA-303,0.00072278253677133,301-600
622,Primary,GA-303,0.0005885006184690299,301-600
623,Secondary,GA-303,0.00018745486514766,301-600
624,Secondary,GA-303,0.00034787280647592,301-600
625,Secondary,GA-303,0.00010724589448361999,301-600
626,Primary,GA-303,0.00016041794132817,301-600
627,Primary,GA-303,0.00040104575332128,301-600
628,Primary,GA-303,0.00032083588265634,301-600
629,Secondary,GA-303,0.00045511870095954,301-600
630,Primary,GA-303,0.0020602017150376504,301-600
631,Primary,GA-303,0.00230173042782447,301-600
633,Primary,GA-303,0.0021404106857017802,301-600
635,Secondary,GA-303,8.019007064745225e-05,601-1000
636,Primary,GA-303,0.00034787280647592,301-600
637,Primary,GA-303,0.00034787280647592,301-600
638,Secondary,GA-303,0.00029470075963128,301-600
639,Secondary,GA-303,0.00016041794132817,301-600
640,Secondary,GA-303,0.0017393649323805,601-1000
641,Secondary,GA-303,0.00195385672134774,601-1000
644,Secondary,GA-303,5.31900468604313e-05,601-1000
645,Secondary,GA-303,0.00010724589448361999,601-1000
646,Secondary,GA-303,5.31900468604313e-05,601-1000
647,Secondary,GA-303,0.00018745486514766,601-1000
648,Secondary,GA-303,0.00091023740191908,601-1000
650,Secondary,GA-303,8.019007064745225e-05,301-600
651,Primary,GA-303,0.0002406269119923,301-600
652,Secondary,GA-303,0.0005885006184690299,301-600
653,Secondary,GA-303,0.00080299240743627,601-1000
654,Primary,GA-303,0.00032083588265634,301-600
655,Secondary,GA-303,0.00029470075963128,301-600
656,Secondary,GA-303,0.00042808177713996005,301-600
657,Secondary,GA-303,0.00072278253677133,301-600
658,Secondary,GA-303,0.00099044727258402,301-600
660,Secondary,GA-303,0.00093637342494495,601-1000
661,Secondary,GA-303,0.00018745486514766,601-1000
662,Secondary,GA-303,0.0005082916478049,601-1000
664,Secondary,GA-303,0.00018745486514766,601-1000
665,Secondary,GA-303,0.00034787280647592,601-1000
666,Secondary,GA-303,0.00045511870095954,601-1000
667,Secondary,GA-303,0.00018745486514766,601-1000
668,Secondary,GA-303,8.019007064745225e-05,601-1000
669,Secondary,GA-303,5.31900468604313e-05,601-1000
670,Secondary,GA-303,0.00042808177713996005,601-1000
671,Secondary,GA-303,0.00013338101750859,601-1000
672,Secondary,GA-303,0.0011508652139121899,601-1000
673,Secondary,GA-303,5.31900468604313e-05,601-1000
674,Secondary,GA-303,0.00013338101750859,601-1000
675,Secondary,GA-303,0.00010724589448361999,601-1000
676,Secondary,GA-303,0.00016041794132817,601-1000
677,Secondary,GA-303,5.31900468604313e-05,1001-1400
678,Secondary,GA-303,0.00013338101750859,601-1000
679,Secondary,GA-303,5.31900468604313e-05,601-1000
680,Secondary,GA-303,0.00061553664228771,601-1000
681,Secondary,GA-303,0.00139149212590449,601-1000
683,Tertiary,GA-303,5.31900468604313e-05,601-1000
684,Tertiary,GA-303,2.700002378702096e-05,601-1000
685,Tertiary,GA-303,0.00091023740191908,601-1000
686,Tertiary,GA-303,2.700002378702096e-05,601-1000
687,Secondary,GA-303,0.00013338101750859,601-1000
688,Tertiary,GA-303,0.00018745486514766,601-1000
689,Tertiary,GA-303,2.700002378702096e-05,601-1000
690,Secondary,GA-303,2.700002378702096e-05,1001-1400
691,Secondary,GA-303,5.31900468604313e-05,1001-1400
693,Secondary,GA-303,0.00010724589448361999,1001-1400
700,Tertiary,GA-303,0.00147170109656862,301-600
701,Tertiary,GA-303,0.00109679136627312,301-600
703,Secondary,GA-303,0.0005353276716236699,301-600
704,Tertiary,GA-303,0.00128424623142087,301-600
705,Secondary,GA-303,0.0009634103487644401,301-600
706,Secondary,GA-303,0.00080299240743627,301-600
707,Secondary,GA-303,0.00061553664228771,301-600
708,Secondary,GA-303,0.0008832013781004001,301-600
710,Secondary,GA-303,0.00018745486514766,301-600
711,Secondary,GA-303,0.00066870958913307,301-600
712,Secondary,GA-303,0.00066870958913307,301-600
713,Secondary,GA-303,0.00021449178896723999,301-600
714,Secondary,GA-303,0.0005082916478049,301-600
716,Secondary,GA-303,0.00013338101750859,301-600
718,Secondary,GA-303,0.00013338101750859,301-600
719,Secondary,GA-303,0.0002406269119923,301-600
720,Secondary,GA-303,0.0009634103487644401,301-600
721,Secondary,GA-303,0.00099044727258402,301-600
722,Secondary,GA-303,0.0006957465129526501,301-600
723,Secondary,GA-303,8.019007064745225e-05,301-600
724,Secondary,GA-303,0.00045511870095954,301-600
725,Secondary,GA-303,0.00021449178896723999,301-600
726,Secondary,GA-303,0.00026766383581179,301-600
727,Secondary,GA-303,0.00120403726075674,301-600
728,Secondary,GA-303,5.31900468604313e-05,301-600
729,Secondary,GA-303,0.0005885006184690299,301-600
730,Primary,GA-303,0.00144466417274913,601-1000
731,Primary,GA-303,0.00195385672134774,601-1000
734,Primary,GA-303,0.00013338101750859,601-1000
735,Primary,GA-303,0.00045511870095954,601-1000
736,Primary,GA-303,0.00010724589448361999,601-1000
737,Primary,GA-303,0.00026766383581179,601-1000
739,Secondary,GA-303,0.00013338101750859,601-1000
740,Primary,GA-303,0.0021404106857017802,601-1000
741,Primary,GA-303,0.0009634103487644401,601-1000
743,Secondary,GA-303,0.00018745486514766,601-1000
744,Secondary,GA-303,0.00032083588265634,601-1000
745,Secondary,GA-303,0.00013338101750859,601-1000
746,Primary,GA-303,0.00010724589448361999,601-1000
747,Secondary,GA-303,0.00010724589448361999,601-1000
748,Primary,GA-303,0.00040104575332128,601-1000
749,Secondary,GA-303,0.00013338101750859,601-1000
750,Primary,GA-303,0.00495043186133043,601-1000
751,Primary,GA-303,0.00179253787922586,601-1000
752,Primary,GA-303,0.0035057676885813004,601-1000
754,Primary,GA-303,0.00091023740191908,601-1000
755,Secondary,GA-303,0.00018745486514766,301-600
756,Secondary,GA-303,0.0005082916478049,601-1000
757,Primary,GA-303,0.00042808177713996005,601-1000
758,Secondary,GA-303,0.00021449178896723999,601-1000
759,Secondary,GA-303,0.00032083588265634,601-1000
760,Primary,GA-303,0.0021142755626767204,601-1000
761,Primary,GA-303,0.00133832007905994,601-1000
762,Primary,GA-303,0.00147170109656862,601-1000
763,Secondary,GA-303,0.00021449178896723999,601-1000
764,Primary,GA-303,0.00016041794132817,601-1000
765,Secondary,GA-303,0.00139149212590449,601-1000
766,Primary,GA-303,2.700002378702096e-05,601-1000
767,Primary,GA-303,0.00042808177713996005,601-1000
768,Secondary,GA-303,0.00010724589448361999,601-1000
769,Secondary,GA-303,0.00034787280647592,601-1000
770,Primary,GA-303,0.005886805286275379,601-1000
773,Primary,GA-303,0.0027829842518090698,601-1000
774,Primary,GA-303,0.00345169384094223,601-1000
775,Primary,GA-303,0.00219448453334085,601-1000
776,Primary,GA-303,0.0007489185597972,601-1000
777,Primary,GA-303,0.0002406269119923,601-1000
778,Primary,GA-303,0.0005885006184690299,601-1000
779,Primary,GA-303,0.00037490973029541,601-1000
780,Primary,GA-303,0.0008832013781004001,601-1000
781,Primary,GA-303,0.0009634103487644401,601-1000
782,Primary,GA-303,0.00452235008419038,601-1000
783,Secondary,GA-303,0.0002406269119923,601-1000
784,Secondary,GA-303,0.00109679136627312,601-1000
785,Secondary,GA-303,0.0024882834921777,601-1000
786,Primary,GA-303,0.00208723863885723,601-1000
787,Primary,GA-303,0.0026225663104809003,601-1000
788,Primary,GA-303,0.00010724589448361999,601-1000
789,Primary,GA-303,8.019007064745225e-05,601-1000
790,Secondary,GA-303,0.00021449178896723999,601-1000
791,Secondary,GA-303,0.0005082916478049,601-1000
792,Secondary,GA-303,5.31900468604313e-05,601-1000
793,Secondary,GA-303,0.00016041794132817,1001-1400
794,Secondary,GA-303,0.00091023740191908,1001-1400
795,Secondary,GA-303,2.700002378702096e-05,601-1000
796,Secondary,GA-303,0.00042808177713996005,601-1000
797,Secondary,GA-303,0.0010436193194285702,1001-1400
798,Primary,GA-303,0.00016041794132817,1001-1400
799,Primary,GA-303,0.00289023014629269,1001-1400
800,Primary,GA-303,0.00401405843638548,1001-1400
801,Primary,GA-303,0.00984769167581631,1001-1400
802,Primary,GA-303,0.01469087764266312,1001-1400
803,Primary,GA-303,0.0005623645954431599,1001-1400
804,Primary,GA-303,0.0008561644542808201,1001-1400
805,Primary,GA-303,0.00543168658531584,1001-1400
806,Primary,GA-303,0.0018727468498899,1001-1400
807,Secondary,GA-303,0.00040104575332128,1001-1400
808,Primary,GA-303,0.0005082916478049,1001-1400
809,Primary,GA-303,0.00272981220496452,1001-1400
810,Secondary,GA-303,0.0009634103487644401,1001-1400
811,Secondary,GA-303,0.00029470075963128,1001-1400
812,Secondary,GA-303,0.00029470075963128,1001-1400
813,Secondary,GA-303,0.00013338101750859,1001-1400
814,Secondary,GA-303,0.00010724589448361999,1001-1400
815,Secondary,GA-303,0.00061553664228771,1001-1400
816,Secondary,GA-303,0.00077595548361678,1001-1400
820,Secondary,GA-303,0.00026766383581179,1001-1400
823,Secondary,GA-303,0.00016041794132817,1001-1400
824,Tertiary,GA-303,0.00016041794132817,1401-1800
825,Secondary,GA-303,5.31900468604313e-05,1401-1800
826,Secondary,GA-303,8.019007064745225e-05,1001-1400
828,Tertiary,GA-303,2.700002378702096e-05,1401-1800
829,Secondary,GA-303,0.00010724589448361999,1401-1800
830,Secondary,GA-303,2.700002378702096e-05,1401-1800
831,Secondary,GA-303,2.700002378702096e-05,1401-1800
832,Secondary,GA-303,0.00029470075963128,1401-1800
833,Secondary,GA-303,0.00018745486514766,1401-1800
834,Secondary,GA-303,0.0006957465129526501,1401-1800
835,Secondary,GA-303,0.00021449178896723999,>1800
836,Primary,GA-303,0.00203406569201187,>1800
837,Primary,GA-303,0.00195385672134774,>1800
838,Secondary,GA-303,0.0005082916478049,>1800
840,Primary,GA-303,0.00492339493751094,1401-1800
841,Primary,GA-303,0.00208723863885723,1401-1800
843,Primary,GA-303,0.00045511870095954,1401-1800
844,Primary,GA-303,0.00077595548361678,1401-1800
845,Secondary,GA-303,5.31900468604313e-05,1401-1800
846,Primary,GA-303,0.0005623645954431599,1401-1800
847,Secondary,GA-303,0.00099044727258402,1401-1800
850,Primary,GA-303,0.0041213043308691005,1401-1800
851,Primary,GA-303,0.00147170109656862,1401-1800
852,Primary,GA-303,0.00901766324456127,1401-1800
853,Primary,GA-303,0.00877703543256816,1401-1800
855,Primary,GA-303,0.00021449178896723999,1401-1800
856,Secondary,GA-303,0.00048125472398541,1401-1800
857,Secondary,GA-303,0.00222061965636591,1401-1800
859,Secondary,GA-303,0.00021449178896723999,1401-1800
860,Secondary,GA-303,0.00042808177713996005,1401-1800
863,Primary,GA-303,0.00042808177713996005,1401-1800
864,Primary,GA-303,0.0006957465129526501,1401-1800
865,Secondary,GA-303,5.31900468604313e-05,1401-1800
870,Secondary,GA-303,0.00048125472398541,1001-1400
871,Secondary,GA-303,0.0030236120638021803,1001-1400
873,Secondary,GA-303,8.019007064745225e-05,1001-1400
874,Secondary,GA-303,0.00013338101750859,1001-1400
875,Secondary,GA-303,0.00034787280647592,1001-1400
877,Secondary,GA-303,2.700002378702096e-05,1001-1400
880,Secondary,GA-303,0.0006957465129526501,1001-1400
881,Secondary,GA-303,0.00018745486514766,1001-1400
882,Secondary,GA-303,0.00099044727258402,1001-1400
883,Secondary,GA-303,0.00021449178896723999,1001-1400
884,Secondary,GA-303,5.31900468604313e-05,1001-1400
890,Primary,GA-303,0.0035589397354258505,1401-1800
891,Primary,GA-303,0.00586067016325041,1401-1800
894,Secondary,GA-303,0.00120403726075674,>1800
895,Secondary,GA-303,0.00147170109656862,>1800
897,Secondary,GA-303,0.00029470075963128,>1800
898,Secondary,GA-303,0.00021449178896723999,1401-1800
900,Primary,GA-303,0.00668979769371174,>1800
902,Primary,GA-303,0.00331831282343355,>1800
903,Primary,GA-303,0.00032083588265634,>1800
904,Primary,GA-303,0.00032083588265634,>1800
905,Primary,GA-303,0.0005353276716236699,>1800
906,Primary,GA-303,0.00243511144533315,>1800
907,Primary,GA-303,0.0021404106857017802,>1800
908,Primary,GA-303,0.00133832007905994,>1800
910,Primary,GA-303,0.00091023740191908,>1800
911,Primary,GA-303,0.00037490973029541,>1800
912,Primary,GA-303,0.0005082916478049,>1800
913,Primary,GA-303,0.005245132620961801,>1800
914,Primary,GA-303,0.00144466417274913,>1800
915,Primary,GA-303,0.00040104575332128,>1800
916,Primary,GA-303,0.0008832013781004001,>1800
917,Primary,GA-303,0.0051108498026586,>1800
918,Primary,GA-303,0.00034787280647592,>1800
919,Secondary,GA-303,0.00165915596171637,>1800
920,Primary,GA-303,0.00323810385276942,>1800
921,Secondary,GA-303,0.00404109536020497,>1800
922,Secondary,GA-303,0.00315789398210457,>1800
923,Primary,GA-303,0.0037734315243930895,>1800
924,Primary,GA-303,0.00040104575332128,>1800
925,Primary,GA-303,0.00543168658531584,>1800
926,Primary,GA-303,0.0043889681666808905,>1800
927,Primary,GA-303,0.00165915596171637,>1800
928,Primary,GA-303,0.00393384946572135,>1800
930,Primary,GA-303,0.00197999274437352,>1800
931,Primary,GA-303,0.0006425735661072901,>1800
932,Secondary,GA-303,0.00176640185619999,>1800
933,Primary,GA-303,0.00109679136627312,>1800
934,Secondary,GA-303,0.00120403726075674,>1800
935,Primary,GA-303,0.0018466108268641202,>1800
936,Secondary,GA-303,0.00139149212590449,>1800
937,Secondary,GA-303,0.00152487404341398,>1800
939,Primary,GA-303,0.0005082916478049,>1800
940,Primary,GA-303,0.00203406569201187,>1800
941,Primary,GA-303,0.00125811110839581,>1800
943,Primary,GA-303,8.019007064745225e-05,>1800
944,Primary,GA-303,0.00021449178896723999,>1800
945,Primary,GA-303,0.00583363323943083,>1800
946,Primary,GA-303,0.0008561644542808201,>1800
947,Primary,GA-303,5.31900468604313e-05,>1800
948,Primary,GA-303,0.00029470075963128,>1800
949,Primary,GA-303,0.00080299240743627,>1800
950,Primary,GA-303,0.0018466108268641202,>1800
951,Primary,GA-303,0.0023819393984886,>1800
952,Primary,GA-303,0.00160598391487182,>1800
953,Primary,GA-303,0.0035057676885813004,>1800
954,Primary,GA-303,0.0008561644542808201,>1800
955,Secondary,GA-303,0.0002406269119923,>1800
956,Primary,GA-303,0.0031038210344663097,>1800
957,Primary,GA-303,0.00077595548361678,>1800
958,Primary,GA-303,0.00208723863885723,>1800
959,Secondary,GA-303,0.00128424623142087,>1800
960,Secondary,GA-303,0.0010436193194285702,>1800
961,Secondary,GA-303,0.00040104575332128,>1800
970,Primary,GA-303,0.0022476565801854,>1800
971,Primary,GA-303,0.0008832013781004001,>1800
972,Primary,GA-303,0.0030776850114404403,>1800
973,Primary,GA-303,0.0012310741845763201,>1800
974,Secondary,GA-303,0.00128424623142087,>1800
975,Secondary,GA-303,0.0008291275304613301,>1800
976,Secondary,GA-303,0.0002406269119923,>1800
977,Secondary,GA-303,0.0005082916478049,>1800
978,Secondary,GA-303,5.31900468604313e-05,>1800
979,Primary,GA-303,8.019007064745225e-05,>1800
980,Primary,GA-303,0.0031038210344663097,>1800
981,Primary,GA-303,0.00275594732798958,>1800
982,Primary,GA-303,0.00232786555084953,>1800
983,Primary,GA-303,0.00272981220496452,>1800
984,Primary,GA-303,0.0010436193194285702,>1800
985,Primary,GA-303,0.0014185290497240699,>1800
986,Primary,GA-303,0.00171232890856173,>1800
988,Secondary,GA-303,0.0005353276716236699,>1800
989,Secondary,GA-303,0.00101658239560908,>1800
990,Secondary,GA-303,0.00029470075963128,>1800
992,Secondary,GA-303,0.00093637342494495,>1800
993,Secondary,GA-303,0.0008561644542808201,>1800
994,Secondary,GA-303,2.700002378702096e-05,>1800
