zip3,market_type,pmf_norm,preferred_fc,preferred_fc_zip3,preferred_fc_distance,preferred_bucket,fc_set,fc_count,cluster_id,lat,lon
10,Primary,0.0020217497811615,GA-303,303,863,601-1000,['GA-303'],1,0,42.22159842,-72.57355816
11,Primary,0.0011595770215873,GA-303,303,858,601-1000,['GA-303'],1,0,42.10577295,-72.58373891
12,Secondary,0.000564768497561,GA-303,303,845,601-1000,['GA-303'],1,0,42.39659452,-73.23757603
13,Primary,0.0001482011305651,GA-303,303,880,601-1000,['GA-303'],1,0,42.57895574,-72.54004426
14,Primary,0.0007430106545923,GA-303,303,913,601-1000,['GA-303'],1,0,42.56623253,-71.6967241
15,Primary,0.0014569812836005,GA-303,303,897,601-1000,['GA-303'],1,0,42.24197516,-71.76761484
16,Primary,0.0008030917075237,GA-303,303,897,601-1000,['GA-303'],1,0,42.26459123,-71.79338084
17,Primary,0.0011896180480535,GA-303,303,915,601-1000,['GA-303'],1,0,42.33511609,-71.41725034
18,Primary,0.0027948004622192,GA-303,303,935,601-1000,['GA-303'],1,0,42.60905578,-71.20474104
19,Primary,0.0022600729911243,GA-303,303,944,601-1000,['GA-303'],1,0,42.55964044,-70.9448446
20,Primary,0.0016051824141657,GA-303,303,921,601-1000,['GA-303'],1,0,42.18647637,-71.14535043
21,Primary,0.0056486819764888,GA-303,303,930,601-1000,['GA-303'],1,0,42.35170427,-71.07717596
22,Primary,0.0002974042620131,GA-303,303,931,601-1000,['GA-303'],1,0,42.35386118,-71.06993122
23,Primary,0.0019917087546954,GA-303,303,924,601-1000,['GA-303'],1,0,42.07787459,-70.96676733
24,Primary,0.0006538895760767,GA-303,303,926,601-1000,['GA-303'],1,0,42.35635691,-71.1822087
25,Primary,0.0004756464190444,GA-303,303,925,601-1000,['GA-303'],1,0,41.61678456,-70.56772206
26,Primary,0.0006248495504924,GA-303,303,943,601-1000,['GA-303'],1,0,41.71246484,-70.23067692
27,Primary,0.0021709519126086,GA-303,303,907,601-1000,['GA-303'],1,0,41.77048621,-71.09835991
28,Primary,0.002764759435753,GA-303,303,888,601-1000,['GA-303'],1,0,41.70319953,-71.46661189
29,Primary,0.0016652644670979,GA-303,303,894,601-1000,['GA-303'],1,0,41.8087759,-71.42421299
30,Primary,0.0014569812836005,GA-303,303,936,601-1000,['GA-303'],1,0,42.84900883,-71.43806364
31,Primary,0.0003865253405288,GA-303,303,941,601-1000,['GA-303'],1,0,42.99436347,-71.4652
32,Primary,0.0007430106545923,GA-303,303,956,601-1000,['GA-303'],1,0,43.48417588,-71.60856181
33,Primary,0.000267363235547,GA-303,303,947,601-1000,['GA-303'],1,0,43.2209,-71.55933
34,Primary,0.0001782421570313,GA-303,303,909,601-1000,['GA-303'],1,0,42.93445679,-72.20745802
35,Secondary,0.0001191621049818,GA-303,303,1011,1001-1400,['GA-303'],1,0,44.5527,-71.45347544
37,Secondary,0.0002974042620131,GA-303,303,944,601-1000,['GA-303'],1,0,43.68600566,-72.16861698
38,Primary,0.0016352234406318,GA-303,303,969,601-1000,['GA-303'],1,0,43.24875168,-71.02708603
39,Primary,0.0001482011305651,GA-303,303,979,601-1000,['GA-303'],1,0,43.18603846,-70.71189487
40,Primary,0.0011595770215873,GA-303,303,1011,1001-1400,['GA-303'],1,0,43.70327886,-70.459
41,Primary,0.0008030917075237,GA-303,303,1016,1001-1400,['GA-303'],1,0,43.65348226,-70.26322312
42,Secondary,0.0002974042620131,GA-303,303,1039,1001-1400,['GA-303'],1,0,44.27333841,-70.36711325
43,Secondary,0.0002082831834974,GA-303,303,1061,1001-1400,['GA-303'],1,0,44.28428242,-69.79427473
44,Secondary,0.0003865253405288,GA-303,303,1132,1001-1400,['GA-303'],1,0,45.02228895,-68.79468837
46,Secondary,0.0001482011305651,GA-303,303,1144,1001-1400,['GA-303'],1,0,44.59146195,-68.03332566
47,Tertiary,0.0001482011305651,GA-303,303,1231,1001-1400,['GA-303'],1,0,46.72181325,-68.11694217
48,Secondary,0.0002082831834974,GA-303,303,1083,1001-1400,['GA-303'],1,0,44.15387451,-69.11161961
49,Secondary,0.000267363235547,GA-303,303,1085,1001-1400,['GA-303'],1,0,44.70606,-69.65431842
50,Secondary,0.0001191621049818,GA-303,303,942,601-1000,['GA-303'],1,0,43.7951267,-72.35990682
51,Primary,0.0001191621049818,GA-303,303,911,601-1000,['GA-303'],1,0,43.28894746,-72.55720508
52,Secondary,8.910007849716916e-05,GA-303,303,880,601-1000,['GA-303'],1,0,43.06891636,-73.12794727
53,Primary,8.910007849716916e-05,GA-303,303,889,601-1000,['GA-303'],1,0,42.94292113,-72.7295507
54,Secondary,0.0006248495504924,GA-303,303,953,601-1000,['GA-303'],1,0,44.54390303,-73.10620947
56,Secondary,0.0003274452884792,GA-303,303,959,601-1000,['GA-303'],1,0,44.3038876,-72.57091405
57,Secondary,0.0003564843140626,GA-303,303,911,601-1000,['GA-303'],1,0,43.69014437,-73.07828411
60,Primary,0.0023491950696408,GA-303,303,818,601-1000,['GA-303'],1,0,41.9682,-73.4412
61,Primary,0.0007730516810585,GA-303,303,816,601-1000,['GA-303'],1,0,41.5522,-73.0443
62,Primary,0.0006248495504924,GA-303,303,852,601-1000,['GA-303'],1,0,41.6929,-72.3122
63,Primary,0.0013378191786186,GA-303,303,859,601-1000,['GA-303'],1,0,41.6163,-72.0827
64,Primary,0.0023191540431747,GA-303,303,835,601-1000,['GA-303'],1,0,41.3877,-72.4336
65,Primary,0.0010113748910212,GA-303,303,795,601-1000,['GA-303'],1,0,40.75607573,-72.78328693
66,Primary,0.0009512938380898,GA-303,303,794,601-1000,['GA-303'],1,0,41.1777,-73.1933
67,Primary,0.0008621727595742,GA-303,303,816,601-1000,['GA-303'],1,0,41.5522,-73.0443
68,Primary,0.0018134655976631,GA-303,303,778,601-1000,['GA-303'],1,0,41.0788,-73.4713
69,Primary,0.0003564843140626,GA-303,303,776,601-1000,['GA-303'],1,0,41.1003,-73.549
70,Primary,0.0081170381511106,GA-303,303,734,601-1000,['GA-303'],1,0,40.6674,-74.1146
71,Primary,0.0019626687291111,GA-303,303,735,601-1000,['GA-303'],1,0,40.7339,-74.1617
72,Primary,0.0013378191786186,GA-303,303,729,601-1000,['GA-303'],1,0,40.6965,-74.267
73,Primary,0.0009212528116237,GA-303,303,740,601-1000,['GA-303'],1,0,40.7148,-74.0371
74,Primary,0.0012186570736368,GA-303,303,750,601-1000,['GA-303'],1,0,41.0592,-74.1322
75,Primary,0.0009512938380898,GA-303,303,743,601-1000,['GA-303'],1,0,40.9125,-74.1653
76,Primary,0.0020217497811615,GA-303,303,747,601-1000,['GA-303'],1,0,40.887,-74.0391
77,Primary,0.0022600729911243,GA-303,303,725,601-1000,['GA-303'],1,0,40.3038,-73.9858
78,Primary,0.0011004969695378,GA-303,303,708,601-1000,['GA-303'],1,0,40.672,-74.7507
79,Primary,0.0007139706290081,GA-303,303,705,601-1000,['GA-303'],1,0,40.06206193,-74.22597178
80,Primary,0.0040434985623222,GA-303,303,655,601-1000,['GA-303'],1,0,39.36192889,-74.75292026
81,Primary,0.0007139706290081,GA-303,303,663,601-1000,['GA-303'],1,0,39.93994576,-75.10335695
82,Primary,0.0006538895760767,GA-303,303,642,601-1000,['GA-303'],1,0,39.0817,-74.8214
83,Primary,0.00151606133565,GA-303,303,648,601-1000,['GA-303'],1,0,39.47426061,-75.01237929
84,Primary,0.0004165663669949,GA-303,303,667,601-1000,['GA-303'],1,0,39.3365,-74.4828
85,Primary,0.0009212528116237,GA-303,303,689,601-1000,['GA-303'],1,0,39.89411341,-74.45477726
86,Primary,0.000981334864556,GA-303,303,690,601-1000,['GA-303'],1,0,40.22932944,-74.72748806
87,Primary,0.0016051824141657,GA-303,303,706,601-1000,['GA-303'],1,0,40.03073867,-74.191903
88,Primary,0.0036269321953272,GA-303,303,712,601-1000,['GA-303'],1,0,40.53162924,-74.5131388
89,Primary,0.000267363235547,GA-303,303,713,601-1000,['GA-303'],1,0,40.48942037,-74.44261806
100,Primary,0.0066300158410439,GA-303,303,743,601-1000,['GA-303'],1,0,40.74525552,-73.98520233
101,Primary,0.0002974042620131,GA-303,303,743,601-1000,['GA-303'],1,0,40.74727355,-73.9830577
103,Primary,0.0033595689597802,GA-303,303,731,601-1000,['GA-303'],1,0,40.60260336,-74.1228694
104,Primary,0.0062144504749308,GA-303,303,751,601-1000,['GA-303'],1,0,40.84227184,-73.88505434
105,Primary,0.0020517898076268,GA-303,303,767,601-1000,['GA-303'],1,0,41.11518994,-73.78099939
107,Primary,0.0004456063925792,GA-303,303,756,601-1000,['GA-303'],1,0,40.94393272,-73.86919228
108,Primary,0.0005056874455106,GA-303,303,759,601-1000,['GA-303'],1,0,40.93233725,-73.78483333
109,Primary,0.0021108708596772,GA-303,303,757,601-1000,['GA-303'],1,0,41.211135,-74.11537659
110,Primary,0.0004456063925792,GA-303,303,756,601-1000,['GA-303'],1,0,40.74237028,-73.67615728
111,Primary,0.00151606133565,GA-303,303,745,601-1000,['GA-303'],1,0,40.7491698,-73.94105235
112,Primary,0.0088900898321691,GA-303,303,741,601-1000,['GA-303'],1,0,40.66649174,-73.95393848
113,Primary,0.002764759435753,GA-303,303,748,601-1000,['GA-303'],1,0,40.74291633,-73.86860143
114,Primary,0.002497396200206,GA-303,303,749,601-1000,['GA-303'],1,0,40.69842097,-73.81199682
115,Primary,0.002646599331654,GA-303,303,758,601-1000,['GA-303'],1,0,40.72620155,-73.62281814
116,Primary,0.0003274452884792,GA-303,303,745,601-1000,['GA-303'],1,0,40.60472791,-73.81473256
117,Primary,0.0051730345574434,GA-303,303,774,601-1000,['GA-303'],1,0,40.78807368,-73.30625937
118,Primary,0.000267363235547,GA-303,303,763,601-1000,['GA-303'],1,0,40.75869444,-73.53503889
119,Primary,0.0011295359951212,GA-303,303,803,601-1000,['GA-303'],1,0,40.87343242,-72.71286301
120,Secondary,0.0013678602050848,GA-303,303,835,601-1000,['GA-303'],1,0,42.75112857,-73.92861229
121,Secondary,0.0010704559430716,GA-303,303,836,601-1000,['GA-303'],1,0,42.69234195,-73.84015671
122,Secondary,0.0007139706290081,GA-303,303,837,601-1000,['GA-303'],1,0,42.66180847,-73.76956911
123,Secondary,0.0007430106545923,GA-303,303,838,601-1000,['GA-303'],1,0,42.78925236,-73.90415864
124,Primary,0.0011595770215873,GA-303,303,794,601-1000,['GA-303'],1,0,42.03563672,-74.11526836
125,Primary,0.0024082751216903,GA-303,303,788,601-1000,['GA-303'],1,0,41.69834209,-73.89105316
126,Primary,5.910005206714588e-05,GA-303,303,786,601-1000,['GA-303'],1,0,41.69560833,-73.9233869
127,Primary,0.0002974042620131,GA-303,303,754,601-1000,['GA-303'],1,0,41.65489609,-74.71532109
128,Secondary,0.0004456063925792,GA-303,303,872,601-1000,['GA-303'],1,0,43.31938779,-73.67786374
129,Secondary,0.0006248495504924,GA-303,303,931,601-1000,['GA-303'],1,0,44.58697813,-73.8274599
130,Secondary,0.0008030917075237,GA-303,303,771,601-1000,['GA-303'],1,0,42.99775466,-76.20254689
131,Secondary,0.0002383242099636,GA-303,303,772,601-1000,['GA-303'],1,0,43.06662667,-76.29617611
132,Secondary,0.0013979012315509,GA-303,303,776,601-1000,['GA-303'],1,0,43.05455039,-76.14863619
133,Secondary,0.0002974042620131,GA-303,303,808,601-1000,['GA-303'],1,0,43.12366951,-75.23849512
134,Secondary,0.0009212528116237,GA-303,303,804,601-1000,['GA-303'],1,0,43.10408259,-75.33231194
135,Secondary,8.910007849716916e-05,GA-303,303,808,601-1000,['GA-303'],1,0,43.10318462,-75.22635192
136,Secondary,0.0013678602050848,GA-303,303,862,601-1000,['GA-303'],1,0,44.2923,-75.55557203
137,Secondary,0.0004165663669949,GA-303,303,745,601-1000,['GA-303'],1,0,42.20430511,-75.71403139
138,Secondary,0.0007139706290081,GA-303,303,754,601-1000,['GA-303'],1,0,42.31484412,-75.62288235
139,Secondary,0.0003274452884792,GA-303,303,733,601-1000,['GA-303'],1,0,42.10401583,-75.90619784
140,Secondary,0.0011295359951212,GA-303,303,693,601-1000,['GA-303'],1,0,42.83957564,-78.68910897
141,Secondary,0.0011896180480535,GA-303,303,695,601-1000,['GA-303'],1,0,42.89635879,-78.77738187
142,Secondary,0.0028538805142687,GA-303,303,694,601-1000,['GA-303'],1,0,42.90586967,-78.84116078
143,Secondary,0.000267363235547,GA-303,303,700,601-1000,['GA-303'],1,0,43.07818571,-79.01328036
144,Secondary,0.0011004969695378,GA-303,303,733,601-1000,['GA-303'],1,0,43.01512782,-77.55959839
145,Secondary,0.0009212528116237,GA-303,303,736,601-1000,['GA-303'],1,0,43.02661111,-77.4711828
146,Secondary,0.0026165583051878,GA-303,303,739,601-1000,['GA-303'],1,0,43.15380025,-77.61061104
147,Secondary,0.0008030917075237,GA-303,303,648,601-1000,['GA-303'],1,0,42.19690941,-78.9368995
148,Secondary,0.0008030917075237,GA-303,303,708,601-1000,['GA-303'],1,0,42.29343289,-76.99774497
149,Secondary,0.0001782421570313,GA-303,303,703,601-1000,['GA-303'],1,0,42.09806724,-76.79182759
150,Secondary,0.0010404149166055,GA-303,303,517,301-600,['GA-303'],1,0,40.48827386,-80.06192407
151,Secondary,0.0015761433885823,GA-303,303,516,301-600,['GA-303'],1,0,40.44208,-79.96457029
152,Secondary,0.0022600729911243,GA-303,303,516,301-600,['GA-303'],1,0,40.44167781,-79.98308384
153,Secondary,0.000564768497561,GA-303,303,492,301-600,['GA-303'],1,0,40.12427185,-80.16128992
154,Secondary,0.0001191621049818,GA-303,303,493,301-600,['GA-303'],1,0,39.95365,-79.74857363
155,Secondary,0.000267363235547,GA-303,303,524,301-600,['GA-303'],1,0,40.00922679,-78.83279464
156,Secondary,0.0007139706290081,GA-303,303,520,301-600,['GA-303'],1,0,40.33140295,-79.58745574
157,Secondary,0.0001191621049818,GA-303,303,557,301-600,['GA-303'],1,0,40.69903272,-79.0433963
158,Secondary,0.0001482011305651,GA-303,303,595,301-600,['GA-303'],1,0,41.23524105,-78.77409789
159,Secondary,8.910007849716916e-05,GA-303,303,542,301-600,['GA-303'],1,0,40.35897235,-78.87375176
160,Secondary,0.0008621727595742,GA-303,303,543,301-600,['GA-303'],1,0,40.87177742,-79.92391659
161,Secondary,0.0004165663669949,GA-303,303,549,301-600,['GA-303'],1,0,41.119136,-80.3581008
162,Secondary,0.0001782421570313,GA-303,303,567,301-600,['GA-303'],1,0,41.0390295,-79.41189353
163,Secondary,8.910007849716916e-05,GA-303,303,592,301-600,['GA-303'],1,0,41.56453208,-79.65535409
164,Secondary,0.0002383242099636,GA-303,303,605,601-1000,['GA-303'],1,0,41.88696429,-79.99716071
165,Secondary,0.0004165663669949,GA-303,303,617,601-1000,['GA-303'],1,0,42.11951227,-80.08246136
166,Secondary,0.0005948085240263,GA-303,303,567,301-600,['GA-303'],1,0,40.5086,-78.33891137
168,Secondary,0.0001191621049818,GA-303,303,600,301-600,['GA-303'],1,0,40.89835472,-77.98498962
169,Secondary,3.0000026430023288e-05,GA-303,303,672,601-1000,['GA-303'],1,0,41.82211053,-77.30583789
170,Primary,0.0023782340952242,GA-303,303,607,601-1000,['GA-303'],1,0,40.3307,-76.94386764
171,Primary,0.0006538895760767,GA-303,303,607,601-1000,['GA-303'],1,0,40.26888145,-76.86055597
172,Primary,0.0006248495504924,GA-303,303,559,301-600,['GA-303'],1,0,39.96023529,-77.73703309
173,Primary,0.0011595770215873,GA-303,303,591,301-600,['GA-303'],1,0,39.91429771,-76.83668211
174,Primary,0.0004456063925792,GA-303,303,597,301-600,['GA-303'],1,0,39.96253563,-76.721075
175,Primary,0.0007430106545923,GA-303,303,622,601-1000,['GA-303'],1,0,40.0787199,-76.24097704
176,Primary,0.000832131733108,GA-303,303,617,601-1000,['GA-303'],1,0,40.04796608,-76.3200386
177,Secondary,0.0008030917075237,GA-303,303,649,601-1000,['GA-303'],1,0,41.25440132,-77.08451711
178,Secondary,0.0006248495504924,GA-303,303,644,601-1000,['GA-303'],1,0,40.91138511,-76.71143936
179,Primary,0.0003274452884792,GA-303,303,653,601-1000,['GA-303'],1,0,40.71563333,-76.21331714
180,Primary,0.0025274372266721,GA-303,303,679,601-1000,['GA-303'],1,0,40.62422628,-75.41782569
181,Primary,0.0007139706290081,GA-303,303,675,601-1000,['GA-303'],1,0,40.58665963,-75.48004667
182,Primary,0.0010113748910212,GA-303,303,673,601-1000,['GA-303'],1,0,40.91117327,-75.91078119
183,Primary,0.0011004969695378,GA-303,303,705,601-1000,['GA-303'],1,0,41.04724939,-75.24029085
184,Primary,0.0012787391265691,GA-303,303,720,601-1000,['GA-303'],1,0,41.53036893,-75.46419322
185,Primary,0.0004165663669949,GA-303,303,706,601-1000,['GA-303'],1,0,41.39919606,-75.68046897
186,Secondary,0.0003274452884792,GA-303,303,691,601-1000,['GA-303'],1,0,41.30784775,-75.94537416
187,Primary,0.0007730516810585,GA-303,303,691,601-1000,['GA-303'],1,0,41.24694724,-75.88343681
188,Secondary,0.0002082831834974,GA-303,303,711,601-1000,['GA-303'],1,0,41.81512832,-76.12135487
189,Primary,0.0011295359951212,GA-303,303,676,601-1000,['GA-303'],1,0,40.29460743,-75.13967883
190,Primary,0.0037761353267752,GA-303,303,663,601-1000,['GA-303'],1,0,40.04971981,-75.19010931
191,Primary,0.0057087630294202,GA-303,303,662,601-1000,['GA-303'],1,0,39.98244557,-75.15100769
193,Primary,0.0011595770215873,GA-303,303,643,601-1000,['GA-303'],1,0,39.97870243,-75.61172708
194,Primary,0.0011004969695378,GA-303,303,660,601-1000,['GA-303'],1,0,40.14909193,-75.36631969
195,Primary,0.000981334864556,GA-303,303,652,601-1000,['GA-303'],1,0,40.37234731,-75.82671183
196,Primary,0.0009212528116237,GA-303,303,646,601-1000,['GA-303'],1,0,40.32961781,-75.9111668
197,Primary,0.0016051824141657,GA-303,303,628,601-1000,['GA-303'],1,0,39.67063322,-75.65360909
198,Primary,0.0009212528116237,GA-303,303,635,601-1000,['GA-303'],1,0,39.74372985,-75.56226797
199,Primary,0.0015761433885823,GA-303,303,607,601-1000,['GA-303'],1,0,38.88058095,-75.42778852
200,Primary,0.0027948004622192,GA-303,303,537,301-600,['GA-303'],1,0,38.91072436,-77.03283497
201,Primary,0.0036269321953272,GA-303,303,521,301-600,['GA-303'],1,0,38.90325843,-77.40995754
206,Primary,0.0012186570736368,GA-303,303,531,301-600,['GA-303'],1,0,38.52837802,-76.80524593
207,Primary,0.0032404068547984,GA-303,303,546,301-600,['GA-303'],1,0,38.96671509,-76.8871367
208,Primary,0.0018435066241293,GA-303,303,540,301-600,['GA-303'],1,0,39.07738908,-77.13893504
209,Primary,0.0004756464190444,GA-303,303,543,301-600,['GA-303'],1,0,39.0233881,-77.02748367
210,Primary,0.0022891130167085,GA-303,303,572,301-600,['GA-303'],1,0,39.29973353,-76.6165766
211,Primary,0.0019917087546954,GA-303,303,570,301-600,['GA-303'],1,0,39.31982141,-76.66981463
212,Primary,0.0039243364573404,GA-303,303,571,301-600,['GA-303'],1,0,39.30355192,-76.62872847
214,Primary,0.0003274452884792,GA-303,303,561,301-600,['GA-303'],1,0,38.9896406,-76.54905789
215,Secondary,0.0004165663669949,GA-303,303,496,301-600,['GA-303'],1,0,39.57773953,-78.96976628
216,Primary,0.000564768497561,GA-303,303,578,301-600,['GA-303'],1,0,38.86673676,-76.05069081
217,Primary,0.0017844265720798,GA-303,303,547,301-600,['GA-303'],1,0,39.44913587,-77.382995
218,Primary,0.0003865253405288,GA-303,303,581,301-600,['GA-303'],1,0,38.36056166,-75.58505389
219,Primary,0.0005056874455106,GA-303,303,609,601-1000,['GA-303'],1,0,39.56120375,-75.99228125
220,Primary,0.0007430106545923,GA-303,303,527,301-600,['GA-303'],1,0,38.86234783,-77.22257693
221,Primary,0.0014269402571343,GA-303,303,526,301-600,['GA-303'],1,0,38.83510377,-77.22143642
222,Primary,0.0005347274710949,GA-303,303,533,301-600,['GA-303'],1,0,38.88123443,-77.10090017
223,Primary,0.0009512938380898,GA-303,303,531,301-600,['GA-303'],1,0,38.83112862,-77.1054273
224,Primary,0.0008030917075237,GA-303,303,497,301-600,['GA-303'],1,0,38.23108786,-77.30653931
225,Primary,0.0004756464190444,GA-303,303,497,301-600,['GA-303'],1,0,38.15327143,-77.24898469
226,Primary,0.0005948085240263,GA-303,303,498,301-600,['GA-303'],1,0,39.07277338,-78.19579286
227,Primary,0.0002383242099636,GA-303,303,475,301-600,['GA-303'],1,0,38.45003061,-78.03821939
228,Secondary,0.0003274452884792,GA-303,303,447,301-600,['GA-303'],1,0,38.50563333,-78.81185
229,Secondary,0.0007730516810585,GA-303,303,435,301-600,['GA-303'],1,0,38.04090567,-78.55812933
230,Secondary,0.0013378191786186,GA-303,303,469,301-600,['GA-303'],1,0,37.62949356,-77.41682772
231,Secondary,0.0007139706290081,GA-303,303,474,301-600,['GA-303'],1,0,37.4998441,-77.22245983
232,Secondary,0.0016943044926822,GA-303,303,464,301-600,['GA-303'],1,0,37.54388316,-77.47156195
233,Secondary,0.000564768497561,GA-303,303,512,301-600,['GA-303'],1,0,37.00132646,-76.13837831
234,Secondary,0.0022891130167085,GA-303,303,508,301-600,['GA-303'],1,0,36.95177949,-76.19095487
235,Secondary,0.0006248495504924,GA-303,303,501,301-600,['GA-303'],1,0,36.86433079,-76.28011677
236,Secondary,0.001932627702645,GA-303,303,498,301-600,['GA-303'],1,0,37.08132778,-76.46009571
237,Secondary,0.0003865253405288,GA-303,303,499,301-600,['GA-303'],1,0,36.84195069,-76.31723889
238,Secondary,0.0017243445191475,GA-303,303,454,301-600,['GA-303'],1,0,37.14932953,-77.38776316
239,Primary,0.0002082831834974,GA-303,303,405,301-600,['GA-303'],1,0,37.00231935,-78.31550242
240,Secondary,0.0008922137860403,GA-303,303,338,301-600,['GA-303'],1,0,37.20747706,-80.01200902
241,Secondary,0.0006839296025419,GA-303,303,327,301-600,['GA-303'],1,0,37.06934143,-80.10405429
242,Secondary,0.0003274452884792,GA-303,303,235,151-300,['GA-303'],1,0,36.81517643,-82.35745987
243,Secondary,0.0005948085240263,GA-303,303,277,151-300,['GA-303'],1,0,36.83753356,-81.11225503
244,Secondary,0.0004456063925792,GA-303,303,405,301-600,['GA-303'],1,0,38.04320667,-79.31057
245,Primary,0.0007139706290081,GA-303,303,372,301-600,['GA-303'],1,0,37.16149444,-79.15126608
246,Secondary,0.0002082831834974,GA-303,303,272,151-300,['GA-303'],1,0,37.17204028,-81.7817375
247,Secondary,0.0001782421570313,GA-303,303,303,301-600,['GA-303'],1,0,37.37688824,-81.17853529
249,Secondary,0.0002082831834974,GA-303,303,352,301-600,['GA-303'],1,0,37.83328475,-80.45680678
250,Secondary,0.0003564843140626,GA-303,303,346,301-600,['GA-303'],1,0,38.28920448,-81.51959701
251,Secondary,0.0001482011305651,GA-303,303,342,301-600,['GA-303'],1,0,38.26736075,-81.62581589
252,Secondary,0.0002974042620131,GA-303,303,367,301-600,['GA-303'],1,0,38.65841184,-81.59550921
253,Secondary,0.000267363235547,GA-303,303,347,301-600,['GA-303'],1,0,38.3517255,-81.6372055
254,Primary,0.0005347274710949,GA-303,303,520,301-600,['GA-303'],1,0,39.42938372,-78.08368837
255,Secondary,0.0002974042620131,GA-303,303,336,301-600,['GA-303'],1,0,38.35476786,-82.14961161
256,Secondary,0.0001191621049818,GA-303,303,301,301-600,['GA-303'],1,0,37.76249259,-82.0260037
257,Secondary,0.0003274452884792,GA-303,303,334,301-600,['GA-303'],1,0,38.41577699,-82.43553274
258,Secondary,0.0001191621049818,GA-303,303,328,301-600,['GA-303'],1,0,37.825463,-81.192217
259,Secondary,8.910007849716916e-05,GA-303,303,330,301-600,['GA-303'],1,0,37.79625,-81.0564381
260,Secondary,0.0004456063925792,GA-303,303,483,301-600,['GA-303'],1,0,40.15625591,-80.61938661
261,Secondary,0.0005056874455106,GA-303,303,412,301-600,['GA-303'],1,0,39.28909,-81.33790077
262,Secondary,0.000267363235547,GA-303,303,424,301-600,['GA-303'],1,0,38.86444066,-79.99928901
263,Secondary,0.0001191621049818,GA-303,303,430,301-600,['GA-303'],1,0,39.21827692,-80.45758462
264,Secondary,0.0002383242099636,GA-303,303,434,301-600,['GA-303'],1,0,39.25559726,-80.41546027
265,Secondary,0.0006538895760767,GA-303,303,462,301-600,['GA-303'],1,0,39.5895,-80.0849882
266,Secondary,3.0000026430023288e-05,GA-303,303,377,301-600,['GA-303'],1,0,38.45512727,-80.77590909
268,Secondary,0.0001482011305651,GA-303,303,461,301-600,['GA-303'],1,0,38.93795366,-79.0184878
270,Secondary,0.0005347274710949,GA-303,303,277,151-300,['GA-303'],1,0,36.17049502,-80.38823575
271,Primary,0.0006839296025419,GA-303,303,280,151-300,['GA-303'],1,0,36.09141046,-80.25698769
272,Primary,0.0014269402571343,GA-303,303,298,151-300,['GA-303'],1,0,35.95710716,-79.77658795
273,Primary,0.000832131733108,GA-303,303,305,301-600,['GA-303'],1,0,35.88759763,-79.59428538
274,Primary,0.0010404149166055,GA-303,303,301,301-600,['GA-303'],1,0,36.05700861,-79.79280196
275,Primary,0.0042217407193535,GA-303,303,353,301-600,['GA-303'],1,0,35.82887174,-78.63465029
276,Primary,0.0014870223100666,GA-303,303,351,301-600,['GA-303'],1,0,35.8020726,-78.6551966
277,Primary,0.0008922137860403,GA-303,303,343,301-600,['GA-303'],1,0,35.94769405,-78.88211162
278,Primary,0.0013077781521525,GA-303,303,411,301-600,['GA-303'],1,0,35.87348852,-77.5487614
279,Secondary,0.0007139706290081,GA-303,303,482,301-600,['GA-303'],1,0,36.14088453,-76.32125746
280,Secondary,0.0026756383572373,GA-303,303,218,151-300,['GA-303'],1,0,35.33906188,-80.99037833
281,Secondary,0.00151606133565,GA-303,303,228,151-300,['GA-303'],1,0,35.31159828,-80.76785226
282,Secondary,0.0026756383572373,GA-303,303,222,151-300,['GA-303'],1,0,35.21502079,-80.83265285
283,Primary,0.0024383161481565,GA-303,303,319,301-600,['GA-303'],1,0,35.01738742,-78.9475324
284,Secondary,0.0016051824141657,GA-303,303,361,301-600,['GA-303'],1,0,34.2891912,-78.08137156
285,Primary,0.0017844265720798,GA-303,303,411,301-600,['GA-303'],1,0,34.9859099,-77.28354777
286,Secondary,0.0015761433885823,GA-303,303,226,151-300,['GA-303'],1,0,35.94264222,-81.30105167
287,Secondary,0.0015461023621161,GA-303,303,148,51-150,['GA-303'],1,0,35.45591335,-82.64979975
288,Secondary,0.0006839296025419,GA-303,303,159,151-300,['GA-303'],1,0,35.58817723,-82.54401295
289,Primary,0.0001782421570313,GA-303,303,91,51-150,['GA-303'],1,0,35.088075,-83.868865
290,Secondary,0.0009512938380898,GA-303,303,198,151-300,['GA-303'],1,0,33.98978865,-80.8998922
291,Secondary,0.000981334864556,GA-303,303,204,151-300,['GA-303'],1,0,33.90319931,-80.79367674
292,Secondary,0.0005056874455106,GA-303,303,191,151-300,['GA-303'],1,0,34.0198117,-81.0258532
293,Secondary,0.0011295359951212,GA-303,303,156,151-300,['GA-303'],1,0,34.89395375,-81.929428
294,Secondary,0.0033305289341959,GA-303,303,258,151-300,['GA-303'],1,0,32.88681303,-80.02509611
295,Secondary,0.0013979012315509,GA-303,303,286,151-300,['GA-303'],1,0,33.99822153,-79.37769234
296,Secondary,0.0031512857762827,GA-303,303,124,51-150,['GA-303'],1,0,34.73092044,-82.462196
297,Secondary,0.0007730516810585,GA-303,303,205,151-300,['GA-303'],1,0,34.90712222,-81.01128778
298,Secondary,0.0001482011305651,GA-303,303,148,51-150,['GA-303'],1,0,33.53246422,-81.7971931
299,Secondary,0.0007430106545923,GA-303,303,225,151-300,['GA-303'],1,0,32.44946269,-80.81498109
300,Primary,0.0074331085485686,GA-303,303,7,<50,['GA-303'],1,0,33.87882718,-84.24722308
301,Primary,0.0029730426192505,GA-303,303,19,<50,['GA-303'],1,0,33.97785107,-84.61278737
302,Primary,0.0026756383572373,GA-303,303,23,<50,['GA-303'],1,0,33.49760013,-84.39142252
303,Primary,0.004430023902851,GA-303,303,0,<50,['GA-303'],1,0,33.82242118,-84.34254523
304,Secondary,0.0005347274710949,GA-303,303,161,151-300,['GA-303'],1,0,32.48343918,-82.06773196
305,Primary,0.0014569812836005,GA-303,303,45,<50,['GA-303'],1,0,34.33189276,-83.8383092
306,Primary,0.0013378191786186,GA-303,303,56,51-150,['GA-303'],1,0,33.90451178,-83.38081233
307,Primary,0.0008922137860403,GA-303,303,73,51-150,['GA-303'],1,0,34.69029569,-85.06255167
308,Secondary,0.0004456063925792,GA-303,303,126,51-150,['GA-303'],1,0,33.39659213,-82.21214724
309,Secondary,0.0004756464190444,GA-303,303,133,51-150,['GA-303'],1,0,33.48753421,-82.06129699
310,Primary,0.0006839296025419,GA-303,303,98,51-150,['GA-303'],1,0,32.62425137,-83.43419612
312,Primary,0.000267363235547,GA-303,303,79,51-150,['GA-303'],1,0,32.8358381,-83.64196667
313,Secondary,0.0009212528116237,GA-303,303,211,151-300,['GA-303'],1,0,31.93639896,-81.49039479
314,Secondary,0.000981334864556,GA-303,303,223,151-300,['GA-303'],1,0,32.0700884,-81.1176529
315,Secondary,0.0010404149166055,GA-303,303,221,151-300,['GA-303'],1,0,31.29840563,-82.00096162
316,Secondary,0.0004165663669949,GA-303,303,209,151-300,['GA-303'],1,0,30.92886067,-83.28538483
317,Secondary,0.0005056874455106,GA-303,303,163,151-300,['GA-303'],1,0,31.47418031,-83.95340051
318,Primary,0.0001482011305651,GA-303,303,92,51-150,['GA-303'],1,0,32.56099242,-84.86697576
319,Primary,0.000267363235547,GA-303,303,99,51-150,['GA-303'],1,0,32.47927346,-84.96985213
320,Secondary,0.002080829833211,GA-303,303,294,151-300,['GA-303'],1,0,30.13761429,-81.80804379
321,Primary,0.0013979012315509,GA-303,303,362,301-600,['GA-303'],1,0,29.28033024,-81.25835547
322,Secondary,0.0034486900382959,GA-303,303,290,151-300,['GA-303'],1,0,30.30075213,-81.63305956
323,Secondary,0.0006538895760767,GA-303,303,235,151-300,['GA-303'],1,0,30.41755655,-84.2583939
324,Secondary,0.0011595770215873,GA-303,303,249,151-300,['GA-303'],1,0,30.38547134,-85.67905612
325,Secondary,0.0019917087546954,GA-303,303,277,151-300,['GA-303'],1,0,30.46285326,-86.94394577
326,Primary,0.0013678602050848,GA-303,303,312,301-600,['GA-303'],1,0,29.61443468,-82.36344412
327,Primary,0.0036569732217934,GA-303,303,396,301-600,['GA-303'],1,0,28.67999853,-81.34017569
328,Primary,0.0049657523748278,GA-303,303,405,301-600,['GA-303'],1,0,28.52980184,-81.37025332
329,Primary,0.0018134655976631,GA-303,303,448,301-600,['GA-303'],1,0,28.15899052,-80.64259589
330,Primary,0.0064818147104787,GA-303,303,594,301-600,['GA-303'],1,0,25.95777195,-80.25858971
331,Primary,0.0078196338890974,GA-303,303,606,601-1000,['GA-303'],1,0,25.78771157,-80.24139668
333,Primary,0.0025574782531383,GA-303,303,585,301-600,['GA-303'],1,0,26.14805954,-80.17388352
334,Primary,0.0055305208723888,GA-303,303,559,301-600,['GA-303'],1,0,26.59437338,-80.10587723
335,Primary,0.0022600729911243,GA-303,303,413,301-600,['GA-303'],1,0,28.0939347,-82.29407331
336,Primary,0.0024383161481565,GA-303,303,417,301-600,['GA-303'],1,0,27.98146252,-82.47044567
337,Primary,0.0018134655976631,GA-303,303,419,301-600,['GA-303'],1,0,27.89427293,-82.73852559
338,Primary,0.0027948004622192,GA-303,303,435,301-600,['GA-303'],1,0,27.91676799,-81.75444563
339,Secondary,0.0028248414886853,GA-303,303,508,301-600,['GA-303'],1,0,26.74966989,-81.93435878
341,Primary,0.0008621727595742,GA-303,303,545,301-600,['GA-303'],1,0,26.22950586,-81.7687168
342,Secondary,0.0018435066241293,GA-303,303,461,301-600,['GA-303'],1,0,27.32596833,-82.48886278
344,Primary,0.0012787391265691,GA-303,303,350,301-600,['GA-303'],1,0,29.07456686,-82.21431716
346,Primary,0.0016943044926822,GA-303,303,397,301-600,['GA-303'],1,0,28.24635759,-82.63796978
347,Primary,0.0046383070863485,GA-303,303,405,301-600,['GA-303'],1,0,28.47366387,-81.51423972
349,Secondary,0.0013077781521525,GA-303,303,511,301-600,['GA-303'],1,0,27.25510366,-80.33700476
350,Secondary,0.0010704559430716,GA-303,303,137,51-150,['GA-303'],1,0,33.54527751,-86.70058997
351,Secondary,0.0003274452884792,GA-303,303,134,51-150,['GA-303'],1,0,33.49966525,-86.62874068
352,Secondary,0.0007430106545923,GA-303,303,144,51-150,['GA-303'],1,0,33.50463087,-86.80815558
354,Secondary,0.0004165663669949,GA-303,303,195,151-300,['GA-303'],1,0,33.16616844,-87.62999221
355,Secondary,3.0000026430023288e-05,GA-303,303,184,151-300,['GA-303'],1,0,33.9002525,-87.5478075
356,Secondary,0.0010113748910212,GA-303,303,176,151-300,['GA-303'],1,0,34.67768896,-87.23686269
357,Primary,0.0003865253405288,GA-303,303,138,51-150,['GA-303'],1,0,34.72508697,-86.49936092
358,Primary,0.0007139706290081,GA-303,303,144,51-150,['GA-303'],1,0,34.72759074,-86.60573215
359,Primary,0.0006248495504924,GA-303,303,100,51-150,['GA-303'],1,0,34.19955081,-86.02329234
360,Secondary,0.0007430106545923,GA-303,303,153,151-300,['GA-303'],1,0,32.17601956,-86.12245978
361,Secondary,0.0008621727595742,GA-303,303,151,151-300,['GA-303'],1,0,32.37579631,-86.29243219
362,Primary,0.0001782421570313,GA-303,303,84,51-150,['GA-303'],1,0,33.61636158,-85.78863892
363,Secondary,0.0001482011305651,GA-303,303,187,151-300,['GA-303'],1,0,31.30050563,-85.52091408
364,Secondary,8.910007849716916e-05,GA-303,303,229,151-300,['GA-303'],1,0,31.34653824,-86.95451176
365,Secondary,0.0004165663669949,GA-303,303,296,151-300,['GA-303'],1,0,30.76496287,-87.89512996
366,Tertiary,0.0004756464190444,GA-303,303,308,301-600,['GA-303'],1,0,30.68758851,-88.08793195
367,Secondary,0.0002082831834974,GA-303,303,201,151-300,['GA-303'],1,0,32.36677635,-87.33822568
368,Secondary,0.000267363235547,GA-303,303,102,51-150,['GA-303'],1,0,32.60137169,-85.35060091
369,Secondary,3.0000026430023288e-05,GA-303,303,249,151-300,['GA-303'],1,0,32.23942059,-88.20716176
370,Primary,0.0043999838763857,GA-303,303,217,151-300,['GA-303'],1,0,36.18684261,-86.86229019
371,Primary,0.0018134655976631,GA-303,303,201,151-300,['GA-303'],1,0,36.03438466,-86.65937709
372,Primary,0.0021409108861424,GA-303,303,211,151-300,['GA-303'],1,0,36.1509996,-86.77006301
373,Secondary,0.0014870223100666,GA-303,303,112,51-150,['GA-303'],1,0,35.23934523,-85.30571159
374,Primary,0.0005056874455106,GA-303,303,100,51-150,['GA-303'],1,0,35.04427954,-85.28285217
376,Secondary,0.0011004969695378,GA-303,303,208,151-300,['GA-303'],1,0,36.40340963,-82.45638924
377,Secondary,0.0007730516810585,GA-303,303,158,151-300,['GA-303'],1,0,36.08263647,-83.86576203
378,Secondary,0.0009212528116237,GA-303,303,154,151-300,['GA-303'],1,0,36.00896,-83.80920272
379,Secondary,0.0017243445191475,GA-303,303,149,51-150,['GA-303'],1,0,35.95953956,-83.95787445
380,Secondary,0.000981334864556,GA-303,303,321,301-600,['GA-303'],1,0,35.32547605,-89.66527763
381,Secondary,0.0015461023621161,GA-303,303,333,301-600,['GA-303'],1,0,35.12613147,-89.95737767
382,Secondary,0.0003865253405288,GA-303,303,304,301-600,['GA-303'],1,0,36.30005753,-88.77146027
383,Secondary,0.000564768497561,GA-303,303,276,151-300,['GA-303'],1,0,35.6366772,-88.66090521
384,Primary,0.0001782421570313,GA-303,303,195,151-300,['GA-303'],1,0,35.40914651,-87.17404884
385,Primary,0.000267363235547,GA-303,303,170,151-300,['GA-303'],1,0,36.1135733,-85.43378352
386,Secondary,0.0006538895760767,GA-303,303,315,301-600,['GA-303'],1,0,34.63221201,-89.75828539
387,Secondary,0.0001482011305651,GA-303,303,373,301-600,['GA-303'],1,0,33.57786094,-90.81078906
388,Secondary,0.0004756464190444,GA-303,303,250,151-300,['GA-303'],1,0,34.33971771,-88.6628559
389,Secondary,5.910005206714588e-05,GA-303,303,319,301-600,['GA-303'],1,0,33.7286777,-89.87988378
390,Tertiary,0.0001782421570313,GA-303,303,343,301-600,['GA-303'],1,0,32.44781421,-90.03795526
391,Tertiary,0.0002974042620131,GA-303,303,365,301-600,['GA-303'],1,0,32.22989195,-90.33702222
392,Tertiary,0.0001191621049818,GA-303,303,354,301-600,['GA-303'],1,0,32.31139378,-90.18122044
393,Secondary,0.0002974042620131,GA-303,303,279,151-300,['GA-303'],1,0,32.39680253,-88.84609675
394,Tertiary,0.0006538895760767,GA-303,303,337,301-600,['GA-303'],1,0,31.32761232,-89.30569804
395,Tertiary,0.0011004969695378,GA-303,303,357,301-600,['GA-303'],1,0,30.45880962,-88.97295534
396,Tertiary,0.0001782421570313,GA-303,303,400,301-600,['GA-303'],1,0,31.34079808,-90.53474679
397,Secondary,0.0001191621049818,GA-303,303,248,151-300,['GA-303'],1,0,33.54001564,-88.6337095
398,Secondary,0.0001482011305651,GA-303,303,180,151-300,['GA-303'],1,0,31.22755833,-84.63246806
400,Primary,0.0008621727595742,GA-303,303,303,301-600,['GA-303'],1,0,38.14045983,-85.35047406
401,Secondary,0.0008621727595742,GA-303,303,297,151-300,['GA-303'],1,0,37.88070144,-86.12891007
402,Primary,0.0027357204101696,GA-303,303,314,301-600,['GA-303'],1,0,38.23387429,-85.71533017
403,Primary,0.0006248495504924,GA-303,303,292,151-300,['GA-303'],1,0,38.05054575,-84.30491134
404,Secondary,0.0002383242099636,GA-303,303,261,151-300,['GA-303'],1,0,37.61057519,-84.45767143
405,Primary,0.0011295359951212,GA-303,303,291,151-300,['GA-303'],1,0,38.03993119,-84.49464505
406,Primary,0.0001191621049818,GA-303,303,304,301-600,['GA-303'],1,0,38.20314857,-84.87596857
407,Secondary,0.0002974042620131,GA-303,303,219,151-300,['GA-303'],1,0,36.99477671,-84.11550137
410,Primary,0.0018435066241293,GA-303,303,349,301-600,['GA-303'],1,0,38.88967421,-84.4601595
411,Primary,8.910007849716916e-05,GA-303,303,329,301-600,['GA-303'],1,0,38.44128559,-82.87836486
413,Secondary,5.910005206714588e-05,GA-303,303,263,151-300,['GA-303'],1,0,37.57174545,-83.47145
414,Secondary,0.0001191621049818,GA-303,303,286,151-300,['GA-303'],1,0,37.8657,-83.18136875
415,Secondary,0.0001482011305651,GA-303,303,275,151-300,['GA-303'],1,0,37.49099205,-82.42633864
416,Secondary,5.910005206714588e-05,GA-303,303,272,151-300,['GA-303'],1,0,37.53655694,-82.72551806
417,Secondary,5.910005206714588e-05,GA-303,303,243,151-300,['GA-303'],1,0,37.22130625,-83.20297375
418,Secondary,0.0001191621049818,GA-303,303,247,151-300,['GA-303'],1,0,37.18846981,-82.84871321
420,Secondary,0.0005056874455106,GA-303,303,318,301-600,['GA-303'],1,0,36.86878741,-88.57667832
421,Primary,0.0008030917075237,GA-303,303,241,151-300,['GA-303'],1,0,36.96324041,-86.20962746
422,Primary,0.0004165663669949,GA-303,303,264,151-300,['GA-303'],1,0,36.9071585,-87.1178585
423,Primary,0.0005056874455106,GA-303,303,300,151-300,['GA-303'],1,0,37.56513315,-87.05103859
424,Secondary,0.0003274452884792,GA-303,303,316,301-600,['GA-303'],1,0,37.51378301,-87.66205229
425,Secondary,0.0002974042620131,GA-303,303,230,151-300,['GA-303'],1,0,37.14488689,-84.7034
426,Secondary,0.0001191621049818,GA-303,303,213,151-300,['GA-303'],1,0,36.8765575,-84.9619975
427,Secondary,0.0005948085240263,GA-303,303,259,151-300,['GA-303'],1,0,37.38956667,-85.78402679
430,Secondary,0.0024383161481565,GA-303,303,440,301-600,['GA-303'],1,0,40.09943092,-82.95510679
431,Primary,0.0015761433885823,GA-303,303,417,301-600,['GA-303'],1,0,39.77307666,-82.97101136
432,Primary,0.0022891130167085,GA-303,303,432,301-600,['GA-303'],1,0,39.9934046,-82.99688785
433,Secondary,0.0005948085240263,GA-303,303,464,301-600,['GA-303'],1,0,40.50281889,-83.39241613
434,Primary,0.0004456063925792,GA-303,303,527,301-600,['GA-303'],1,0,41.41526328,-83.31105876
435,Primary,0.0006839296025419,GA-303,303,528,301-600,['GA-303'],1,0,41.48068091,-84.08053819
436,Primary,0.001248698100103,GA-303,303,541,301-600,['GA-303'],1,0,41.64853082,-83.57440151
437,Secondary,0.000267363235547,GA-303,303,442,301-600,['GA-303'],1,0,39.86437186,-81.70282412
438,Secondary,0.0001482011305651,GA-303,303,462,301-600,['GA-303'],1,0,40.22833099,-81.90157042
439,Secondary,0.0003274452884792,GA-303,303,484,301-600,['GA-303'],1,0,40.2544375,-80.85086875
440,Secondary,0.0030922047242323,GA-303,303,553,301-600,['GA-303'],1,0,41.52704885,-81.52019645
441,Primary,0.004162660667304,GA-303,303,548,301-600,['GA-303'],1,0,41.47630406,-81.66229582
442,Secondary,0.0015761433885823,GA-303,303,526,301-600,['GA-303'],1,0,41.12977559,-81.57693529
443,Secondary,0.0008922137860403,GA-303,303,524,301-600,['GA-303'],1,0,41.08042744,-81.52387515
444,Secondary,0.0009512938380898,GA-303,303,540,301-600,['GA-303'],1,0,41.12442833,-80.77224983
445,Secondary,0.000564768497561,GA-303,303,540,301-600,['GA-303'],1,0,41.08623182,-80.67491818
446,Secondary,0.0010704559430716,GA-303,303,500,301-600,['GA-303'],1,0,40.71575628,-81.49987951
447,Secondary,0.0006248495504924,GA-303,303,509,301-600,['GA-303'],1,0,40.82424441,-81.38812524
448,Primary,0.0005948085240263,GA-303,303,508,301-600,['GA-303'],1,0,41.07450245,-82.76786104
449,Secondary,0.000267363235547,GA-303,303,488,301-600,['GA-303'],1,0,40.753431,-82.527088
450,Primary,0.0022891130167085,GA-303,303,382,301-600,['GA-303'],1,0,39.36488847,-84.47358922
451,Primary,0.0005056874455106,GA-303,303,368,301-600,['GA-303'],1,0,39.15722991,-83.99085179
452,Primary,0.002230032964659,GA-303,303,368,301-600,['GA-303'],1,0,39.15902359,-84.48673461
453,Primary,0.0013378191786186,GA-303,303,422,301-600,['GA-303'],1,0,39.93731689,-84.26774327
454,Primary,0.000981334864556,GA-303,303,408,301-600,['GA-303'],1,0,39.74218095,-84.18725084
455,Primary,0.0001782421570313,GA-303,303,421,301-600,['GA-303'],1,0,39.91378017,-83.81843554
456,Primary,0.0009512938380898,GA-303,303,363,301-600,['GA-303'],1,0,38.93950923,-82.83995351
457,Secondary,0.0001191621049818,GA-303,303,407,301-600,['GA-303'],1,0,39.35670694,-81.78468382
458,Secondary,0.0008922137860403,GA-303,303,482,301-600,['GA-303'],1,0,40.80695055,-84.13205802
460,Primary,0.0018435066241293,GA-303,303,438,301-600,['GA-303'],1,0,40.02654124,-86.03091353
461,Primary,0.0020217497811615,GA-303,303,415,301-600,['GA-303'],1,0,39.66349433,-86.14894925
462,Primary,0.002764759435753,GA-303,303,424,301-600,['GA-303'],1,0,39.80133567,-86.16142314
463,Primary,0.002646599331654,GA-303,303,553,301-600,['GA-303'],1,0,41.50855327,-87.23224405
464,Primary,0.0002082831834974,GA-303,303,558,301-600,['GA-303'],1,0,41.558338,-87.35222267
465,Primary,0.0013979012315509,GA-303,303,538,301-600,['GA-303'],1,0,41.5127961,-86.01782439
466,Primary,0.0003564843140626,GA-303,303,551,301-600,['GA-303'],1,0,41.66493261,-86.24517319
467,Secondary,0.0009512938380898,GA-303,303,509,301-600,['GA-303'],1,0,41.1628586,-85.21809355
468,Secondary,0.0011896180480535,GA-303,303,503,301-600,['GA-303'],1,0,41.08264353,-85.14805129
469,Primary,0.0005056874455106,GA-303,303,479,301-600,['GA-303'],1,0,40.64010797,-86.04579124
470,Primary,0.0003865253405288,GA-303,303,371,301-600,['GA-303'],1,0,39.17011121,-85.07709828
471,Primary,0.0005948085240263,GA-303,303,327,301-600,['GA-303'],1,0,38.38712204,-85.93780806
472,Primary,0.0004756464190444,GA-303,303,371,301-600,['GA-303'],1,0,39.08093621,-85.77911494
473,Primary,0.0006538895760767,GA-303,303,435,301-600,['GA-303'],1,0,40.0869122,-85.25338244
474,Primary,0.0004756464190444,GA-303,303,385,301-600,['GA-303'],1,0,39.09674727,-86.60703203
475,Secondary,0.0002974042620131,GA-303,303,355,301-600,['GA-303'],1,0,38.47295556,-87.07575661
476,Secondary,0.0005948085240263,GA-303,303,346,301-600,['GA-303'],1,0,38.1286406,-87.51540376
477,Secondary,0.0007139706290081,GA-303,303,340,301-600,['GA-303'],1,0,37.99666411,-87.57650706
478,Primary,0.0005347274710949,GA-303,303,423,301-600,['GA-303'],1,0,39.46530401,-87.30900766
479,Primary,0.0007430106545923,GA-303,303,477,301-600,['GA-303'],1,0,40.40483168,-86.98645217
480,Primary,0.0043409028243353,GA-303,303,607,601-1000,['GA-303'],1,0,42.57007715,-83.05080711
481,Primary,0.0057978841079358,GA-303,303,585,301-600,['GA-303'],1,0,42.27868188,-83.45545606
482,Primary,0.002764759435753,GA-303,303,595,301-600,['GA-303'],1,0,42.39080819,-83.14199046
483,Primary,0.0032704478812645,GA-303,303,608,601-1000,['GA-303'],1,0,42.59929066,-83.29431018
484,Primary,0.0020517898076268,GA-303,303,642,601-1000,['GA-303'],1,0,43.10211958,-83.38314545
485,Primary,0.000832131733108,GA-303,303,634,601-1000,['GA-303'],1,0,43.00540746,-83.67703582
486,Secondary,0.0003865253405288,GA-303,303,678,601-1000,['GA-303'],1,0,43.64964447,-84.14587562
487,Secondary,0.0003865253405288,GA-303,303,692,601-1000,['GA-303'],1,0,43.84348732,-83.59162254
488,Primary,0.00151606133565,GA-303,303,630,601-1000,['GA-303'],1,0,42.95672422,-84.62907431
489,Primary,0.0005056874455106,GA-303,303,615,601-1000,['GA-303'],1,0,42.73830116,-84.55767188
490,Secondary,0.002497396200206,GA-303,303,584,301-600,['GA-303'],1,0,42.23993449,-85.5542998
491,Primary,0.0004165663669949,GA-303,303,566,301-600,['GA-303'],1,0,41.86845455,-86.37042
492,Primary,0.0016352234406318,GA-303,303,571,301-600,['GA-303'],1,0,42.09958346,-84.37126272
493,Secondary,0.0007139706290081,GA-303,303,649,601-1000,['GA-303'],1,0,43.18829061,-85.55302058
494,Secondary,0.0017543855456136,GA-303,303,651,601-1000,['GA-303'],1,0,43.15831164,-86.10839498
495,Secondary,0.0010404149166055,GA-303,303,634,601-1000,['GA-303'],1,0,42.95488849,-85.64635825
496,Secondary,0.000564768497561,GA-303,303,742,601-1000,['GA-303'],1,0,44.5309594,-85.58399612
497,Secondary,0.0003274452884792,GA-303,303,800,601-1000,['GA-303'],1,0,45.42333491,-84.610288
498,Secondary,0.0003865253405288,GA-303,303,859,601-1000,['GA-303'],1,0,46.07257957,-87.23539
499,Secondary,0.0001482011305651,GA-303,303,916,601-1000,['GA-303'],1,0,46.64805574,-88.86409344
500,Secondary,0.0007730516810585,GA-303,303,750,601-1000,['GA-303'],1,0,41.67731172,-93.84671925
501,Secondary,0.0002383242099636,GA-303,303,734,601-1000,['GA-303'],1,0,41.66425118,-93.4293748
502,Secondary,0.0006538895760767,GA-303,303,740,601-1000,['GA-303'],1,0,41.65332623,-93.6050963
503,Secondary,0.0006248495504924,GA-303,303,739,601-1000,['GA-303'],1,0,41.59338091,-93.64707971
504,Secondary,0.0004756464190444,GA-303,303,806,601-1000,['GA-303'],1,0,43.17819747,-93.27607004
505,Secondary,0.0003274452884792,GA-303,303,820,601-1000,['GA-303'],1,0,42.70167205,-94.41332441
506,Secondary,0.0003865253405288,GA-303,303,750,601-1000,['GA-303'],1,0,42.60650553,-92.4905383
507,Secondary,0.000267363235547,GA-303,303,742,601-1000,['GA-303'],1,0,42.5175396,-92.37885347
508,Secondary,0.0003865253405288,GA-303,303,748,601-1000,['GA-303'],1,0,41.00143488,-94.56715233
510,Secondary,0.0001191621049818,GA-303,303,872,601-1000,['GA-303'],1,0,42.59103571,-95.91842143
511,Secondary,0.000267363235547,GA-303,303,887,601-1000,['GA-303'],1,0,42.49654643,-96.39713929
513,Secondary,0.0001782421570313,GA-303,303,876,601-1000,['GA-303'],1,0,43.27961646,-95.18091519
514,Secondary,5.910005206714588e-05,GA-303,303,817,601-1000,['GA-303'],1,0,42.11030273,-95.05680909
515,Secondary,0.0005056874455106,GA-303,303,808,601-1000,['GA-303'],1,0,41.42927763,-95.57287443
520,Secondary,0.000267363235547,GA-303,303,692,601-1000,['GA-303'],1,0,42.445925,-90.86635638
521,Secondary,3.0000026430023288e-05,GA-303,303,759,601-1000,['GA-303'],1,0,43.16045897,-91.75820085
522,Secondary,0.0003274452884792,GA-303,303,681,601-1000,['GA-303'],1,0,41.80733463,-91.67518485
523,Secondary,0.0005347274710949,GA-303,303,687,601-1000,['GA-303'],1,0,41.88915947,-91.72094229
524,Secondary,0.0003274452884792,GA-303,303,690,601-1000,['GA-303'],1,0,41.9738024,-91.66650144
525,Secondary,8.910007849716916e-05,GA-303,303,665,601-1000,['GA-303'],1,0,41.00415955,-92.42294494
526,Secondary,0.0002974042620131,GA-303,303,619,601-1000,['GA-303'],1,0,40.84472133,-91.36219667
527,Secondary,0.0005948085240263,GA-303,303,644,601-1000,['GA-303'],1,0,41.64590807,-90.79146149
528,Secondary,0.000267363235547,GA-303,303,632,601-1000,['GA-303'],1,0,41.53132764,-90.57668943
530,Secondary,0.001248698100103,GA-303,303,689,601-1000,['GA-303'],1,0,43.36106462,-88.16321031
531,Primary,0.0016051824141657,GA-303,303,654,601-1000,['GA-303'],1,0,42.82607134,-88.12311937
532,Primary,0.0019025876761797,GA-303,303,666,601-1000,['GA-303'],1,0,43.04897908,-87.96004034
534,Primary,0.0004456063925792,GA-303,303,642,601-1000,['GA-303'],1,0,42.71928417,-87.80395827
535,Secondary,0.0011595770215873,GA-303,303,687,601-1000,['GA-303'],1,0,42.92479015,-89.49684039
537,Secondary,0.0007430106545923,GA-303,303,694,601-1000,['GA-303'],1,0,43.06974898,-89.4000386
538,Secondary,8.910007849716916e-05,GA-303,303,713,601-1000,['GA-303'],1,0,42.85851389,-90.71987778
539,Secondary,0.0010404149166055,GA-303,303,728,601-1000,['GA-303'],1,0,43.5936372,-89.46369324
540,Primary,0.0005347274710949,GA-303,303,889,601-1000,['GA-303'],1,0,45.07963229,-92.48178542
541,Secondary,0.0003564843140626,GA-303,303,780,601-1000,['GA-303'],1,0,44.72309698,-88.18881121
542,Secondary,0.0002082831834974,GA-303,303,754,601-1000,['GA-303'],1,0,44.45921119,-87.58660448
543,Secondary,0.0006248495504924,GA-303,303,763,601-1000,['GA-303'],1,0,44.508659,-88.01764895
544,Secondary,0.0006839296025419,GA-303,303,814,601-1000,['GA-303'],1,0,44.83562986,-89.79630676
545,Secondary,3.0000026430023288e-05,GA-303,303,878,601-1000,['GA-303'],1,0,45.85441513,-89.76227566
546,Secondary,0.0006248495504924,GA-303,303,778,601-1000,['GA-303'],1,0,43.84184413,-91.00697611
547,Primary,0.0003865253405288,GA-303,303,852,601-1000,['GA-303'],1,0,44.84951242,-91.55992418
548,Secondary,0.0004456063925792,GA-303,303,924,601-1000,['GA-303'],1,0,45.95046207,-91.74922414
549,Secondary,0.0011295359951212,GA-303,303,749,601-1000,['GA-303'],1,0,44.16485399,-88.5758577
550,Primary,0.0015461023621161,GA-303,303,899,601-1000,['GA-303'],1,0,44.95936257,-93.11103565
551,Primary,0.0019025876761797,GA-303,303,904,601-1000,['GA-303'],1,0,44.99963544,-93.20156376
553,Primary,0.0024383161481565,GA-303,303,912,601-1000,['GA-303'],1,0,44.99705593,-93.50644075
554,Primary,0.0027357204101696,GA-303,303,906,601-1000,['GA-303'],1,0,44.99277514,-93.30552658
557,Secondary,0.000267363235547,GA-303,303,1022,1001-1400,['GA-303'],1,0,47.18549269,-92.79225662
558,Secondary,0.0005948085240263,GA-303,303,983,601-1000,['GA-303'],1,0,46.77353571,-92.1470526
559,Primary,0.0005056874455106,GA-303,303,820,601-1000,['GA-303'],1,0,43.93159213,-92.35976827
560,Primary,0.0003865253405288,GA-303,303,871,601-1000,['GA-303'],1,0,44.03638991,-93.89814826
561,Secondary,0.0001482011305651,GA-303,303,923,601-1000,['GA-303'],1,0,43.88213394,-95.67711719
562,Secondary,8.910007849716916e-05,GA-303,303,976,601-1000,['GA-303'],1,0,45.01625744,-95.56569931
563,Primary,0.0005056874455106,GA-303,303,979,601-1000,['GA-303'],1,0,45.69376529,-94.47679609
564,Secondary,0.0004756464190444,GA-303,303,1024,1001-1400,['GA-303'],1,0,46.50039171,-94.4740212
565,Secondary,0.000267363235547,GA-303,303,1089,1001-1400,['GA-303'],1,0,46.79292122,-96.17529714
566,Secondary,0.0001191621049818,GA-303,303,1096,1001-1400,['GA-303'],1,0,47.74855649,-94.48148168
567,Secondary,0.0002974042620131,GA-303,303,1179,1001-1400,['GA-303'],1,0,48.32176885,-96.40352213
570,Secondary,0.0004456063925792,GA-303,303,950,601-1000,['GA-303'],1,0,43.43761278,-96.96780376
571,Secondary,0.0010113748910212,GA-303,303,946,601-1000,['GA-303'],1,0,43.53984858,-96.73553239
572,Secondary,5.910005206714588e-05,GA-303,303,1026,1001-1400,['GA-303'],1,0,44.98009662,-97.08865608
573,Secondary,8.910007849716916e-05,GA-303,303,1021,1001-1400,['GA-303'],1,0,43.7873894,-98.39546093
574,Secondary,8.910007849716916e-05,GA-303,303,1107,1001-1400,['GA-303'],1,0,45.39809926,-98.79335882
575,Tertiary,0.0001191621049818,GA-303,303,1107,1001-1400,['GA-303'],1,0,43.82773119,-100.4761202
576,Tertiary,0.0001191621049818,GA-303,303,1224,1001-1400,['GA-303'],1,0,45.57915231,-101.6688877
577,Tertiary,0.0004165663669949,GA-303,303,1238,1001-1400,['GA-303'],1,0,44.16856919,-103.2346313
580,Secondary,0.0001191621049818,GA-303,303,1116,1001-1400,['GA-303'],1,0,46.685284,-97.24196857
581,Secondary,0.0003274452884792,GA-303,303,1112,1001-1400,['GA-303'],1,0,46.87250303,-96.80434545
582,Secondary,0.0005056874455106,GA-303,303,1200,1001-1400,['GA-303'],1,0,48.13842191,-97.47861404
583,Tertiary,0.0001482011305651,GA-303,303,1263,1001-1400,['GA-303'],1,0,48.3134622,-99.26710157
584,Secondary,0.0001191621049818,GA-303,303,1179,1001-1400,['GA-303'],1,0,46.84600255,-98.90829554
585,Tertiary,0.0006248495504924,GA-303,303,1248,1001-1400,['GA-303'],1,0,46.85442287,-100.8647404
586,Tertiary,8.910007849716916e-05,GA-303,303,1321,1001-1400,['GA-303'],1,0,46.7520186,-102.9332953
587,Tertiary,0.0006248495504924,GA-303,303,1341,1001-1400,['GA-303'],1,0,48.34403608,-101.5909835
588,Tertiary,0.0001482011305651,GA-303,303,1406,1401-1800,['GA-303'],1,0,48.27443134,-103.5219209
590,Tertiary,0.0001782421570313,GA-303,303,1532,1401-1800,['GA-303'],1,0,45.81129932,-108.806123
591,Tertiary,0.0001782421570313,GA-303,303,1519,1401-1800,['GA-303'],1,0,45.79360313,-108.50275
592,Tertiary,3.0000026430023288e-05,GA-303,303,1464,1401-1800,['GA-303'],1,0,48.1942,-105.1720441
593,Tertiary,3.0000026430023288e-05,GA-303,303,1411,1401-1800,['GA-303'],1,0,46.34385859,-105.5833909
594,Tertiary,0.0003564843140626,GA-303,303,1690,1401-1800,['GA-303'],1,0,47.67447431,-111.225178
595,Tertiary,3.0000026430023288e-05,GA-303,303,1646,1401-1800,['GA-303'],1,0,48.41191,-109.6148
596,Secondary,0.0002082831834974,GA-303,303,1693,1401-1800,['GA-303'],1,0,46.58341183,-111.9747484
597,Secondary,0.000564768497561,GA-303,303,1667,1401-1800,['GA-303'],1,0,45.70692416,-111.8594651
598,Secondary,0.0008030917075237,GA-303,303,1797,1401-1800,['GA-303'],1,0,46.95929275,-114.0943749
599,Tertiary,0.0002082831834974,GA-303,303,1844,>1800,['GA-303'],1,0,48.29306703,-114.4339319
600,Primary,0.0040434985623222,GA-303,303,606,601-1000,['GA-303'],1,0,42.12912375,-87.94723077
601,Primary,0.0045191459813676,GA-303,303,597,301-600,['GA-303'],1,0,41.95731228,-88.06667305
602,Primary,0.0002082831834974,GA-303,303,597,301-600,['GA-303'],1,0,42.04001579,-87.76560877
603,Primary,0.0001782421570313,GA-303,303,586,301-600,['GA-303'],1,0,41.87542656,-87.78759688
604,Primary,0.0037761353267752,GA-303,303,571,301-600,['GA-303'],1,0,41.60386455,-87.89844931
605,Primary,0.0032704478812645,GA-303,303,586,301-600,['GA-303'],1,0,41.79998337,-88.04199057
606,Primary,0.0085926845701551,GA-303,303,585,301-600,['GA-303'],1,0,41.88102002,-87.6647625
607,Primary,0.0007430106545923,GA-303,303,594,301-600,['GA-303'],1,0,41.9802503,-87.80815917
608,Primary,0.000564768497561,GA-303,303,575,301-600,['GA-303'],1,0,41.7215963,-87.70084352
609,Primary,0.0002974042620131,GA-303,303,527,301-600,['GA-303'],1,0,40.90529258,-87.92851528
610,Primary,0.0013979012315509,GA-303,303,642,601-1000,['GA-303'],1,0,42.18049113,-89.52168805
611,Primary,0.000832131733108,GA-303,303,636,601-1000,['GA-303'],1,0,42.25718997,-89.06446021
612,Secondary,0.000267363235547,GA-303,303,624,601-1000,['GA-303'],1,0,41.4776728,-90.41095
613,Primary,0.0003274452884792,GA-303,303,581,301-600,['GA-303'],1,0,41.32397091,-89.17817227
614,Secondary,0.0003274452884792,GA-303,303,587,301-600,['GA-303'],1,0,40.85782888,-90.3608213
615,Secondary,0.0007430106545923,GA-303,303,557,301-600,['GA-303'],1,0,40.69865023,-89.63962
616,Secondary,0.0006839296025419,GA-303,303,556,301-600,['GA-303'],1,0,40.70348989,-89.59435955
617,Secondary,0.000564768497561,GA-303,303,527,301-600,['GA-303'],1,0,40.507425,-88.96924515
618,Secondary,0.0007139706290081,GA-303,303,482,301-600,['GA-303'],1,0,40.1160987,-88.13664375
619,Secondary,0.0002974042620131,GA-303,303,454,301-600,['GA-303'],1,0,39.61452295,-88.24764508
620,Primary,0.0008030917075237,GA-303,303,475,301-600,['GA-303'],1,0,38.95123795,-90.03519406
622,Primary,0.0006538895760767,GA-303,303,448,301-600,['GA-303'],1,0,38.5198849,-89.89322735
623,Secondary,0.0002082831834974,GA-303,303,567,301-600,['GA-303'],1,0,40.03945464,-91.05728402
624,Secondary,0.0003865253405288,GA-303,303,419,301-600,['GA-303'],1,0,39.0389,-88.21911324
625,Secondary,0.0001191621049818,GA-303,303,487,301-600,['GA-303'],1,0,39.7624424,-89.084536
626,Primary,0.0001782421570313,GA-303,303,518,301-600,['GA-303'],1,0,39.83873131,-89.95216589
627,Primary,0.0004456063925792,GA-303,303,505,301-600,['GA-303'],1,0,39.78802638,-89.63288383
628,Primary,0.0003564843140626,GA-303,303,396,301-600,['GA-303'],1,0,38.32723605,-88.73359252
629,Secondary,0.0005056874455106,GA-303,303,370,301-600,['GA-303'],1,0,37.61908249,-88.99635017
630,Primary,0.0022891130167085,GA-303,303,475,301-600,['GA-303'],1,0,38.58410509,-90.49530041
631,Primary,0.0025574782531383,GA-303,303,471,301-600,['GA-303'],1,0,38.64277166,-90.32420032
633,Primary,0.0023782340952242,GA-303,303,497,301-600,['GA-303'],1,0,38.83949227,-90.75571211
635,Secondary,8.910007849716916e-05,GA-303,303,630,601-1000,['GA-303'],1,0,40.15954867,-92.57150531
636,Primary,0.0003865253405288,GA-303,303,442,301-600,['GA-303'],1,0,37.72302615,-90.59347077
637,Primary,0.0003865253405288,GA-303,303,386,301-600,['GA-303'],1,0,37.33464326,-89.68450355
638,Secondary,0.0003274452884792,GA-303,303,361,301-600,['GA-303'],1,0,36.5521338,-89.78712887
639,Secondary,0.0001782421570313,GA-303,303,407,301-600,['GA-303'],1,0,36.82837115,-90.53986923
640,Secondary,0.001932627702645,GA-303,303,663,601-1000,['GA-303'],1,0,39.05893811,-94.33277014
641,Secondary,0.0021709519126086,GA-303,303,675,601-1000,['GA-303'],1,0,39.08977733,-94.57005561
644,Secondary,5.910005206714588e-05,GA-303,303,714,601-1000,['GA-303'],1,0,40.06071446,-94.66141968
645,Secondary,0.0001191621049818,GA-303,303,710,601-1000,['GA-303'],1,0,39.74905909,-94.83797841
646,Secondary,5.910005206714588e-05,GA-303,303,660,601-1000,['GA-303'],1,0,39.87953642,-93.57074383
647,Secondary,0.0002082831834974,GA-303,303,628,601-1000,['GA-303'],1,0,38.15344,-94.21542651
648,Secondary,0.0010113748910212,GA-303,303,608,601-1000,['GA-303'],1,0,37.0208908,-94.39958103
650,Secondary,8.910007849716916e-05,GA-303,303,546,301-600,['GA-303'],1,0,38.41843557,-92.30300619
651,Primary,0.000267363235547,GA-303,303,543,301-600,['GA-303'],1,0,38.54645179,-92.12924107
652,Secondary,0.0006538895760767,GA-303,303,576,301-600,['GA-303'],1,0,39.09371548,-92.37446706
653,Secondary,0.0008922137860403,GA-303,303,603,601-1000,['GA-303'],1,0,38.74632963,-93.27199704
654,Primary,0.0003564843140626,GA-303,303,497,301-600,['GA-303'],1,0,37.77124563,-91.7411466
655,Secondary,0.0003274452884792,GA-303,303,506,301-600,['GA-303'],1,0,37.66922182,-92.00520727
656,Secondary,0.0004756464190444,GA-303,303,548,301-600,['GA-303'],1,0,37.03758985,-93.23980149
657,Secondary,0.0008030917075237,GA-303,303,542,301-600,['GA-303'],1,0,37.10874423,-93.08477083
658,Secondary,0.0011004969695378,GA-303,303,555,301-600,['GA-303'],1,0,37.19763253,-93.29303116
660,Secondary,0.0010404149166055,GA-303,303,693,601-1000,['GA-303'],1,0,38.93435708,-95.05452192
661,Secondary,0.0002082831834974,GA-303,303,679,601-1000,['GA-303'],1,0,39.09528246,-94.65524408
662,Secondary,0.000564768497561,GA-303,303,677,601-1000,['GA-303'],1,0,38.98082601,-94.68716415
664,Secondary,0.0002082831834974,GA-303,303,755,601-1000,['GA-303'],1,0,39.37605182,-96.07366496
665,Secondary,0.0003865253405288,GA-303,303,759,601-1000,['GA-303'],1,0,39.29447701,-96.19764385
666,Secondary,0.0005056874455106,GA-303,303,727,601-1000,['GA-303'],1,0,39.04398621,-95.68609808
667,Secondary,0.0002082831834974,GA-303,303,656,601-1000,['GA-303'],1,0,37.56326989,-95.07840227
668,Secondary,8.910007849716916e-05,GA-303,303,745,601-1000,['GA-303'],1,0,38.36596095,-96.43049429
669,Secondary,5.910005206714588e-05,GA-303,303,848,601-1000,['GA-303'],1,0,39.77201287,-97.75138218
670,Secondary,0.0004756464190444,GA-303,303,780,601-1000,['GA-303'],1,0,37.59632409,-97.443575
671,Secondary,0.0001482011305651,GA-303,303,791,601-1000,['GA-303'],1,0,37.62302112,-97.6276087
672,Secondary,0.0012787391265691,GA-303,303,776,601-1000,['GA-303'],1,0,37.6926305,-97.32417154
673,Secondary,5.910005206714588e-05,GA-303,303,684,601-1000,['GA-303'],1,0,37.19971939,-95.75527959
674,Secondary,0.0001482011305651,GA-303,303,821,601-1000,['GA-303'],1,0,38.93469421,-97.65358684
675,Secondary,0.0001191621049818,GA-303,303,846,601-1000,['GA-303'],1,0,38.1793866,-98.4829823
676,Secondary,0.0001782421570313,GA-303,303,920,601-1000,['GA-303'],1,0,39.33143438,-99.43567031
677,Secondary,5.910005206714588e-05,GA-303,303,1001,1001-1400,['GA-303'],1,0,39.36629756,-101.0279646
678,Secondary,0.0001482011305651,GA-303,303,957,601-1000,['GA-303'],1,0,37.82998898,-100.6836017
679,Secondary,5.910005206714588e-05,GA-303,303,977,601-1000,['GA-303'],1,0,37.12884828,-101.2190345
680,Secondary,0.0006839296025419,GA-303,303,838,601-1000,['GA-303'],1,0,41.39117573,-96.32725485
681,Secondary,0.0015461023621161,GA-303,303,819,601-1000,['GA-303'],1,0,41.25543097,-96.0148332
683,Tertiary,5.910005206714588e-05,GA-303,303,827,601-1000,['GA-303'],1,0,40.47496834,-96.82916935
684,Tertiary,3.0000026430023288e-05,GA-303,303,825,601-1000,['GA-303'],1,0,40.6017,-96.68741951
685,Tertiary,0.0010113748910212,GA-303,303,833,601-1000,['GA-303'],1,0,40.81582158,-96.70436163
686,Tertiary,3.0000026430023288e-05,GA-303,303,897,601-1000,['GA-303'],1,0,41.5005344,-97.5927936
687,Secondary,0.0001482011305651,GA-303,303,931,601-1000,['GA-303'],1,0,42.36023158,-97.61885921
688,Tertiary,0.0002082831834974,GA-303,303,936,601-1000,['GA-303'],1,0,41.06798259,-98.76814656
689,Tertiary,3.0000026430023288e-05,GA-303,303,915,601-1000,['GA-303'],1,0,40.35996115,-98.79642038
690,Secondary,3.0000026430023288e-05,GA-303,303,1010,1001-1400,['GA-303'],1,0,40.32746812,-100.7597536
691,Secondary,5.910005206714588e-05,GA-303,303,1073,1001-1400,['GA-303'],1,0,41.24710388,-101.5749008
693,Secondary,0.0001191621049818,GA-303,303,1173,1001-1400,['GA-303'],1,0,42.15680674,-103.1480034
700,Tertiary,0.0016352234406318,GA-303,303,434,301-600,['GA-303'],1,0,29.96314922,-90.18343295
701,Tertiary,0.0012186570736368,GA-303,303,430,301-600,['GA-303'],1,0,29.95773556,-90.09428301
703,Secondary,0.0005948085240263,GA-303,303,476,301-600,['GA-303'],1,0,29.6544694,-90.78519515
704,Tertiary,0.0014269402571343,GA-303,303,412,301-600,['GA-303'],1,0,30.46924441,-90.16741425
705,Secondary,0.0010704559430716,GA-303,303,517,301-600,['GA-303'],1,0,30.22190203,-92.06806526
706,Secondary,0.0008922137860403,GA-303,303,574,301-600,['GA-303'],1,0,30.28908022,-93.21021007
707,Secondary,0.0006839296025419,GA-303,303,459,301-600,['GA-303'],1,0,30.469215,-91.1198175
708,Secondary,0.000981334864556,GA-303,303,462,301-600,['GA-303'],1,0,30.43964144,-91.14024128
710,Secondary,0.0002082831834974,GA-303,303,539,301-600,['GA-303'],1,0,32.51976643,-93.51416713
711,Secondary,0.0007430106545923,GA-303,303,553,301-600,['GA-303'],1,0,32.49215934,-93.75517115
712,Secondary,0.0007430106545923,GA-303,303,460,301-600,['GA-303'],1,0,32.50336772,-92.12872478
713,Secondary,0.0002383242099636,GA-303,303,490,301-600,['GA-303'],1,0,31.30279009,-92.192325
714,Secondary,0.000564768497561,GA-303,303,524,301-600,['GA-303'],1,0,31.50592664,-92.90189813
716,Secondary,0.0001482011305651,GA-303,303,434,301-600,['GA-303'],1,0,33.91564425,-91.88527011
718,Secondary,0.0001482011305651,GA-303,303,544,301-600,['GA-303'],1,0,33.70083978,-93.80333871
719,Secondary,0.000267363235547,GA-303,303,514,301-600,['GA-303'],1,0,34.43043724,-93.27812138
720,Secondary,0.0010704559430716,GA-303,303,452,301-600,['GA-303'],1,0,34.92168981,-92.13874268
721,Secondary,0.0011004969695378,GA-303,303,456,301-600,['GA-303'],1,0,34.87790878,-92.21957492
722,Secondary,0.0007730516810585,GA-303,303,461,301-600,['GA-303'],1,0,34.74922706,-92.32192202
723,Secondary,8.910007849716916e-05,GA-303,303,362,301-600,['GA-303'],1,0,35.16979588,-90.48070118
724,Secondary,0.0005056874455106,GA-303,303,391,301-600,['GA-303'],1,0,35.98272056,-90.70202897
725,Secondary,0.0002383242099636,GA-303,303,449,301-600,['GA-303'],1,0,35.95783008,-91.82066617
726,Secondary,0.0002974042620131,GA-303,303,511,301-600,['GA-303'],1,0,36.16061831,-92.89733662
727,Secondary,0.0013378191786186,GA-303,303,580,301-600,['GA-303'],1,0,36.16831872,-94.16100723
728,Secondary,5.910005206714588e-05,GA-303,303,516,301-600,['GA-303'],1,0,35.27096269,-93.21578209
729,Secondary,0.0006538895760767,GA-303,303,578,301-600,['GA-303'],1,0,35.35644834,-94.32300199
730,Primary,0.0016051824141657,GA-303,303,764,601-1000,['GA-303'],1,0,35.37892117,-97.62321982
731,Primary,0.0021709519126086,GA-303,303,759,601-1000,['GA-303'],1,0,35.47427621,-97.52646351
734,Primary,0.0001482011305651,GA-303,303,729,601-1000,['GA-303'],1,0,34.20914796,-97.04020816
735,Primary,0.0005056874455106,GA-303,303,818,601-1000,['GA-303'],1,0,34.56849316,-98.60170316
736,Primary,0.0001191621049818,GA-303,303,855,601-1000,['GA-303'],1,0,35.41385357,-99.24175833
737,Primary,0.0002974042620131,GA-303,303,797,601-1000,['GA-303'],1,0,36.42616744,-98.05841337
739,Secondary,0.0001482011305651,GA-303,303,985,601-1000,['GA-303'],1,0,36.747908,-101.4293027
740,Primary,0.0023782340952242,GA-303,303,691,601-1000,['GA-303'],1,0,36.23818071,-96.18726677
741,Primary,0.0010704559430716,GA-303,303,677,601-1000,['GA-303'],1,0,36.13137841,-95.95476784
743,Secondary,0.0002082831834974,GA-303,303,635,601-1000,['GA-303'],1,0,36.56571731,-95.05911154
744,Secondary,0.0003564843140626,GA-303,303,644,601-1000,['GA-303'],1,0,35.67283571,-95.44417857
745,Secondary,0.0001482011305651,GA-303,303,658,601-1000,['GA-303'],1,0,34.73790968,-95.7887871
746,Primary,0.0001191621049818,GA-303,303,749,601-1000,['GA-303'],1,0,36.67899857,-97.13105429
747,Secondary,0.0001191621049818,GA-303,303,654,601-1000,['GA-303'],1,0,34.08351935,-95.73511505
748,Primary,0.0004456063925792,GA-303,303,712,601-1000,['GA-303'],1,0,35.15608296,-96.73038519
749,Secondary,0.0001482011305651,GA-303,303,605,601-1000,['GA-303'],1,0,35.32079872,-94.79955256
750,Primary,0.0055004798459227,GA-303,303,727,601-1000,['GA-303'],1,0,32.89781244,-96.87761404
751,Primary,0.0019917087546954,GA-303,303,717,601-1000,['GA-303'],1,0,32.63336495,-96.65381683
752,Primary,0.003895297431757,GA-303,303,726,601-1000,['GA-303'],1,0,32.82099012,-96.83829993
754,Primary,0.0010113748910212,GA-303,303,668,601-1000,['GA-303'],1,0,33.24377302,-95.89563683
755,Secondary,0.0002082831834974,GA-303,303,572,301-600,['GA-303'],1,0,33.32397255,-94.23788333
756,Secondary,0.000564768497561,GA-303,303,609,601-1000,['GA-303'],1,0,32.48680761,-94.73801995
757,Primary,0.0004756464190444,GA-303,303,648,601-1000,['GA-303'],1,0,32.31429944,-95.37310732
758,Secondary,0.0002383242099636,GA-303,303,679,601-1000,['GA-303'],1,0,31.47555856,-95.65959099
759,Secondary,0.0003564843140626,GA-303,303,613,601-1000,['GA-303'],1,0,31.38995588,-94.45899538
760,Primary,0.0023491950696408,GA-303,303,749,601-1000,['GA-303'],1,0,32.73050241,-97.21853609
761,Primary,0.0014870223100666,GA-303,303,751,601-1000,['GA-303'],1,0,32.75632185,-97.27152935
762,Primary,0.0016352234406318,GA-303,303,743,601-1000,['GA-303'],1,0,33.18522749,-97.19270953
763,Secondary,0.0002383242099636,GA-303,303,820,601-1000,['GA-303'],1,0,33.87712911,-98.61578776
764,Primary,0.0001782421570313,GA-303,303,817,601-1000,['GA-303'],1,0,32.5845375,-98.37456125
765,Secondary,0.0015461023621161,GA-303,303,794,601-1000,['GA-303'],1,0,31.11096525,-97.56571631
766,Primary,3.0000026430023288e-05,GA-303,303,755,601-1000,['GA-303'],1,0,31.71480203,-97.07859239
767,Primary,0.0004756464190444,GA-303,303,761,601-1000,['GA-303'],1,0,31.54466783,-97.13625581
768,Secondary,0.0001191621049818,GA-303,303,880,601-1000,['GA-303'],1,0,31.43000114,-99.18056932
769,Secondary,0.0003865253405288,GA-303,303,957,601-1000,['GA-303'],1,0,31.3977337,-100.5183272
770,Primary,0.0065408947625282,GA-303,303,708,601-1000,['GA-303'],1,0,29.77049836,-95.41519724
773,Primary,0.0030922047242323,GA-303,303,698,601-1000,['GA-303'],1,0,30.10919119,-95.40537507
774,Primary,0.0038352153788247,GA-303,303,726,601-1000,['GA-303'],1,0,29.65952597,-95.6856005
775,Primary,0.0024383161481565,GA-303,303,701,601-1000,['GA-303'],1,0,29.59683964,-95.17402526
776,Primary,0.000832131733108,GA-303,303,624,601-1000,['GA-303'],1,0,30.08017757,-94.03078037
777,Primary,0.000267363235547,GA-303,303,631,601-1000,['GA-303'],1,0,30.08061268,-94.14762066
778,Primary,0.0006538895760767,GA-303,303,735,601-1000,['GA-303'],1,0,30.61895296,-96.32914321
779,Primary,0.0004165663669949,GA-303,303,817,601-1000,['GA-303'],1,0,28.95893886,-96.96806398
780,Primary,0.000981334864556,GA-303,303,940,601-1000,['GA-303'],1,0,28.6196527,-99.0453514
781,Primary,0.0010704559430716,GA-303,303,868,601-1000,['GA-303'],1,0,29.37374107,-98.12762857
782,Primary,0.0050248334268782,GA-303,303,886,601-1000,['GA-303'],1,0,29.45314256,-98.4975328
783,Secondary,0.000267363235547,GA-303,303,895,601-1000,['GA-303'],1,0,27.7956176,-97.69328798
784,Secondary,0.0012186570736368,GA-303,303,880,601-1000,['GA-303'],1,0,27.79343056,-97.40561199
785,Secondary,0.002764759435753,GA-303,303,969,601-1000,['GA-303'],1,0,26.1934576,-97.9558109
786,Primary,0.0023191540431747,GA-303,303,828,601-1000,['GA-303'],1,0,30.25780345,-97.8273734
787,Primary,0.002913962567201,GA-303,303,822,601-1000,['GA-303'],1,0,30.30363295,-97.74164957
788,Primary,0.0001191621049818,GA-303,303,979,601-1000,['GA-303'],1,0,29.16311083,-100.0306825
789,Primary,8.910007849716916e-05,GA-303,303,782,601-1000,['GA-303'],1,0,29.92089344,-96.84787131
790,Secondary,0.0002383242099636,GA-303,303,990,601-1000,['GA-303'],1,0,35.26688777,-101.6259036
791,Secondary,0.000564768497561,GA-303,303,1000,601-1000,['GA-303'],1,0,35.16737006,-101.8167634
792,Secondary,5.910005206714588e-05,GA-303,303,931,601-1000,['GA-303'],1,0,34.27433016,-100.5808333
793,Secondary,0.0001782421570313,GA-303,303,1023,1001-1400,['GA-303'],1,0,33.48105046,-102.1159028
794,Secondary,0.0010113748910212,GA-303,303,1008,1001-1400,['GA-303'],1,0,33.57770816,-101.8659727
795,Secondary,3.0000026430023288e-05,GA-303,303,924,601-1000,['GA-303'],1,0,32.68512647,-100.2627137
796,Secondary,0.0004756464190444,GA-303,303,897,601-1000,['GA-303'],1,0,32.44478868,-99.73640189
797,Secondary,0.0011595770215873,GA-303,303,1047,1001-1400,['GA-303'],1,0,31.91606047,-102.2252385
798,Primary,0.0001782421570313,GA-303,303,1239,1001-1400,['GA-303'],1,0,31.17464138,-105.3606966
799,Primary,0.0032113668292141,GA-303,303,1292,1001-1400,['GA-303'],1,0,31.7656623,-106.4485636
800,Primary,0.0044600649293172,GA-303,303,1212,1001-1400,['GA-303'],1,0,39.74485394,-104.9808302
801,Primary,0.0109418796397959,GA-303,303,1210,1001-1400,['GA-303'],1,0,39.64477796,-104.9813544
802,Primary,0.0163231973807368,GA-303,303,1213,1001-1400,['GA-303'],1,0,39.73627057,-104.9979484
803,Primary,0.0006248495504924,GA-303,303,1215,1001-1400,['GA-303'],1,0,39.73803378,-105.0316401
804,Primary,0.0009512938380898,GA-303,303,1244,1001-1400,['GA-303'],1,0,39.79542842,-105.5822478
805,Primary,0.0060352073170176,GA-303,303,1228,1001-1400,['GA-303'],1,0,40.38968207,-105.0863883
806,Primary,0.002080829833211,GA-303,303,1208,1001-1400,['GA-303'],1,0,40.23774351,-104.747136
807,Secondary,0.0004456063925792,GA-303,303,1136,1001-1400,['GA-303'],1,0,40.385325,-103.2727469
808,Primary,0.000564768497561,GA-303,303,1146,1001-1400,['GA-303'],1,0,39.08281453,-103.906065
809,Primary,0.0030331246721828,GA-303,303,1190,1001-1400,['GA-303'],1,0,38.85287251,-104.799162
810,Secondary,0.0010704559430716,GA-303,303,1147,1001-1400,['GA-303'],1,0,38.11337778,-104.1576306
811,Secondary,0.0003274452884792,GA-303,303,1260,1001-1400,['GA-303'],1,0,37.45488602,-106.3365204
812,Secondary,0.0003274452884792,GA-303,303,1250,1001-1400,['GA-303'],1,0,38.50298,-106.0065733
813,Secondary,0.0001482011305651,GA-303,303,1359,1001-1400,['GA-303'],1,0,37.33919737,-108.1590553
814,Secondary,0.0001191621049818,GA-303,303,1352,1001-1400,['GA-303'],1,0,38.3686625,-107.9244188
815,Secondary,0.0006839296025419,GA-303,303,1391,1001-1400,['GA-303'],1,0,39.07391085,-108.5382101
816,Secondary,0.0008621727595742,GA-303,303,1326,1001-1400,['GA-303'],1,0,39.64786833,-107.1934217
820,Secondary,0.0002974042620131,GA-303,303,1232,1001-1400,['GA-303'],1,0,41.2043562,-104.8375212
823,Secondary,0.0001782421570313,GA-303,303,1355,1001-1400,['GA-303'],1,0,41.62845172,-107.156769
824,Tertiary,0.0001782421570313,GA-303,303,1483,1401-1800,['GA-303'],1,0,44.44188545,-108.5115073
825,Secondary,5.910005206714588e-05,GA-303,303,1452,1401-1800,['GA-303'],1,0,42.97031875,-108.575025
826,Secondary,8.910007849716916e-05,GA-303,303,1342,1001-1400,['GA-303'],1,0,42.86746525,-106.329122
828,Tertiary,3.0000026430023288e-05,GA-303,303,1414,1401-1800,['GA-303'],1,0,44.68892432,-106.8533054
829,Secondary,0.0001191621049818,GA-303,303,1496,1401-1800,['GA-303'],1,0,41.68099508,-109.9486689
830,Secondary,3.0000026430023288e-05,GA-303,303,1567,1401-1800,['GA-303'],1,0,43.51857143,-110.7408607
831,Secondary,3.0000026430023288e-05,GA-303,303,1548,1401-1800,['GA-303'],1,0,42.47064419,-110.7402907
832,Secondary,0.0003274452884792,GA-303,303,1639,1401-1800,['GA-303'],1,0,42.89443054,-112.4368826
833,Secondary,0.0002082831834974,GA-303,303,1728,1401-1800,['GA-303'],1,0,42.78957806,-114.2452619
834,Secondary,0.0007730516810585,GA-303,303,1635,1401-1800,['GA-303'],1,0,43.70592611,-112.0616383
835,Secondary,0.0002383242099636,GA-303,303,1893,>1800,['GA-303'],1,0,46.26556875,-116.5292313
836,Primary,0.0022600729911243,GA-303,303,1846,>1800,['GA-303'],1,0,43.7288323,-116.3854156
837,Primary,0.0021709519126086,GA-303,303,1837,>1800,['GA-303'],1,0,43.61258508,-116.2310588
838,Secondary,0.000564768497561,GA-303,303,1926,>1800,['GA-303'],1,0,47.61674601,-116.6744333
840,Primary,0.0054704388194566,GA-303,303,1576,1401-1800,['GA-303'],1,0,40.67013187,-111.7536007
841,Primary,0.0023191540431747,GA-303,303,1584,1401-1800,['GA-303'],1,0,40.73951069,-111.8893784
843,Primary,0.0005056874455106,GA-303,303,1598,1401-1800,['GA-303'],1,0,41.65471736,-111.9732493
844,Primary,0.0008621727595742,GA-303,303,1592,1401-1800,['GA-303'],1,0,41.17161953,-111.9577553
845,Secondary,5.910005206714588e-05,GA-303,303,1489,1401-1800,['GA-303'],1,0,38.81124098,-110.4007082
846,Primary,0.0006248495504924,GA-303,303,1568,1401-1800,['GA-303'],1,0,40.06320569,-111.7190128
847,Secondary,0.0011004969695378,GA-303,303,1626,1401-1800,['GA-303'],1,0,37.60797488,-113.0020678
850,Primary,0.004579227034299,GA-303,303,1593,1401-1800,['GA-303'],1,0,33.50801087,-112.0594348
851,Primary,0.0016352234406318,GA-303,303,1582,1401-1800,['GA-303'],1,0,32.87289,-111.74493
852,Primary,0.0100196258272903,GA-303,303,1585,1401-1800,['GA-303'],1,0,33.44442858,-111.9197627
853,Primary,0.0097522615917424,GA-303,303,1618,1401-1800,['GA-303'],1,0,33.49500482,-112.4999184
855,Primary,0.0002383242099636,GA-303,303,1504,1401-1800,['GA-303'],1,0,33.42011803,-110.4939377
856,Secondary,0.0005347274710949,GA-303,303,1526,1401-1800,['GA-303'],1,0,31.75364359,-110.5073962
857,Secondary,0.0024673551737399,GA-303,303,1545,1401-1800,['GA-303'],1,0,32.27017437,-110.9790432
859,Secondary,0.0002383242099636,GA-303,303,1468,1401-1800,['GA-303'],1,0,34.19740179,-109.9840321
860,Secondary,0.0004756464190444,GA-303,303,1541,1401-1800,['GA-303'],1,0,35.43649308,-111.4090092
863,Primary,0.0004756464190444,GA-303,303,1592,1401-1800,['GA-303'],1,0,34.58390667,-112.213077
864,Primary,0.0007730516810585,GA-303,303,1705,1401-1800,['GA-303'],1,0,34.97431354,-114.258651
865,Secondary,5.910005206714588e-05,GA-303,303,1431,1401-1800,['GA-303'],1,0,35.79852,-109.4734943
870,Secondary,0.0005347274710949,GA-303,303,1282,1001-1400,['GA-303'],1,0,35.08857203,-106.7835958
871,Secondary,0.0033595689597802,GA-303,303,1274,1001-1400,['GA-303'],1,0,35.08446529,-106.642586
873,Secondary,8.910007849716916e-05,GA-303,303,1383,1001-1400,['GA-303'],1,0,35.47991136,-108.6006841
874,Secondary,0.0001482011305651,GA-303,303,1362,1001-1400,['GA-303'],1,0,36.69554412,-108.2394676
875,Secondary,0.0003865253405288,GA-303,303,1236,1001-1400,['GA-303'],1,0,35.75610368,-105.9917384
877,Secondary,3.0000026430023288e-05,GA-303,303,1235,1001-1400,['GA-303'],1,0,35.8832,-105.972775
880,Secondary,0.0007730516810585,GA-303,303,1300,1001-1400,['GA-303'],1,0,35.00632778,-107.0991889
881,Secondary,0.0002082831834974,GA-303,303,1261,1001-1400,['GA-303'],1,0,35.48986667,-106.4290556
882,Secondary,0.0011004969695378,GA-303,303,1303,1001-1400,['GA-303'],1,0,35.31424286,-107.1822286
883,Secondary,0.0002383242099636,GA-303,303,1290,1001-1400,['GA-303'],1,0,35.9602,-106.9588333
884,Secondary,5.910005206714588e-05,GA-303,303,1360,1001-1400,['GA-303'],1,0,36.7322,-108.2101
890,Primary,0.0039543774838065,GA-303,303,1752,1401-1800,['GA-303'],1,0,36.23535634,-115.2332205
891,Primary,0.0065118557369449,GA-303,303,1748,1401-1800,['GA-303'],1,0,36.14194742,-115.1464052
894,Secondary,0.0013378191786186,GA-303,303,1964,>1800,['GA-303'],1,0,39.52802348,-119.2292659
895,Secondary,0.0016352234406318,GA-303,303,1994,>1800,['GA-303'],1,0,39.50761301,-119.7746952
897,Secondary,0.0003274452884792,GA-303,303,1994,>1800,['GA-303'],1,0,39.20946477,-119.7804102
898,Secondary,0.0002383242099636,GA-303,303,1786,1401-1800,['GA-303'],1,0,40.89796167,-115.7582833
900,Primary,0.0074331085485686,GA-303,303,1942,>1800,['GA-303'],1,0,34.04951999,-118.2957382
902,Primary,0.0036870142482595,GA-303,303,1944,>1800,['GA-303'],1,0,33.94952193,-118.3121915
903,Primary,0.0003564843140626,GA-303,303,1945,>1800,['GA-303'],1,0,33.95547619,-118.3359107
904,Primary,0.0003564843140626,GA-303,303,1950,>1800,['GA-303'],1,0,34.01595545,-118.4320422
905,Primary,0.0005948085240263,GA-303,303,1945,>1800,['GA-303'],1,0,33.87717155,-118.3273979
906,Primary,0.0027056793837035,GA-303,303,1928,>1800,['GA-303'],1,0,33.91033966,-118.035996
907,Primary,0.0023782340952242,GA-303,303,1938,>1800,['GA-303'],1,0,33.8487264,-118.1887304
908,Primary,0.0014870223100666,GA-303,303,1937,>1800,['GA-303'],1,0,33.81303047,-118.1708499
910,Primary,0.0010113748910212,GA-303,303,1930,>1800,['GA-303'],1,0,34.13971991,-118.1183264
911,Primary,0.0004165663669949,GA-303,303,1932,>1800,['GA-303'],1,0,34.13562288,-118.1470573
912,Primary,0.000564768497561,GA-303,303,1939,>1800,['GA-303'],1,0,34.15188364,-118.2760927
913,Primary,0.005827925134402,GA-303,303,1955,>1800,['GA-303'],1,0,34.23029986,-118.5750709
914,Primary,0.0016051824141657,GA-303,303,1948,>1800,['GA-303'],1,0,34.15413978,-118.4363047
915,Primary,0.0004456063925792,GA-303,303,1942,>1800,['GA-303'],1,0,34.17568178,-118.3261838
916,Primary,0.000981334864556,GA-303,303,1946,>1800,['GA-303'],1,0,34.16065021,-118.3918357
917,Primary,0.005678722002954,GA-303,303,1917,>1800,['GA-303'],1,0,34.07218601,-117.8589428
918,Primary,0.0003865253405288,GA-303,303,1932,>1800,['GA-303'],1,0,34.09157959,-118.1369806
919,Secondary,0.0018435066241293,GA-303,303,1886,>1800,['GA-303'],1,0,32.72455083,-117.026126
920,Primary,0.0035978931697438,GA-303,303,1889,>1800,['GA-303'],1,0,33.03817308,-117.1549308
921,Secondary,0.0044901059557833,GA-303,303,1892,>1800,['GA-303'],1,0,32.80332038,-117.1555752
922,Secondary,0.0035087710912273,GA-303,303,1826,>1800,['GA-303'],1,0,33.60566711,-116.1737621
923,Primary,0.0041927016937701,GA-303,303,1882,>1800,['GA-303'],1,0,34.28362441,-117.2862469
924,Primary,0.0004456063925792,GA-303,303,1886,>1800,['GA-303'],1,0,34.11847489,-117.3205191
925,Primary,0.0060352073170176,GA-303,303,1886,>1800,['GA-303'],1,0,33.84241649,-117.2822938
926,Primary,0.0048766312963121,GA-303,303,1919,>1800,['GA-303'],1,0,33.67220698,-117.8229894
927,Primary,0.0018435066241293,GA-303,303,1921,>1800,['GA-303'],1,0,33.74051139,-117.8754184
928,Primary,0.0043709438508015,GA-303,303,1920,>1800,['GA-303'],1,0,33.81844313,-117.8767371
930,Primary,0.0021999919381928,GA-303,303,1986,>1800,['GA-303'],1,0,34.27097378,-119.1190524
931,Primary,0.0007139706290081,GA-303,303,2016,>1800,['GA-303'],1,0,34.42816751,-119.6947102
932,Secondary,0.0019626687291111,GA-303,303,1980,>1800,['GA-303'],1,0,36.03715812,-119.2986755
933,Primary,0.0012186570736368,GA-303,303,1970,>1800,['GA-303'],1,0,35.36057898,-119.0208952
934,Secondary,0.0013378191786186,GA-303,303,2057,>1800,['GA-303'],1,0,35.18694703,-120.5499289
935,Primary,0.0020517898076268,GA-303,303,1925,>1800,['GA-303'],1,0,35.05487825,-118.1865568
936,Secondary,0.0015461023621161,GA-303,303,2001,>1800,['GA-303'],1,0,36.80008571,-119.7737058
937,Secondary,0.0016943044926822,GA-303,303,2002,>1800,['GA-303'],1,0,36.75942982,-119.7877985
939,Primary,0.000564768497561,GA-303,303,2108,>1800,['GA-303'],1,0,36.63330227,-121.6927892
940,Primary,0.0022600729911243,GA-303,303,2130,>1800,['GA-303'],1,0,37.47691148,-122.189659
941,Primary,0.0013979012315509,GA-303,303,2140,>1800,['GA-303'],1,0,37.76219923,-122.3946011
943,Primary,8.910007849716916e-05,GA-303,303,2127,>1800,['GA-303'],1,0,37.42737993,-122.1286039
944,Primary,0.0002383242099636,GA-303,303,2136,>1800,['GA-303'],1,0,37.54007373,-122.2954237
945,Primary,0.0064818147104787,GA-303,303,2121,>1800,['GA-303'],1,0,37.84587461,-122.0596776
946,Primary,0.0009512938380898,GA-303,303,2132,>1800,['GA-303'],1,0,37.79860639,-122.2548117
947,Primary,5.910005206714588e-05,GA-303,303,2133,>1800,['GA-303'],1,0,37.84141388,-122.2695947
948,Primary,0.0003274452884792,GA-303,303,2134,>1800,['GA-303'],1,0,37.89559344,-122.2934959
949,Primary,0.0008922137860403,GA-303,303,2147,>1800,['GA-303'],1,0,38.00169848,-122.5495902
950,Primary,0.0020517898076268,GA-303,303,2116,>1800,['GA-303'],1,0,37.18211184,-121.8986246
951,Primary,0.002646599331654,GA-303,303,2114,>1800,['GA-303'],1,0,37.33080493,-121.8869819
952,Primary,0.0017844265720798,GA-303,303,2074,>1800,['GA-303'],1,0,38.01704024,-121.2173024
953,Primary,0.003895297431757,GA-303,303,2058,>1800,['GA-303'],1,0,37.62326876,-120.8772632
954,Primary,0.0009512938380898,GA-303,303,2161,>1800,['GA-303'],1,0,38.61212023,-122.851428
955,Secondary,0.000267363235547,GA-303,303,2215,>1800,['GA-303'],1,0,40.66282252,-123.9543576
956,Primary,0.0034486900382959,GA-303,303,2081,>1800,['GA-303'],1,0,38.62058326,-121.3717498
957,Primary,0.0008621727595742,GA-303,303,2073,>1800,['GA-303'],1,0,38.67373467,-121.2380987
958,Primary,0.0023191540431747,GA-303,303,2084,>1800,['GA-303'],1,0,38.57836643,-121.437606
959,Secondary,0.0014269402571343,GA-303,303,2090,>1800,['GA-303'],1,0,39.43083598,-121.5715556
960,Secondary,0.0011595770215873,GA-303,303,2129,>1800,['GA-303'],1,0,40.74394506,-122.3227024
961,Secondary,0.0004456063925792,GA-303,303,2024,>1800,['GA-303'],1,0,39.65372482,-120.3429794
970,Primary,0.002497396200206,GA-303,303,2167,>1800,['GA-303'],1,0,45.47366175,-122.5845272
971,Primary,0.000981334864556,GA-303,303,2196,>1800,['GA-303'],1,0,45.5050069,-123.1825698
972,Primary,0.0034196500127116,GA-303,303,2173,>1800,['GA-303'],1,0,45.527154,-122.6820627
973,Primary,0.0013678602050848,GA-303,303,2188,>1800,['GA-303'],1,0,44.83833408,-123.1232028
974,Secondary,0.0014269402571343,GA-303,303,2189,>1800,['GA-303'],1,0,43.79203105,-123.2901347
975,Secondary,0.0009212528116237,GA-303,303,2164,>1800,['GA-303'],1,0,42.3858199,-122.935425
976,Secondary,0.000267363235547,GA-303,303,2092,>1800,['GA-303'],1,0,42.31514857,-121.5340757
977,Secondary,0.000564768497561,GA-303,303,2078,>1800,['GA-303'],1,0,44.02201986,-121.0295383
978,Secondary,5.910005206714588e-05,GA-303,303,1973,>1800,['GA-303'],1,0,45.32737754,-118.5658833
979,Primary,8.910007849716916e-05,GA-303,303,1890,>1800,['GA-303'],1,0,43.89181429,-117.2455071
980,Primary,0.0034486900382959,GA-303,303,2176,>1800,['GA-303'],1,0,47.56846941,-122.218759
981,Primary,0.0030621636977662,GA-303,303,2181,>1800,['GA-303'],1,0,47.6003177,-122.3192885
982,Primary,0.0025865172787217,GA-303,303,2189,>1800,['GA-303'],1,0,48.22699563,-122.3073792
983,Primary,0.0030331246721828,GA-303,303,2191,>1800,['GA-303'],1,0,47.47634214,-122.5928732
984,Primary,0.0011595770215873,GA-303,303,2181,>1800,['GA-303'],1,0,47.24239474,-122.4420014
985,Primary,0.0015761433885823,GA-303,303,2205,>1800,['GA-303'],1,0,46.99355624,-123.0236772
986,Primary,0.0019025876761797,GA-303,303,2172,>1800,['GA-303'],1,0,45.76925855,-122.62344
988,Secondary,0.0005948085240263,GA-303,303,2069,>1800,['GA-303'],1,0,47.68955592,-119.8267546
989,Secondary,0.0011295359951212,GA-303,303,2082,>1800,['GA-303'],1,0,46.62067943,-120.4825766
990,Secondary,0.0003274452884792,GA-303,303,1959,>1800,['GA-303'],1,0,47.6672503,-117.3992072
992,Secondary,0.0010404149166055,GA-303,303,1959,>1800,['GA-303'],1,0,47.66157143,-117.3964312
993,Secondary,0.0009512938380898,GA-303,303,2007,>1800,['GA-303'],1,0,46.28499278,-118.9835701
994,Secondary,3.0000026430023288e-05,GA-303,303,1918,>1800,['GA-303'],1,0,46.38525,-117.03592
