zip3,pmf,market,market_type,lat,lon,pmf_norm,preferred_fc_zip3,preferred_fc_distance,preferred_fc,distance_bucket
10,0.002021748,Primary,MA,42.22159842,-72.57355816,0.002021749781161557,21,77,MA-021,51-150
11,0.001159576,Primary,MA,42.10577295,-72.58373891,0.0011595770215873562,21,79,MA-021,51-150
12,0.000564768,Secondary,MA,42.39659452,-73.23757603,0.0005647684975610464,21,111,MA-021,51-150
13,0.000148201,Primary,MA,42.57895574,-72.54004426,0.00014820113056519604,21,76,MA-021,51-150
14,0.00074301,Primary,MA,42.56623253,-71.6967241,0.0007430106545923867,21,35,MA-021,<50
15,0.00145698,Primary,MA,42.24197516,-71.76761484,0.0014569812836005111,21,36,MA-021,<50
16,0.000803091,Primary,MA,42.26459123,-71.79338084,0.0008030917075237944,21,37,MA-021,<50
17,0.001189617,Primary,MA,42.33511609,-71.41725034,0.0011896180480535003,21,17,MA-021,<50
18,0.002794798,Primary,MA,42.60905578,-71.20474104,0.0027948004622192074,21,19,MA-021,<50
19,0.002260071,Primary,MA,42.55964044,-70.9448446,0.0022600729911243056,21,16,MA-021,<50
20,0.001605181,Primary,MA,42.18647637,-71.14535043,0.001605182414165707,21,12,MA-021,<50
21,0.005648677,Primary,MA,42.35170427,-71.07717596,0.005648681976488822,21,0,MA-021,<50
22,0.000297404,Primary,MA,42.35386118,-71.06993122,0.00029740426201315485,21,0,MA-021,<50
23,0.001991707,Primary,MA,42.07787459,-70.96676733,0.001991708754695413,21,20,MA-021,<50
24,0.000653889,Primary,MA,42.35635691,-71.1822087,0.0006538895760767165,21,5,MA-021,<50
25,0.000475646,Primary,MA,41.61678456,-70.56772206,0.0004756464190444952,21,57,MA-021,51-150
26,0.000624849,Primary,MA,41.71246484,-70.23067692,0.000624849550492454,21,62,MA-021,51-150
27,0.00217095,Primary,MA,41.77048621,-71.09835991,0.0021709519126086353,21,40,MA-021,<50
28,0.002764757,Primary,RI,41.70319953,-71.46661189,0.0027647594357530633,21,49,MA-021,<50
29,0.001665263,Primary,RI,41.8087759,-71.42421299,0.0016652644670979955,21,42,MA-021,<50
30,0.00145698,Primary,NH,42.84900883,-71.43806364,0.0014569812836005111,21,39,MA-021,<50
31,0.000386525,Primary,NH,42.99436347,-71.4652,0.000386525340528825,21,49,MA-021,<50
32,0.00074301,Primary,NH,43.48417588,-71.60856181,0.0007430106545923867,21,83,MA-021,51-150
33,0.000267363,Primary,NH,43.2209,-71.55933,0.00026736323554701056,21,65,MA-021,51-150
34,0.000178242,Primary,NH,42.93445679,-72.20745802,0.00017824215703134036,21,70,MA-021,51-150
35,0.000119162,Secondary,NH,44.5527,-71.45347544,0.0001191621049818145,21,153,MA-021,151-300
37,0.000297404,Secondary,NH,43.68600566,-72.16861698,0.00029740426201315485,21,107,MA-021,51-150
38,0.001635222,Primary,NH,43.24875168,-71.02708603,0.0016352234406318512,21,62,MA-021,51-150
39,0.000148201,Primary,ME,43.18603846,-70.71189487,0.00014820113056519604,21,61,MA-021,51-150
40,0.001159576,Primary,ME,43.70327886,-70.459,0.0011595770215873562,21,98,MA-021,51-150
41,0.000803091,Primary,ME,43.65348226,-70.26322312,0.0008030917075237944,21,99,MA-021,51-150
42,0.000297404,Secondary,ME,44.27333841,-70.36711325,0.00029740426201315485,21,137,MA-021,51-150
43,0.000208283,Secondary,ME,44.28428242,-69.79427473,0.00020828318349748467,21,148,MA-021,51-150
44,0.000386525,Secondary,ME,45.02228895,-68.79468837,0.000386525340528825,21,217,MA-021,151-300
46,0.000148201,Secondary,ME,44.59146195,-68.03332566,0.00014820113056519604,21,218,MA-021,151-300
47,0.000148201,Tertiary,ME,46.72181325,-68.11694217,0.00014820113056519604,21,335,MA-021,301-600
48,0.000208283,Secondary,ME,44.15387451,-69.11161961,0.00020828318349748467,21,159,MA-021,151-300
49,0.000267363,Secondary,ME,44.70606,-69.65431842,0.00026736323554701056,21,178,MA-021,151-300
50,0.000119162,Secondary,VT,43.7951267,-72.35990682,0.0001191621049818145,21,119,MA-021,51-150
51,0.000119162,Primary,VT,43.28894746,-72.55720508,0.0001191621049818145,21,99,MA-021,51-150
52,8.91e-05,Secondary,VT,43.06891636,-73.12794727,8.910007849716916e-05,21,116,MA-021,51-150
53,8.91e-05,Primary,VT,42.94292113,-72.7295507,8.910007849716916e-05,21,94,MA-021,51-150
54,0.000624849,Secondary,VT,44.54390303,-73.10620947,0.000624849550492454,21,183,MA-021,151-300
56,0.000327445,Secondary,VT,44.3038876,-72.57091405,0.00032744528847929914,21,154,MA-021,151-300
57,0.000356484,Secondary,VT,43.69014437,-73.07828411,0.0003564843140626807,21,137,MA-021,51-150
60,0.002349193,Primary,CT,41.9682,-73.4412,0.0023491950696408566,70,96,NJ-070,51-150
61,0.000773051,Primary,CT,41.5522,-73.0443,0.000773051681058531,70,83,NJ-070,51-150
62,0.000624849,Primary,CT,41.6929,-72.3122,0.000624849550492454,21,78,MA-021,51-150
63,0.001337818,Primary,CT,41.6163,-72.0827,0.0013378191786186963,21,73,MA-021,51-150
64,0.002319152,Primary,CT,41.3877,-72.4336,0.0023191540431747124,21,97,MA-021,51-150
65,0.001011374,Primary,CT,40.75607573,-72.78328693,0.0010113748910212791,70,70,NJ-070,51-150
66,0.000951293,Primary,CT,41.1777,-73.1933,0.0009512938380898713,70,60,NJ-070,51-150
67,0.000862172,Primary,CT,41.5522,-73.0443,0.0008621727595742013,70,83,NJ-070,51-150
68,0.001813464,Primary,CT,41.0788,-73.4713,0.0018134655976631917,70,44,NJ-070,<50
69,0.000356484,Primary,CT,41.1003,-73.549,0.0003564843140626807,70,42,NJ-070,<50
70,0.008117031,Primary,NJ,40.6674,-74.1146,0.008117038151110612,70,0,NJ-070,<50
71,0.001962667,Primary,NJ,40.7339,-74.1617,0.0019626687291111502,70,5,NJ-070,<50
72,0.001337818,Primary,NJ,40.6965,-74.267,0.0013378191786186963,70,8,NJ-070,<50
73,0.000921252,Primary,NJ,40.7148,-74.0371,0.0009212528116237271,70,5,NJ-070,<50
74,0.001218656,Primary,NJ,41.0592,-74.1322,0.001218657073636882,70,27,NJ-070,<50
75,0.000951293,Primary,NJ,40.9125,-74.1653,0.0009512938380898713,70,17,NJ-070,<50
76,0.002021748,Primary,NJ,40.887,-74.0391,0.002021749781161557,70,16,NJ-070,<50
77,0.002260071,Primary,NJ,40.3038,-73.9858,0.0022600729911243056,70,26,NJ-070,<50
78,0.001100496,Primary,NJ,40.672,-74.7507,0.0011004969695378303,70,33,NJ-070,<50
79,0.00071397,Primary,NJ,40.06206193,-74.22597178,0.0007139706290081242,70,42,NJ-070,<50
80,0.004043495,Primary,NJ,39.36192889,-74.75292026,0.004043498562322234,70,96,NJ-070,51-150
81,0.00071397,Primary,NJ,39.93994576,-75.10335695,0.0007139706290081242,70,72,NJ-070,51-150
82,0.000653889,Primary,NJ,39.0817,-74.8214,0.0006538895760767165,70,116,NJ-070,51-150
83,0.00151606,Primary,NJ,39.47426061,-75.01237929,0.0015160613356500368,70,95,NJ-070,51-150
84,0.000416566,Primary,NJ,39.3365,-74.4828,0.00041656636699496935,70,94,NJ-070,51-150
85,0.000921252,Primary,NJ,39.89411341,-74.45477726,0.0009212528116237271,70,56,NJ-070,51-150
86,0.000981334,Primary,NJ,40.22932944,-74.72748806,0.0009813348645560157,70,44,NJ-070,<50
87,0.001605181,Primary,NJ,40.03073867,-74.191903,0.001605182414165707,70,44,NJ-070,<50
88,0.003626929,Primary,NJ,40.53162924,-74.5131388,0.0036269321953272646,70,23,NJ-070,<50
89,0.000267363,Primary,NJ,40.48942037,-74.44261806,0.00026736323554701056,70,21,NJ-070,<50
100,0.00663001,Primary,NY,40.74525552,-73.98520233,0.006630015841043957,70,9,NJ-070,<50
101,0.000297404,Primary,NY,40.74727355,-73.9830577,0.00029740426201315485,70,9,NJ-070,<50
103,0.003359566,Primary,NY,40.60260336,-74.1228694,0.003359568959780254,70,4,NJ-070,<50
104,0.006214445,Primary,NY,40.84227184,-73.88505434,0.006214450474930869,70,17,NJ-070,<50
105,0.002051788,Primary,NY,41.11518994,-73.78099939,0.002051789807626821,70,35,NJ-070,<50
107,0.000445606,Primary,NY,40.94393272,-73.86919228,0.00044560639257923185,70,23,NJ-070,<50
108,0.000505687,Primary,NY,40.93233725,-73.78483333,0.0005056874455106396,70,25,NJ-070,<50
109,0.002110869,Primary,NY,41.211135,-74.11537659,0.0021108708596772273,70,38,NJ-070,<50
110,0.000445606,Primary,NY,40.74237028,-73.67615728,0.00044560639257923185,70,24,NJ-070,<50
111,0.00151606,Primary,NY,40.7491698,-73.94105235,0.0015160613356500368,70,11,NJ-070,<50
112,0.008890082,Primary,NY,40.66649174,-73.95393848,0.008890089832169143,70,8,NJ-070,<50
113,0.002764757,Primary,NY,40.74291633,-73.86860143,0.0027647594357530633,70,14,NJ-070,<50
114,0.002497394,Primary,NY,40.69842097,-73.81199682,0.0024973962002060525,70,16,NJ-070,<50
115,0.002646597,Primary,NY,40.72620155,-73.62281814,0.0026465993316540115,70,26,NJ-070,<50
116,0.000327445,Primary,NY,40.60472791,-73.81473256,0.00032744528847929914,70,16,NJ-070,<50
117,0.00517303,Primary,NY,40.78807368,-73.30625937,0.0051730345574434455,70,43,NJ-070,<50
118,0.000267363,Primary,NY,40.75869444,-73.53503889,0.00026736323554701056,70,31,NJ-070,<50
119,0.001129535,Primary,NY,40.87343242,-72.71286301,0.0011295359951212119,70,75,NJ-070,51-150
120,0.001367859,Secondary,NY,42.75112857,-73.92861229,0.0013678602050848406,70,144,NJ-070,51-150
121,0.001070455,Secondary,NY,42.69234195,-73.84015671,0.001070455943071686,70,140,NJ-070,51-150
122,0.00071397,Secondary,NY,42.66180847,-73.76956911,0.0007139706290081242,21,139,MA-021,51-150
123,0.00074301,Secondary,NY,42.78925236,-73.90415864,0.0007430106545923867,21,147,MA-021,51-150
124,0.001159576,Primary,NY,42.03563672,-74.11526836,0.0011595770215873562,70,94,NJ-070,51-150
125,0.002408273,Primary,NY,41.69834209,-73.89105316,0.0024082751216903822,70,72,NJ-070,51-150
126,5.91e-05,Primary,NY,41.69560833,-73.9233869,5.9100052067145876e-05,70,72,NJ-070,51-150
127,0.000297404,Primary,NY,41.65489609,-74.71532109,0.00029740426201315485,70,75,NJ-070,51-150
128,0.000445606,Secondary,NY,43.31938779,-73.67786374,0.00044560639257923185,21,148,MA-021,51-150
129,0.000624849,Secondary,NY,44.58697813,-73.8274599,0.000624849550492454,21,207,MA-021,151-300
130,0.000803091,Secondary,NY,42.99775466,-76.20254689,0.0008030917075237944,70,194,NJ-070,151-300
131,0.000238324,Secondary,NY,43.06662667,-76.29617611,0.000238324209963629,70,200,NJ-070,151-300
132,0.0013979,Secondary,NY,43.05455039,-76.14863619,0.0013979012315509852,70,195,NJ-070,151-300
133,0.000297404,Secondary,NY,43.12366951,-75.23849512,0.00029740426201315485,70,179,NJ-070,151-300
134,0.000921252,Secondary,NY,43.10408259,-75.33231194,0.0009212528116237271,70,180,NJ-070,151-300
135,8.91e-05,Secondary,NY,43.10318462,-75.22635192,8.910007849716916e-05,70,178,NJ-070,151-300
136,0.001367859,Secondary,NY,44.2923,-75.55557203,0.0013678602050848406,70,261,NJ-070,151-300
137,0.000416566,Secondary,NY,42.20430511,-75.71403139,0.00041656636699496935,70,135,NJ-070,51-150
138,0.00071397,Secondary,NY,42.31484412,-75.62288235,0.0007139706290081242,70,138,NJ-070,51-150
139,0.000327445,Secondary,NY,42.10401583,-75.90619784,0.00032744528847929914,70,136,NJ-070,51-150
140,0.001129535,Secondary,NY,42.83957564,-78.68910897,0.0011295359951212119,481,246,MI-481,151-300
141,0.001189617,Secondary,NY,42.89635879,-78.77738187,0.0011896180480535003,481,242,MI-481,151-300
142,0.002853878,Secondary,NY,42.90586967,-78.84116078,0.002853880514268733,481,239,MI-481,151-300
143,0.000267363,Secondary,NY,43.07818571,-79.01328036,0.00026736323554701056,481,233,MI-481,151-300
144,0.001100496,Secondary,NY,43.01512782,-77.55959839,0.0011004969695378303,70,241,NJ-070,151-300
145,0.000921252,Secondary,NY,43.02661111,-77.4711828,0.0009212528116237271,70,238,NJ-070,151-300
146,0.002616556,Secondary,NY,43.15380025,-77.61061104,0.002616558305187867,70,249,NJ-070,151-300
147,0.000803091,Secondary,NY,42.19690941,-78.9368995,0.0008030917075237944,481,232,MI-481,151-300
148,0.000803091,Secondary,NY,42.29343289,-76.99774497,0.0008030917075237944,70,187,NJ-070,151-300
149,0.000178242,Secondary,NY,42.09806724,-76.79182759,0.00017824215703134036,70,171,NJ-070,151-300
150,0.001040414,Secondary,PA,40.48827386,-80.06192407,0.0010404149166055416,481,215,MI-481,151-300
151,0.001576142,Secondary,PA,40.44208,-79.96457029,0.0015761433885823255,481,221,MI-481,151-300
152,0.002260071,Secondary,PA,40.44167781,-79.98308384,0.0022600729911243056,481,221,MI-481,151-300
153,0.000564768,Secondary,PA,40.12427185,-80.16128992,0.0005647684975610464,481,227,MI-481,151-300
154,0.000119162,Secondary,PA,39.95365,-79.74857363,0.0001191621049818145,481,251,MI-481,151-300
155,0.000267363,Secondary,PA,40.00922679,-78.83279464,0.00026736323554701056,70,253,NJ-070,151-300
156,0.00071397,Secondary,PA,40.33140295,-79.58745574,0.0007139706290081242,481,242,MI-481,151-300
157,0.000119162,Secondary,PA,40.69903272,-79.0433963,0.0001191621049818145,481,254,MI-481,151-300
158,0.000148201,Secondary,PA,41.23524105,-78.77409789,0.00014820113056519604,70,247,NJ-070,151-300
159,8.91e-05,Secondary,PA,40.35897235,-78.87375176,8.910007849716916e-05,70,251,NJ-070,151-300
160,0.000862172,Secondary,PA,40.87177742,-79.92391659,0.0008621727595742013,481,207,MI-481,151-300
161,0.000416566,Secondary,PA,41.119136,-80.3581008,0.00041656636699496935,481,179,MI-481,151-300
162,0.000178242,Secondary,PA,41.0390295,-79.41189353,0.00017824215703134036,481,226,MI-481,151-300
163,8.91e-05,Secondary,PA,41.56453208,-79.65535409,8.910007849716916e-05,481,202,MI-481,151-300
164,0.000238324,Secondary,PA,41.88696429,-79.99716071,0.000238324209963629,481,180,MI-481,151-300
165,0.000416566,Secondary,PA,42.11951227,-80.08246136,0.00041656636699496935,481,173,MI-481,151-300
166,0.000594808,Secondary,PA,40.5086,-78.33891137,0.0005948085240263097,70,222,NJ-070,151-300
168,0.000119162,Secondary,PA,40.89835472,-77.98498962,0.0001191621049818145,70,204,NJ-070,151-300
169,3e-05,Secondary,PA,41.82211053,-77.30583789,3.0000026430023288e-05,70,184,NJ-070,151-300
170,0.002378232,Primary,PA,40.3307,-76.94386764,0.002378234095224238,70,151,NJ-070,151-300
171,0.000653889,Primary,PA,40.26888145,-76.86055597,0.0006538895760767165,70,147,NJ-070,51-150
172,0.000624849,Primary,PA,39.96023529,-77.73703309,0.000624849550492454,70,197,NJ-070,151-300
173,0.001159576,Primary,PA,39.91429771,-76.83668211,0.0011595770215873562,70,153,NJ-070,151-300
174,0.000445606,Primary,PA,39.96253563,-76.721075,0.00044560639257923185,70,146,NJ-070,51-150
175,0.00074301,Primary,PA,40.0787199,-76.24097704,0.0007430106545923867,70,119,NJ-070,51-150
176,0.000832131,Primary,PA,40.04796608,-76.3200386,0.0008321317331080569,70,124,NJ-070,51-150
177,0.000803091,Secondary,PA,41.25440132,-77.08451711,0.0008030917075237944,70,161,NJ-070,151-300
178,0.000624849,Secondary,PA,40.91138511,-76.71143936,0.000624849550492454,70,137,NJ-070,51-150
179,0.000327445,Primary,PA,40.71563333,-76.21331714,0.00032744528847929914,70,110,NJ-070,51-150
180,0.002527435,Primary,PA,40.62422628,-75.41782569,0.002527437226672197,70,69,NJ-070,51-150
181,0.00071397,Primary,PA,40.58665963,-75.48004667,0.0007139706290081242,70,72,NJ-070,51-150
182,0.001011374,Primary,PA,40.91117327,-75.91078119,0.0010113748910212791,70,96,NJ-070,51-150
183,0.001100496,Primary,PA,41.04724939,-75.24029085,0.0011004969695378303,70,65,NJ-070,51-150
184,0.001278738,Primary,PA,41.53036893,-75.46419322,0.0012787391265691706,70,92,NJ-070,51-150
185,0.000416566,Primary,PA,41.39919606,-75.68046897,0.00041656636699496935,70,96,NJ-070,51-150
186,0.000327445,Secondary,PA,41.30784775,-75.94537416,0.00032744528847929914,70,105,NJ-070,51-150
187,0.000773051,Primary,PA,41.24694724,-75.88343681,0.000773051681058531,70,101,NJ-070,51-150
188,0.000208283,Secondary,PA,41.81512832,-76.12135487,0.00020828318349748467,70,131,NJ-070,51-150
189,0.001129535,Primary,PA,40.29460743,-75.13967883,0.0011295359951212119,70,60,NJ-070,51-150
190,0.003776132,Primary,PA,40.04971981,-75.19010931,0.003776135326775223,70,71,NJ-070,51-150
191,0.005708758,Primary,PA,39.98244557,-75.15100769,0.00570876302942023,70,72,NJ-070,51-150
193,0.001159576,Primary,PA,39.97870243,-75.61172708,0.0011595770215873562,70,92,NJ-070,51-150
194,0.001100496,Primary,PA,40.14909193,-75.36631969,0.0011004969695378303,70,75,NJ-070,51-150
195,0.000981334,Primary,PA,40.37234731,-75.82671183,0.0009813348645560157,70,92,NJ-070,51-150
196,0.000921252,Primary,PA,40.32961781,-75.9111668,0.0009212528116237271,70,97,NJ-070,51-150
197,0.001605181,Primary,DE,39.67063322,-75.65360909,0.001605182414165707,70,107,NJ-070,51-150
198,0.000921252,Primary,DE,39.74372985,-75.56226797,0.0009212528116237271,70,100,NJ-070,51-150
199,0.001576142,Primary,DE,38.88058095,-75.42778852,0.0015761433885823255,70,142,NJ-070,51-150
200,0.002794798,Primary,DC,38.91072436,-77.03283497,0.0027948004622192074,70,197,NJ-070,151-300
201,0.003626929,Primary,VA,38.90325843,-77.40995754,0.0036269321953272646,70,213,NJ-070,151-300
206,0.001218656,Primary,MD,38.52837802,-76.80524593,0.001218657073636882,70,206,NJ-070,151-300
207,0.003240404,Primary,MD,38.96671509,-76.8871367,0.0032404068547984394,70,188,NJ-070,151-300
208,0.001843505,Primary,MD,39.07738908,-77.13893504,0.001843506624129336,70,195,NJ-070,151-300
209,0.000475646,Primary,MD,39.0233881,-77.02748367,0.0004756464190444952,70,192,NJ-070,151-300
210,0.002289111,Primary,MD,39.29973353,-76.6165766,0.002289113016708568,70,163,NJ-070,151-300
211,0.001991707,Primary,MD,39.31982141,-76.66981463,0.001991708754695413,70,164,NJ-070,151-300
212,0.003924333,Primary,MD,39.30355192,-76.62872847,0.0039243364573404195,70,163,NJ-070,151-300
214,0.000327445,Primary,MD,38.9896406,-76.54905789,0.00032744528847929914,70,174,NJ-070,151-300
215,0.000416566,Secondary,MD,39.57773953,-78.96976628,0.00041656636699496935,275,259,NC-275,151-300
216,0.000564768,Primary,MD,38.86673676,-76.05069081,0.0005647684975610464,70,161,NJ-070,151-300
217,0.001784425,Primary,MD,39.44913587,-77.382995,0.0017844265720798102,70,193,NJ-070,151-300
218,0.000386525,Primary,MD,38.36056166,-75.58505389,0.000386525340528825,70,177,NJ-070,151-300
219,0.000505687,Primary,MD,39.56120375,-75.99228125,0.0005056874455106396,70,125,NJ-070,51-150
220,0.00074301,Primary,VA,38.86234783,-77.22257693,0.0007430106545923867,70,207,NJ-070,151-300
221,0.001426939,Primary,VA,38.83510377,-77.22143642,0.0014269402571343666,70,208,NJ-070,151-300
222,0.000534727,Primary,VA,38.88123443,-77.10090017,0.000534727471094902,70,201,NJ-070,151-300
223,0.000951293,Primary,VA,38.83112862,-77.1054273,0.0009512938380898713,70,203,NJ-070,151-300
224,0.000803091,Primary,VA,38.23108786,-77.30653931,0.0008030917075237944,275,181,NC-275,151-300
225,0.000475646,Primary,VA,38.15327143,-77.24898469,0.0004756464190444952,275,178,NC-275,151-300
226,0.000594808,Primary,VA,39.07277338,-78.19579286,0.0005948085240263097,275,225,NC-275,151-300
227,0.000238324,Primary,VA,38.45003061,-78.03821939,0.000238324209963629,275,184,NC-275,151-300
228,0.000327445,Secondary,VA,38.50563333,-78.81185,0.00032744528847929914,275,185,NC-275,151-300
229,0.000773051,Secondary,VA,38.04090567,-78.55812933,0.000773051681058531,275,153,NC-275,151-300
230,0.001337818,Secondary,VA,37.62949356,-77.41682772,0.0013378191786186963,275,141,NC-275,51-150
231,0.00071397,Secondary,VA,37.4998441,-77.22245983,0.0007139706290081242,275,139,NC-275,51-150
232,0.001694303,Secondary,VA,37.54388316,-77.47156195,0.0016943044926822583,275,135,NC-275,51-150
233,0.000564768,Secondary,VA,37.00132646,-76.13837831,0.0005647684975610464,275,161,NC-275,151-300
234,0.002289111,Secondary,VA,36.95177949,-76.19095487,0.002289113016708568,275,157,NC-275,151-300
235,0.000624849,Secondary,VA,36.86433079,-76.28011677,0.000624849550492454,275,149,NC-275,51-150
236,0.001932626,Secondary,VA,37.08132778,-76.46009571,0.0019326277026450061,275,149,NC-275,51-150
237,0.000386525,Secondary,VA,36.84195069,-76.31723889,0.000386525340528825,275,147,NC-275,51-150
238,0.001724343,Secondary,VA,37.14932953,-77.38776316,0.0017243445191475215,275,114,NC-275,51-150
239,0.000208283,Primary,VA,37.00231935,-78.31550242,0.00020828318349748467,275,83,NC-275,51-150
240,0.000892213,Secondary,VA,37.20747706,-80.01200902,0.0008922137860403455,275,122,NC-275,51-150
241,0.000683929,Secondary,VA,37.06934143,-80.10405429,0.0006839296025419799,275,118,NC-275,51-150
242,0.000327445,Secondary,VA,36.81517643,-82.35745987,0.00032744528847929914,275,219,NC-275,151-300
243,0.000594808,Secondary,VA,36.83753356,-81.11225503,0.0005948085240263097,275,155,NC-275,151-300
244,0.000445606,Secondary,VA,38.04320667,-79.31057,0.00044560639257923185,275,157,NC-275,151-300
245,0.00071397,Primary,VA,37.16149444,-79.15126608,0.0007139706290081242,275,96,NC-275,51-150
246,0.000208283,Secondary,VA,37.17204028,-81.7817375,0.00020828318349748467,275,198,NC-275,151-300
247,0.000178242,Secondary,WV,37.37688824,-81.17853529,0.00017824215703134036,275,177,NC-275,151-300
249,0.000208283,Secondary,WV,37.83328475,-80.45680678,0.00020828318349748467,275,171,NC-275,151-300
250,0.000356484,Secondary,WV,38.28920448,-81.51959701,0.0003564843140626807,275,233,NC-275,151-300
251,0.000148201,Secondary,WV,38.26736075,-81.62581589,0.00014820113056519604,275,236,NC-275,151-300
252,0.000297404,Secondary,WV,38.65841184,-81.59550921,0.00029740426201315485,275,254,NC-275,151-300
253,0.000267363,Secondary,WV,38.3517255,-81.6372055,0.00026736323554701056,275,240,NC-275,151-300
254,0.000534727,Primary,WV,39.42938372,-78.08368837,0.000534727471094902,70,227,NJ-070,151-300
255,0.000297404,Secondary,WV,38.35476786,-82.14961161,0.00029740426201315485,275,261,NC-275,151-300
256,0.000119162,Secondary,WV,37.76249259,-82.0260037,0.0001191621049818145,275,231,NC-275,151-300
257,0.000327445,Secondary,WV,38.41577699,-82.43553274,0.00032744528847929914,481,272,MI-481,151-300
258,0.000119162,Secondary,WV,37.825463,-81.192217,0.0001191621049818145,275,198,NC-275,151-300
259,8.91e-05,Secondary,WV,37.79625,-81.0564381,8.910007849716916e-05,275,191,NC-275,151-300
260,0.000445606,Secondary,WV,40.15625591,-80.61938661,0.00044560639257923185,481,208,MI-481,151-300
261,0.000505687,Secondary,WV,39.28909,-81.33790077,0.0005056874455106396,481,234,MI-481,151-300
262,0.000267363,Secondary,WV,38.86444066,-79.99928901,0.00026736323554701056,275,222,NC-275,151-300
263,0.000119162,Secondary,WV,39.21827692,-80.45758462,0.0001191621049818145,275,254,NC-275,151-300
264,0.000238324,Secondary,WV,39.25559726,-80.41546027,0.000238324209963629,275,256,NC-275,151-300
265,0.000653889,Secondary,WV,39.5895,-80.0849882,0.0006538895760767165,481,256,MI-481,151-300
266,3e-05,Secondary,WV,38.45512727,-80.77590909,3.0000026430023288e-05,275,216,NC-275,151-300
268,0.000148201,Secondary,WV,38.93795366,-79.0184878,0.00014820113056519604,275,215,NC-275,151-300
270,0.000534727,Secondary,NC,36.17049502,-80.38823575,0.000534727471094902,275,101,NC-275,51-150
271,0.000683929,Primary,NC,36.09141046,-80.25698769,0.0006839296025419799,275,93,NC-275,51-150
272,0.001426939,Primary,NC,35.95710716,-79.77658795,0.0014269402571343666,275,65,NC-275,51-150
273,0.000832131,Primary,NC,35.88759763,-79.59428538,0.0008321317331080569,275,54,NC-275,51-150
274,0.001040414,Primary,NC,36.05700861,-79.79280196,0.0010404149166055416,275,67,NC-275,51-150
275,0.004221737,Primary,NC,35.82887174,-78.63465029,0.004221740719353574,275,0,NC-275,<50
276,0.001487021,Primary,NC,35.8020726,-78.6551966,0.0014870223100666552,275,2,NC-275,<50
277,0.000892213,Primary,NC,35.94769405,-78.88211162,0.0008922137860403455,275,16,NC-275,<50
278,0.001307777,Primary,NC,35.87348852,-77.5487614,0.0013077781521525522,275,61,NC-275,51-150
279,0.00071397,Secondary,NC,36.14088453,-76.32125746,0.0007139706290081242,275,131,NC-275,51-150
280,0.002675636,Secondary,NC,35.33906188,-80.99037833,0.0026756383572373926,275,137,NC-275,51-150
281,0.00151606,Secondary,NC,35.31159828,-80.76785226,0.0015160613356500368,275,125,NC-275,51-150
282,0.002675636,Secondary,NC,35.21502079,-80.83265285,0.0026756383572373926,275,131,NC-275,51-150
283,0.002438314,Primary,NC,35.01738742,-78.9475324,0.002438316148156527,275,59,NC-275,51-150
284,0.001605181,Secondary,NC,34.2891912,-78.08137156,0.001605182414165707,275,111,NC-275,51-150
285,0.001784425,Primary,NC,34.9859099,-77.28354777,0.0017844265720798102,275,96,NC-275,51-150
286,0.001576142,Secondary,NC,35.94264222,-81.30105167,0.0015761433885823255,275,150,NC-275,51-150
287,0.001546101,Secondary,NC,35.45591335,-82.64979975,0.0015461023621161812,303,148,GA-303,51-150
288,0.000683929,Secondary,NC,35.58817723,-82.54401295,0.0006839296025419799,303,159,GA-303,151-300
289,0.000178242,Primary,NC,35.088075,-83.868865,0.00017824215703134036,303,91,GA-303,51-150
290,0.000951293,Secondary,SC,33.98978865,-80.8998922,0.0009512938380898713,275,181,NC-275,151-300
291,0.000981334,Secondary,SC,33.90319931,-80.79367674,0.0009813348645560157,275,181,NC-275,151-300
292,0.000505687,Secondary,SC,34.0198117,-81.0258532,0.0005056874455106396,275,184,NC-275,151-300
293,0.001129535,Secondary,SC,34.89395375,-81.929428,0.0011295359951212119,303,156,GA-303,151-300
294,0.003330526,Secondary,SC,32.88681303,-80.02509611,0.003330528934195991,275,218,NC-275,151-300
295,0.0013979,Secondary,SC,33.99822153,-79.37769234,0.0013979012315509852,275,133,NC-275,51-150
296,0.003151283,Secondary,SC,34.73092044,-82.462196,0.003151285776282769,303,124,GA-303,51-150
297,0.000773051,Secondary,SC,34.90712222,-81.01128778,0.000773051681058531,275,148,NC-275,51-150
298,0.000148201,Secondary,SC,33.53246422,-81.7971931,0.00014820113056519604,303,148,GA-303,51-150
299,0.00074301,Secondary,SC,32.44946269,-80.81498109,0.0007430106545923867,303,225,GA-303,151-300
300,0.007433102,Primary,GA,33.87882718,-84.24722308,0.007433108548568631,303,7,GA-303,<50
301,0.00297304,Primary,GA,33.97785107,-84.61278737,0.002973042619250548,303,19,GA-303,<50
302,0.002675636,Primary,GA,33.49760013,-84.39142252,0.0026756383572373926,303,23,GA-303,<50
303,0.00443002,Primary,GA,33.82242118,-84.34254523,0.004430023902851059,303,0,GA-303,<50
304,0.000534727,Secondary,GA,32.48343918,-82.06773196,0.000534727471094902,303,161,GA-303,151-300
305,0.00145698,Primary,GA,34.33189276,-83.8383092,0.0014569812836005111,303,45,GA-303,<50
306,0.001337818,Primary,GA,33.90451178,-83.38081233,0.0013378191786186963,303,56,GA-303,51-150
307,0.000892213,Primary,GA,34.69029569,-85.06255167,0.0008922137860403455,303,73,GA-303,51-150
308,0.000445606,Secondary,GA,33.39659213,-82.21214724,0.00044560639257923185,303,126,GA-303,51-150
309,0.000475646,Secondary,GA,33.48753421,-82.06129699,0.0004756464190444952,303,133,GA-303,51-150
310,0.000683929,Primary,GA,32.62425137,-83.43419612,0.0006839296025419799,303,98,GA-303,51-150
312,0.000267363,Primary,GA,32.8358381,-83.64196667,0.00026736323554701056,303,79,GA-303,51-150
313,0.000921252,Secondary,GA,31.93639896,-81.49039479,0.0009212528116237271,303,211,GA-303,151-300
314,0.000981334,Secondary,GA,32.0700884,-81.1176529,0.0009813348645560157,303,223,GA-303,151-300
315,0.001040414,Secondary,GA,31.29840563,-82.00096162,0.0010404149166055416,303,221,GA-303,151-300
316,0.000416566,Secondary,GA,30.92886067,-83.28538483,0.00041656636699496935,303,209,GA-303,151-300
317,0.000505687,Secondary,GA,31.47418031,-83.95340051,0.0005056874455106396,303,163,GA-303,151-300
318,0.000148201,Primary,GA,32.56099242,-84.86697576,0.00014820113056519604,303,92,GA-303,51-150
319,0.000267363,Primary,GA,32.47927346,-84.96985213,0.00026736323554701056,303,99,GA-303,51-150
320,0.002080828,Secondary,FL,30.13761429,-81.80804379,0.002080829833211083,303,294,GA-303,151-300
321,0.0013979,Primary,FL,29.28033024,-81.25835547,0.0013979012315509852,331,248,FL-331,151-300
322,0.003448687,Secondary,FL,30.30075213,-81.63305956,0.003448690038295924,303,290,GA-303,151-300
323,0.000653889,Secondary,FL,30.41755655,-84.2583939,0.0006538895760767165,303,235,GA-303,151-300
324,0.001159576,Secondary,FL,30.38547134,-85.67905612,0.0011595770215873562,303,249,GA-303,151-300
325,0.001991707,Secondary,FL,30.46285326,-86.94394577,0.001991708754695413,303,277,GA-303,151-300
326,0.001367859,Primary,FL,29.61443468,-82.36344412,0.0013678602050848406,331,294,FL-331,151-300
327,0.00365697,Primary,FL,28.67999853,-81.34017569,0.0036569732217934083,331,210,FL-331,151-300
328,0.004965748,Primary,FL,28.52980184,-81.37025332,0.004965752374827843,331,201,FL-331,151-300
329,0.001813464,Primary,FL,28.15899052,-80.64259589,0.0018134655976631917,331,165,FL-331,151-300
330,0.006481809,Primary,FL,25.95777195,-80.25858971,0.00648181471047876,331,12,FL-331,<50
331,0.007819627,Primary,FL,25.78771157,-80.24139668,0.007819633889097457,331,0,FL-331,<50
333,0.002557476,Primary,FL,26.14805954,-80.17388352,0.002557478253138341,331,25,FL-331,<50
334,0.005530516,Primary,FL,26.59437338,-80.10587723,0.005530520872388889,331,56,FL-331,51-150
335,0.002260071,Primary,FL,28.0939347,-82.29407331,0.0022600729911243056,331,203,FL-331,151-300
336,0.002438314,Primary,FL,27.98146252,-82.47044567,0.002438316148156527,331,204,FL-331,151-300
337,0.001813464,Primary,FL,27.89427293,-82.73852559,0.0018134655976631917,331,212,FL-331,151-300
338,0.002794798,Primary,FL,27.91676799,-81.75444563,0.0027948004622192074,331,174,FL-331,151-300
339,0.002824839,Secondary,FL,26.74966989,-81.93435878,0.0028248414886853515,331,124,FL-331,51-150
341,0.000862172,Primary,FL,26.22950586,-81.7687168,0.0008621727595742013,331,100,FL-331,51-150
342,0.001843505,Secondary,FL,27.32596833,-82.48886278,0.001843506624129336,331,175,FL-331,151-300
344,0.001278738,Primary,FL,29.07456686,-82.21431716,0.0012787391265691706,331,257,FL-331,151-300
346,0.001694303,Primary,FL,28.24635759,-82.63796978,0.0016943044926822583,331,225,FL-331,151-300
347,0.004638303,Primary,FL,28.47366387,-81.51423972,0.004638307086348543,331,201,FL-331,151-300
349,0.001307777,Secondary,FL,27.25510366,-80.33700476,0.0013077781521525522,331,101,FL-331,51-150
350,0.001070455,Secondary,AL,33.54527751,-86.70058997,0.001070455943071686,303,137,GA-303,51-150
351,0.000327445,Secondary,AL,33.49966525,-86.62874068,0.00032744528847929914,303,134,GA-303,51-150
352,0.00074301,Secondary,AL,33.50463087,-86.80815558,0.0007430106545923867,303,144,GA-303,51-150
354,0.000416566,Secondary,AL,33.16616844,-87.62999221,0.00041656636699496935,303,195,GA-303,151-300
355,3e-05,Secondary,AL,33.9002525,-87.5478075,3.0000026430023288e-05,303,184,GA-303,151-300
356,0.001011374,Secondary,AL,34.67768896,-87.23686269,0.0010113748910212791,303,176,GA-303,151-300
357,0.000386525,Primary,AL,34.72508697,-86.49936092,0.000386525340528825,303,138,GA-303,51-150
358,0.00071397,Primary,AL,34.72759074,-86.60573215,0.0007139706290081242,303,144,GA-303,51-150
359,0.000624849,Primary,AL,34.19955081,-86.02329234,0.000624849550492454,303,100,GA-303,51-150
360,0.00074301,Secondary,AL,32.17601956,-86.12245978,0.0007430106545923867,303,153,GA-303,151-300
361,0.000862172,Secondary,AL,32.37579631,-86.29243219,0.0008621727595742013,303,151,GA-303,151-300
362,0.000178242,Primary,AL,33.61636158,-85.78863892,0.00017824215703134036,303,84,GA-303,51-150
363,0.000148201,Secondary,AL,31.30050563,-85.52091408,0.00014820113056519604,303,187,GA-303,151-300
364,8.91e-05,Secondary,AL,31.34653824,-86.95451176,8.910007849716916e-05,303,229,GA-303,151-300
365,0.000416566,Secondary,AL,30.76496287,-87.89512996,0.00041656636699496935,303,296,GA-303,151-300
366,0.000475646,Tertiary,AL,30.68758851,-88.08793195,0.0004756464190444952,303,308,GA-303,301-600
367,0.000208283,Secondary,AL,32.36677635,-87.33822568,0.00020828318349748467,303,201,GA-303,151-300
368,0.000267363,Secondary,AL,32.60137169,-85.35060091,0.00026736323554701056,303,102,GA-303,51-150
369,3e-05,Secondary,AL,32.23942059,-88.20716176,3.0000026430023288e-05,303,249,GA-303,151-300
370,0.00439998,Primary,TN,36.18684261,-86.86229019,0.004399983876385796,303,217,GA-303,151-300
371,0.001813464,Primary,TN,36.03438466,-86.65937709,0.0018134655976631917,303,201,GA-303,151-300
372,0.002140909,Primary,TN,36.1509996,-86.77006301,0.0021409108861424908,303,211,GA-303,151-300
373,0.001487021,Secondary,TN,35.23934523,-85.30571159,0.0014870223100666552,303,112,GA-303,51-150
374,0.000505687,Primary,TN,35.04427954,-85.28285217,0.0005056874455106396,303,100,GA-303,51-150
376,0.001100496,Secondary,TN,36.40340963,-82.45638924,0.0011004969695378303,303,208,GA-303,151-300
377,0.000773051,Secondary,TN,36.08263647,-83.86576203,0.000773051681058531,303,158,GA-303,151-300
378,0.000921252,Secondary,TN,36.00896,-83.80920272,0.0009212528116237271,303,154,GA-303,151-300
379,0.001724343,Secondary,TN,35.95953956,-83.95787445,0.0017243445191475215,303,149,GA-303,51-150
380,0.000981334,Secondary,TN,35.32547605,-89.66527763,0.0009813348645560157,303,321,GA-303,301-600
381,0.001546101,Secondary,TN,35.12613147,-89.95737767,0.0015461023621161812,303,333,GA-303,301-600
382,0.000386525,Secondary,TN,36.30005753,-88.77146027,0.000386525340528825,303,304,GA-303,301-600
383,0.000564768,Secondary,TN,35.6366772,-88.66090521,0.0005647684975610464,303,276,GA-303,151-300
384,0.000178242,Primary,TN,35.40914651,-87.17404884,0.00017824215703134036,303,195,GA-303,151-300
385,0.000267363,Primary,TN,36.1135733,-85.43378352,0.00026736323554701056,303,170,GA-303,151-300
386,0.000653889,Secondary,MS,34.63221201,-89.75828539,0.0006538895760767165,303,315,GA-303,301-600
387,0.000148201,Secondary,MS,33.57786094,-90.81078906,0.00014820113056519604,750,354,TX-750,301-600
388,0.000475646,Secondary,MS,34.33971771,-88.6628559,0.0004756464190444952,303,250,GA-303,151-300
389,5.91e-05,Secondary,MS,33.7286777,-89.87988378,5.9100052067145876e-05,303,319,GA-303,301-600
390,0.000178242,Tertiary,MS,32.44781421,-90.03795526,0.00017824215703134036,303,343,GA-303,301-600
391,0.000297404,Tertiary,MS,32.22989195,-90.33702222,0.00029740426201315485,770,346,TX-770,301-600
392,0.000119162,Tertiary,MS,32.31139378,-90.18122044,0.0001191621049818145,303,354,GA-303,301-600
393,0.000297404,Secondary,MS,32.39680253,-88.84609675,0.00029740426201315485,303,279,GA-303,151-300
394,0.000653889,Tertiary,MS,31.32761232,-89.30569804,0.0006538895760767165,303,337,GA-303,301-600
395,0.001100496,Tertiary,MS,30.45880962,-88.97295534,0.0011004969695378303,303,357,GA-303,301-600
396,0.000178242,Tertiary,MS,31.34079808,-90.53474679,0.00017824215703134036,770,310,TX-770,301-600
397,0.000119162,Secondary,MS,33.54001564,-88.6337095,0.0001191621049818145,303,248,GA-303,151-300
398,0.000148201,Secondary,GA,31.22755833,-84.63246806,0.00014820113056519604,303,180,GA-303,151-300
400,0.000862172,Primary,KY,38.14045983,-85.35047406,0.0008621727595742013,606,286,IL-606,151-300
401,0.000862172,Secondary,KY,37.88070144,-86.12891007,0.0008621727595742013,606,288,IL-606,151-300
402,0.002735718,Primary,KY,38.23387429,-85.71533017,0.0027357204101696813,606,272,IL-606,151-300
403,0.000624849,Primary,KY,38.05054575,-84.30491134,0.000624849550492454,303,292,GA-303,151-300
404,0.000238324,Secondary,KY,37.61057519,-84.45767143,0.000238324209963629,303,261,GA-303,151-300
405,0.001129535,Primary,KY,38.03993119,-84.49464505,0.0011295359951212119,303,291,GA-303,151-300
406,0.000119162,Primary,KY,38.20314857,-84.87596857,0.0001191621049818145,481,291,MI-481,151-300
407,0.000297404,Secondary,KY,36.99477671,-84.11550137,0.00029740426201315485,303,219,GA-303,151-300
410,0.001843505,Primary,KY,38.88967421,-84.4601595,0.001843506624129336,481,240,MI-481,151-300
411,8.91e-05,Primary,KY,38.44128559,-82.87836486,8.910007849716916e-05,481,267,MI-481,151-300
413,5.91e-05,Secondary,KY,37.57174545,-83.47145,5.9100052067145876e-05,303,263,GA-303,151-300
414,0.000119162,Secondary,KY,37.8657,-83.18136875,0.0001191621049818145,303,286,GA-303,151-300
415,0.000148201,Secondary,KY,37.49099205,-82.42633864,0.00014820113056519604,275,240,NC-275,151-300
416,5.91e-05,Secondary,KY,37.53655694,-82.72551806,5.9100052067145876e-05,275,256,NC-275,151-300
417,5.91e-05,Secondary,KY,37.22130625,-83.20297375,5.9100052067145876e-05,303,243,GA-303,151-300
418,0.000119162,Secondary,KY,37.18846981,-82.84871321,0.0001191621049818145,303,247,GA-303,151-300
420,0.000505687,Secondary,KY,36.86878741,-88.57667832,0.0005056874455106396,303,318,GA-303,301-600
421,0.000803091,Primary,KY,36.96324041,-86.20962746,0.0008030917075237944,303,241,GA-303,151-300
422,0.000416566,Primary,KY,36.9071585,-87.1178585,0.00041656636699496935,303,264,GA-303,151-300
423,0.000505687,Primary,KY,37.56513315,-87.05103859,0.0005056874455106396,303,300,GA-303,151-300
424,0.000327445,Secondary,KY,37.51378301,-87.66205229,0.00032744528847929914,606,301,IL-606,301-600
425,0.000297404,Secondary,KY,37.14488689,-84.7034,0.00029740426201315485,303,230,GA-303,151-300
426,0.000119162,Secondary,KY,36.8765575,-84.9619975,0.0001191621049818145,303,213,GA-303,151-300
427,0.000594808,Secondary,KY,37.38956667,-85.78402679,0.0005948085240263097,303,259,GA-303,151-300
430,0.002438314,Secondary,OH,40.09943092,-82.95510679,0.002438316148156527,481,153,MI-481,151-300
431,0.001576142,Primary,OH,39.77307666,-82.97101136,0.0015761433885823255,481,175,MI-481,151-300
432,0.002289111,Primary,OH,39.9934046,-82.99688785,0.002289113016708568,481,160,MI-481,151-300
433,0.000594808,Secondary,OH,40.50281889,-83.39241613,0.0005948085240263097,481,123,MI-481,51-150
434,0.000445606,Primary,OH,41.41526328,-83.31105876,0.00044560639257923185,481,60,MI-481,51-150
435,0.000683929,Primary,OH,41.48068091,-84.08053819,0.0006839296025419799,481,64,MI-481,51-150
436,0.001248697,Primary,OH,41.64853082,-83.57440151,0.0012486981001030263,481,44,MI-481,<50
437,0.000267363,Secondary,OH,39.86437186,-81.70282412,0.00026736323554701056,481,190,MI-481,151-300
438,0.000148201,Secondary,OH,40.22833099,-81.90157042,0.00014820113056519604,481,163,MI-481,151-300
439,0.000327445,Secondary,OH,40.2544375,-80.85086875,0.00032744528847929914,481,195,MI-481,151-300
440,0.003092202,Secondary,OH,41.52704885,-81.52019645,0.0030922047242323623,481,112,MI-481,51-150
441,0.004162657,Primary,OH,41.47630406,-81.66229582,0.004162660667304048,481,108,MI-481,51-150
442,0.001576142,Secondary,OH,41.12977559,-81.57693529,0.0015761433885823255,481,125,MI-481,51-150
443,0.000892213,Secondary,OH,41.08042744,-81.52387515,0.0008922137860403455,481,130,MI-481,51-150
444,0.000951293,Secondary,OH,41.12442833,-80.77224983,0.0009512938380898713,481,160,MI-481,151-300
445,0.000564768,Secondary,OH,41.08623182,-80.67491818,0.0005647684975610464,481,166,MI-481,151-300
446,0.001070455,Secondary,OH,40.71575628,-81.49987951,0.001070455943071686,481,148,MI-481,51-150
447,0.000624849,Secondary,OH,40.82424441,-81.38812524,0.000624849550492454,481,147,MI-481,51-150
448,0.000594808,Primary,OH,41.07450245,-82.76786104,0.0005948085240263097,481,90,MI-481,51-150
449,0.000267363,Secondary,OH,40.753431,-82.527088,0.00026736323554701056,481,116,MI-481,51-150
450,0.002289111,Primary,OH,39.36488847,-84.47358922,0.002289113016708568,481,208,MI-481,151-300
451,0.000505687,Primary,OH,39.15722991,-83.99085179,0.0005056874455106396,481,217,MI-481,151-300
452,0.002230031,Primary,OH,39.15902359,-84.48673461,0.0022300329646590417,481,222,MI-481,151-300
453,0.001337818,Primary,OH,39.93731689,-84.26774327,0.0013378191786186963,481,167,MI-481,151-300
454,0.000981334,Primary,OH,39.74218095,-84.18725084,0.0009813348645560157,481,179,MI-481,151-300
455,0.000178242,Primary,OH,39.91378017,-83.81843554,0.00017824215703134036,481,164,MI-481,151-300
456,0.000951293,Primary,OH,38.93950923,-82.83995351,0.0009512938380898713,481,233,MI-481,151-300
457,0.000119162,Secondary,OH,39.35670694,-81.78468382,0.0001191621049818145,481,220,MI-481,151-300
458,0.000892213,Secondary,OH,40.80695055,-84.13205802,0.0008922137860403455,481,107,MI-481,51-150
460,0.001843505,Primary,IN,40.02654124,-86.03091353,0.001843506624129336,606,154,IL-606,151-300
461,0.002021748,Primary,IN,39.66349433,-86.14894925,0.002021749781161557,606,172,IL-606,151-300
462,0.002764757,Primary,IN,39.80133567,-86.16142314,0.0027647594357530633,606,164,IL-606,151-300
463,0.002646597,Primary,IN,41.50855327,-87.23224405,0.0026465993316540115,606,34,IL-606,<50
464,0.000208283,Primary,IN,41.558338,-87.35222267,0.00020828318349748467,606,28,IL-606,<50
465,0.0013979,Primary,IN,41.5127961,-86.01782439,0.0013979012315509852,606,89,IL-606,51-150
466,0.000356484,Primary,IN,41.66493261,-86.24517319,0.0003564843140626807,606,75,IL-606,51-150
467,0.000951293,Secondary,IN,41.1628586,-85.21809355,0.0009512938380898713,481,119,MI-481,51-150
468,0.001189617,Secondary,IN,41.08264353,-85.14805129,0.0011896180480535003,481,120,MI-481,51-150
469,0.000505687,Primary,IN,40.64010797,-86.04579124,0.0005056874455106396,606,120,IL-606,51-150
470,0.000386525,Primary,IN,39.17011121,-85.07709828,0.000386525340528825,481,231,MI-481,151-300
471,0.000594808,Primary,IN,38.38712204,-85.93780806,0.0005948085240263097,606,258,IL-606,151-300
472,0.000475646,Primary,IN,39.08093621,-85.77911494,0.0004756464190444952,606,217,IL-606,151-300
473,0.000653889,Primary,IN,40.0869122,-85.25338244,0.0006538895760767165,606,177,IL-606,151-300
474,0.000475646,Primary,IN,39.09674727,-86.60703203,0.0004756464190444952,606,200,IL-606,151-300
475,0.000297404,Secondary,IN,38.47295556,-87.07575661,0.00029740426201315485,606,237,IL-606,151-300
476,0.000594808,Secondary,IN,38.1286406,-87.51540376,0.0005948085240263097,606,259,IL-606,151-300
477,0.00071397,Secondary,IN,37.99666411,-87.57650706,0.0007139706290081242,606,268,IL-606,151-300
478,0.000534727,Primary,IN,39.46530401,-87.30900766,0.000534727471094902,606,168,IL-606,151-300
479,0.00074301,Primary,IN,40.40483168,-86.98645217,0.0007430106545923867,606,108,IL-606,51-150
480,0.004340899,Primary,MI,42.57007715,-83.05080711,0.004340902824335388,481,29,MI-481,<50
481,0.005797879,Primary,MI,42.27868188,-83.45545606,0.0057978841079358995,481,0,MI-481,<50
482,0.002764757,Primary,MI,42.39080819,-83.14199046,0.0027647594357530633,481,18,MI-481,<50
483,0.003270445,Primary,MI,42.59929066,-83.29431018,0.0032704478812645836,481,24,MI-481,<50
484,0.002051788,Primary,MI,43.10211958,-83.38314545,0.002051789807626821,481,57,MI-481,51-150
485,0.000832131,Primary,MI,43.00540746,-83.67703582,0.0008321317331080569,481,51,MI-481,51-150
486,0.000386525,Secondary,MI,43.64964447,-84.14587562,0.000386525340528825,481,101,MI-481,51-150
487,0.000386525,Secondary,MI,43.84348732,-83.59162254,0.000386525340528825,481,108,MI-481,51-150
488,0.00151606,Primary,MI,42.95672422,-84.62907431,0.0015160613356500368,481,76,MI-481,51-150
489,0.000505687,Primary,MI,42.73830116,-84.55767188,0.0005056874455106396,481,65,MI-481,51-150
490,0.002497394,Secondary,MI,42.23993449,-85.5542998,0.0024973962002060525,481,108,MI-481,51-150
491,0.000416566,Primary,MI,41.86845455,-86.37042,0.00041656636699496935,606,67,IL-606,51-150
492,0.001635222,Primary,MI,42.09958346,-84.37126272,0.0016352234406318512,481,49,MI-481,<50
493,0.00071397,Secondary,MI,43.18829061,-85.55302058,0.0007139706290081242,481,124,MI-481,51-150
494,0.001754384,Secondary,MI,43.15831164,-86.10839498,0.0017543855456136658,606,119,IL-606,51-150
495,0.001040414,Secondary,MI,42.95488849,-85.64635825,0.0010404149166055416,481,121,MI-481,51-150
496,0.000564768,Secondary,MI,44.5309594,-85.58399612,0.0005647684975610464,481,189,MI-481,151-300
497,0.000327445,Secondary,MI,45.42333491,-84.610288,0.00032744528847929914,481,225,MI-481,151-300
498,0.000386525,Secondary,MI,46.07257957,-87.23539,0.000386525340528825,606,290,IL-606,151-300
499,0.000148201,Secondary,MI,46.64805574,-88.86409344,0.00014820113056519604,606,334,IL-606,301-600
500,0.000773051,Secondary,IA,41.67731172,-93.84671925,0.000773051681058531,606,320,IL-606,301-600
501,0.000238324,Secondary,IA,41.66425118,-93.4293748,0.000238324209963629,606,298,IL-606,151-300
502,0.000653889,Secondary,IA,41.65332623,-93.6050963,0.0006538895760767165,606,307,IL-606,301-600
503,0.000624849,Secondary,IA,41.59338091,-93.64707971,0.000624849550492454,606,310,IL-606,301-600
504,0.000475646,Secondary,IA,43.17819747,-93.27607004,0.0004756464190444952,606,300,IL-606,151-300
505,0.000327445,Secondary,IA,42.70167205,-94.41332441,0.00032744528847929914,606,350,IL-606,301-600
506,0.000386525,Secondary,IA,42.60650553,-92.4905383,0.000386525340528825,606,252,IL-606,151-300
507,0.000267363,Secondary,IA,42.5175396,-92.37885347,0.00026736323554701056,606,246,IL-606,151-300
508,0.000386525,Secondary,IA,41.00143488,-94.56715233,0.000386525340528825,606,363,IL-606,301-600
510,0.000119162,Secondary,IA,42.59103571,-95.91842143,0.0001191621049818145,606,426,IL-606,301-600
511,0.000267363,Secondary,IA,42.49654643,-96.39713929,0.00026736323554701056,606,450,IL-606,301-600
513,0.000178242,Secondary,IA,43.27961646,-95.18091519,0.00017824215703134036,606,395,IL-606,301-600
514,5.91e-05,Secondary,IA,42.11030273,-95.05680909,5.9100052067145876e-05,606,381,IL-606,301-600
515,0.000505687,Secondary,IA,41.42927763,-95.57287443,0.0005056874455106396,606,410,IL-606,301-600
520,0.000267363,Secondary,IA,42.445925,-90.86635638,0.00026736323554701056,606,169,IL-606,151-300
521,3e-05,Secondary,IA,43.16045897,-91.75820085,3.0000026430023288e-05,606,227,IL-606,151-300
522,0.000327445,Secondary,IA,41.80733463,-91.67518485,0.00032744528847929914,606,207,IL-606,151-300
523,0.000534727,Secondary,IA,41.88915947,-91.72094229,0.000534727471094902,606,209,IL-606,151-300
524,0.000327445,Secondary,IA,41.9738024,-91.66650144,0.00032744528847929914,606,206,IL-606,151-300
525,8.91e-05,Secondary,IA,41.00415955,-92.42294494,8.910007849716916e-05,606,254,IL-606,151-300
526,0.000297404,Secondary,IA,40.84472133,-91.36219667,0.00029740426201315485,606,205,IL-606,151-300
527,0.000594808,Secondary,IA,41.64590807,-90.79146149,0.0005948085240263097,606,162,IL-606,151-300
528,0.000267363,Secondary,IA,41.53132764,-90.57668943,0.00026736323554701056,606,153,IL-606,151-300
530,0.001248697,Secondary,WI,43.36106462,-88.16321031,0.0012486981001030263,606,105,IL-606,51-150
531,0.001605181,Primary,WI,42.82607134,-88.12311937,0.001605182414165707,606,69,IL-606,51-150
532,0.001902586,Primary,WI,43.04897908,-87.96004034,0.0019025876761797427,606,82,IL-606,51-150
534,0.000445606,Primary,WI,42.71928417,-87.80395827,0.00044560639257923185,606,58,IL-606,51-150
535,0.001159576,Secondary,WI,42.92479015,-89.49684039,0.0011595770215873562,606,118,IL-606,51-150
537,0.00074301,Secondary,WI,43.06974898,-89.4000386,0.0007430106545923867,606,121,IL-606,51-150
538,8.91e-05,Secondary,WI,42.85851389,-90.71987778,8.910007849716916e-05,606,170,IL-606,151-300
539,0.001040414,Secondary,WI,43.5936372,-89.46369324,0.0010404149166055416,606,150,IL-606,51-150
540,0.000534727,Primary,WI,45.07963229,-92.48178542,0.000534727471094902,606,328,IL-606,301-600
541,0.000356484,Secondary,WI,44.72309698,-88.18881121,0.0003564843140626807,606,198,IL-606,151-300
542,0.000208283,Secondary,WI,44.45921119,-87.58660448,0.00020828318349748467,606,178,IL-606,151-300
543,0.000624849,Secondary,WI,44.508659,-88.01764895,0.000624849550492454,606,182,IL-606,151-300
544,0.000683929,Secondary,WI,44.83562986,-89.79630676,0.0006839296025419799,606,230,IL-606,151-300
545,3e-05,Secondary,WI,45.85441513,-89.76227566,3.0000026430023288e-05,606,294,IL-606,151-300
546,0.000624849,Secondary,WI,43.84184413,-91.00697611,0.000624849550492454,606,217,IL-606,151-300
547,0.000386525,Primary,WI,44.84951242,-91.55992418,0.000386525340528825,606,284,IL-606,151-300
548,0.000445606,Secondary,WI,45.95046207,-91.74922414,0.00044560639257923185,606,347,IL-606,301-600
549,0.001129535,Secondary,WI,44.16485399,-88.5758577,0.0011295359951212119,606,164,IL-606,151-300
550,0.001546101,Primary,MN,44.95936257,-93.11103565,0.0015461023621161812,606,347,IL-606,301-600
551,0.001902586,Primary,MN,44.99963544,-93.20156376,0.0019025876761797427,606,352,IL-606,301-600
553,0.002438314,Primary,MN,44.99705593,-93.50644075,0.002438316148156527,606,364,IL-606,301-600
554,0.002735718,Primary,MN,44.99277514,-93.30552658,0.0027357204101696813,606,356,IL-606,301-600
557,0.000267363,Secondary,MN,47.18549269,-92.79225662,0.00026736323554701056,606,445,IL-606,301-600
558,0.000594808,Secondary,MN,46.77353571,-92.1470526,0.0005948085240263097,606,404,IL-606,301-600
559,0.000505687,Primary,MN,43.93159213,-92.35976827,0.0005056874455106396,606,277,IL-606,151-300
560,0.000386525,Primary,MN,44.03638991,-93.89814826,0.000386525340528825,606,349,IL-606,301-600
561,0.000148201,Secondary,MN,43.88213394,-95.67711719,0.00014820113056519604,606,429,IL-606,301-600
562,8.91e-05,Secondary,MN,45.01625744,-95.56569931,8.910007849716916e-05,606,452,IL-606,301-600
563,0.000505687,Primary,MN,45.69376529,-94.47679609,0.0005056874455106396,606,430,IL-606,301-600
564,0.000475646,Secondary,MN,46.50039171,-94.4740212,0.0004756464190444952,606,465,IL-606,301-600
565,0.000267363,Secondary,MN,46.79292122,-96.17529714,0.00026736323554701056,606,541,IL-606,301-600
566,0.000119162,Secondary,MN,47.74855649,-94.48148168,0.0001191621049818145,606,525,IL-606,301-600
567,0.000297404,Secondary,MN,48.32176885,-96.40352213,0.00029740426201315485,606,616,IL-606,601-1000
570,0.000445606,Secondary,SD,43.43761278,-96.96780376,0.00044560639257923185,606,486,IL-606,301-600
571,0.001011374,Secondary,SD,43.53984858,-96.73553239,0.0010113748910212791,606,475,IL-606,301-600
572,5.91e-05,Secondary,SD,44.98009662,-97.08865608,5.9100052067145876e-05,606,520,IL-606,301-600
573,8.91e-05,Secondary,SD,43.7873894,-98.39546093,8.910007849716916e-05,802,441,CO-802,301-600
574,8.91e-05,Secondary,SD,45.39809926,-98.79335882,8.910007849716916e-05,802,503,CO-802,301-600
575,0.000119162,Tertiary,SD,43.82773119,-100.4761202,0.0001191621049818145,802,366,CO-802,301-600
576,0.000119162,Tertiary,SD,45.57915231,-101.6688877,0.0001191621049818145,802,437,CO-802,301-600
577,0.000416566,Tertiary,SD,44.16856919,-103.2346313,0.00041656636699496935,802,319,CO-802,301-600
580,0.000119162,Secondary,ND,46.685284,-97.24196857,0.0001191621049818145,606,579,IL-606,301-600
581,0.000327445,Secondary,ND,46.87250303,-96.80434545,0.00032744528847929914,606,568,IL-606,301-600
582,0.000505687,Secondary,ND,48.13842191,-97.47861404,0.0005056874455106396,606,645,IL-606,601-1000
583,0.000148201,Tertiary,ND,48.3134622,-99.26710157,0.00014820113056519604,802,657,CO-802,601-1000
584,0.000119162,Secondary,ND,46.84600255,-98.90829554,0.0001191621049818145,802,579,CO-802,301-600
585,0.000624849,Tertiary,ND,46.85442287,-100.8647404,0.000624849550492454,802,534,CO-802,301-600
586,8.91e-05,Tertiary,ND,46.7520186,-102.9332953,8.910007849716916e-05,802,495,CO-802,301-600
587,0.000624849,Tertiary,ND,48.34403608,-101.5909835,0.000624849550492454,802,618,CO-802,601-1000
588,0.000148201,Tertiary,ND,48.27443134,-103.5219209,0.00014820113056519604,802,594,CO-802,301-600
590,0.000178242,Tertiary,MT,45.81129932,-108.806123,0.00017824215703134036,841,383,UT-841,301-600
591,0.000178242,Tertiary,MT,45.79360313,-108.50275,0.00017824215703134036,841,388,UT-841,301-600
592,3e-05,Tertiary,MT,48.1942,-105.1720441,3.0000026430023288e-05,802,584,CO-802,301-600
593,3e-05,Tertiary,MT,46.34385859,-105.5833909,3.0000026430023288e-05,802,457,CO-802,301-600
594,0.000356484,Tertiary,MT,47.67447431,-111.225178,0.0003564843140626807,841,480,UT-841,301-600
595,3e-05,Tertiary,MT,48.41191,-109.6148,3.0000026430023288e-05,841,541,UT-841,301-600
596,0.000208283,Secondary,MT,46.58341183,-111.9747484,0.00020828318349748467,841,403,UT-841,301-600
597,0.000564768,Secondary,MT,45.70692416,-111.8594651,0.0005647684975610464,841,343,UT-841,301-600
598,0.000803091,Secondary,MT,46.95929275,-114.0943749,0.0008030917075237944,980,384,WA-980,301-600
599,0.000208283,Tertiary,MT,48.29306703,-114.4339319,0.00020828318349748467,980,365,WA-980,301-600
600,0.004043495,Primary,IL,42.12912375,-87.94723077,0.004043498562322234,606,22,IL-606,<50
601,0.004519142,Primary,IL,41.95731228,-88.06667305,0.00451914598136761,606,21,IL-606,<50
602,0.000208283,Primary,IL,42.04001579,-87.76560877,0.00020828318349748467,606,12,IL-606,<50
603,0.000178242,Primary,IL,41.87542656,-87.78759688,0.00017824215703134036,606,6,IL-606,<50
604,0.003776132,Primary,IL,41.60386455,-87.89844931,0.003776135326775223,606,23,IL-606,<50
605,0.003270445,Primary,IL,41.79998337,-88.04199057,0.0032704478812645836,606,20,IL-606,<50
606,0.008592677,Primary,IL,41.88102002,-87.6647625,0.008592684570155107,606,0,IL-606,<50
607,0.00074301,Primary,IL,41.9802503,-87.80815917,0.0007430106545923867,606,10,IL-606,<50
608,0.000564768,Primary,IL,41.7215963,-87.70084352,0.0005647684975610464,606,11,IL-606,<50
609,0.000297404,Primary,IL,40.90529258,-87.92851528,0.00029740426201315485,606,69,IL-606,51-150
610,0.0013979,Primary,IL,42.18049113,-89.52168805,0.0013979012315509852,606,98,IL-606,51-150
611,0.000832131,Primary,IL,42.25718997,-89.06446021,0.0008321317331080569,606,77,IL-606,51-150
612,0.000267363,Secondary,IL,41.4776728,-90.41095,0.00026736323554701056,606,145,IL-606,51-150
613,0.000327445,Primary,IL,41.32397091,-89.17817227,0.00032744528847929914,606,87,IL-606,51-150
614,0.000327445,Secondary,IL,40.85782888,-90.3608213,0.00032744528847929914,606,157,IL-606,151-300
615,0.00074301,Secondary,IL,40.69865023,-89.63962,0.0007430106545923867,606,131,IL-606,51-150
616,0.000683929,Secondary,IL,40.70348989,-89.59435955,0.0006839296025419799,606,129,IL-606,51-150
617,0.000564768,Secondary,IL,40.507425,-88.96924515,0.0005647684975610464,606,117,IL-606,51-150
618,0.00071397,Secondary,IL,40.1160987,-88.13664375,0.0007139706290081242,606,124,IL-606,51-150
619,0.000297404,Secondary,IL,39.61452295,-88.24764508,0.00029740426201315485,606,159,IL-606,151-300
620,0.000803091,Primary,IL,38.95123795,-90.03519406,0.0008030917075237944,606,238,IL-606,151-300
622,0.000653889,Primary,IL,38.5198849,-89.89322735,0.0006538895760767165,606,260,IL-606,151-300
623,0.000208283,Secondary,IL,40.03945464,-91.05728402,0.00020828318349748467,606,218,IL-606,151-300
624,0.000386525,Secondary,IL,39.0389,-88.21911324,0.000386525340528825,606,198,IL-606,151-300
625,0.000119162,Secondary,IL,39.7624424,-89.084536,0.0001191621049818145,606,164,IL-606,151-300
626,0.000178242,Primary,IL,39.83873131,-89.95216589,0.00017824215703134036,606,185,IL-606,151-300
627,0.000445606,Primary,IL,39.78802638,-89.63288383,0.00044560639257923185,606,177,IL-606,151-300
628,0.000356484,Primary,IL,38.32723605,-88.73359252,0.0003564843140626807,606,252,IL-606,151-300
629,0.000505687,Secondary,IL,37.61908249,-88.99635017,0.0005056874455106396,606,302,IL-606,301-600
630,0.002289111,Primary,MO,38.58410509,-90.49530041,0.002289113016708568,606,272,IL-606,151-300
631,0.002557476,Primary,MO,38.64277166,-90.32420032,0.002557478253138341,606,264,IL-606,151-300
633,0.002378232,Primary,MO,38.83949227,-90.75571211,0.002378234095224238,606,266,IL-606,151-300
635,8.91e-05,Secondary,MO,40.15954867,-92.57150531,8.910007849716916e-05,606,283,IL-606,151-300
636,0.000386525,Primary,MO,37.72302615,-90.59347077,0.000386525340528825,606,326,IL-606,301-600
637,0.000386525,Primary,MO,37.33464326,-89.68450355,0.000386525340528825,606,332,IL-606,301-600
638,0.000327445,Secondary,MO,36.5521338,-89.78712887,0.00032744528847929914,303,361,GA-303,301-600
639,0.000178242,Secondary,MO,36.82837115,-90.53986923,0.00017824215703134036,606,381,IL-606,301-600
640,0.001932626,Secondary,MO,39.05893811,-94.33277014,0.0019326277026450061,606,402,IL-606,301-600
641,0.00217095,Secondary,MO,39.08977733,-94.57005561,0.0021709519126086353,606,411,IL-606,301-600
644,5.91e-05,Secondary,MO,40.06071446,-94.66141968,5.9100052067145876e-05,606,387,IL-606,301-600
645,0.000119162,Secondary,MO,39.74905909,-94.83797841,0.0001191621049818145,606,404,IL-606,301-600
646,5.91e-05,Secondary,MO,39.87953642,-93.57074383,5.9100052067145876e-05,606,339,IL-606,301-600
647,0.000208283,Secondary,MO,38.15344,-94.21542651,0.00020828318349748467,750,392,TX-750,301-600
648,0.001011374,Secondary,MO,37.0208908,-94.39958103,0.0010113748910212791,750,317,TX-750,301-600
650,8.91e-05,Secondary,MO,38.41843557,-92.30300619,8.910007849716916e-05,606,343,IL-606,301-600
651,0.000267363,Primary,MO,38.54645179,-92.12924107,0.00026736323554701056,606,330,IL-606,301-600
652,0.000653889,Secondary,MO,39.09371548,-92.37446706,0.0006538895760767165,606,314,IL-606,301-600
653,0.000892213,Secondary,MO,38.74632963,-93.27199704,0.0008922137860403455,606,367,IL-606,301-600
654,0.000356484,Primary,MO,37.77124563,-91.7411466,0.0003564843140626807,606,357,IL-606,301-600
655,0.000327445,Secondary,MO,37.66922182,-92.00520727,0.00032744528847929914,606,371,IL-606,301-600
656,0.000475646,Secondary,MO,37.03758985,-93.23980149,0.0004756464190444952,750,352,TX-750,301-600
657,0.000803091,Secondary,MO,37.10874423,-93.08477083,0.0008030917075237944,750,361,TX-750,301-600
658,0.001100496,Secondary,MO,37.19763253,-93.29303116,0.0011004969695378303,750,359,TX-750,301-600
660,0.001040414,Secondary,KS,38.93435708,-95.05452192,0.0010404149166055416,750,429,TX-750,301-600
661,0.000208283,Secondary,KS,39.09528246,-94.65524408,0.00020828318349748467,606,415,IL-606,301-600
662,0.000564768,Secondary,KS,38.98082601,-94.68716415,0.0005647684975610464,606,421,IL-606,301-600
664,0.000208283,Secondary,KS,39.37605182,-96.07366496,0.00020828318349748467,750,449,TX-750,301-600
665,0.000386525,Secondary,KS,39.29447701,-96.19764385,0.000386525340528825,750,443,TX-750,301-600
666,0.000505687,Secondary,KS,39.04398621,-95.68609808,0.0005056874455106396,750,429,TX-750,301-600
667,0.000208283,Secondary,KS,37.56326989,-95.07840227,0.00020828318349748467,750,337,TX-750,301-600
668,8.91e-05,Secondary,KS,38.36596095,-96.43049429,8.910007849716916e-05,750,378,TX-750,301-600
669,5.91e-05,Secondary,KS,39.77201287,-97.75138218,5.9100052067145876e-05,802,386,CO-802,301-600
670,0.000475646,Secondary,KS,37.59632409,-97.443575,0.0004756464190444952,750,325,TX-750,301-600
671,0.000148201,Secondary,KS,37.62302112,-97.6276087,0.00014820113056519604,750,328,TX-750,301-600
672,0.001278738,Secondary,KS,37.6926305,-97.32417154,0.0012787391265691706,750,332,TX-750,301-600
673,5.91e-05,Secondary,KS,37.19971939,-95.75527959,5.9100052067145876e-05,750,303,TX-750,301-600
674,0.000148201,Secondary,KS,38.93469421,-97.65358684,0.00014820113056519604,802,397,CO-802,301-600
675,0.000119162,Secondary,KS,38.1793866,-98.4829823,0.0001191621049818145,802,367,CO-802,301-600
676,0.000178242,Secondary,KS,39.33143438,-99.43567031,0.00017824215703134036,802,298,CO-802,151-300
677,5.91e-05,Secondary,KS,39.36629756,-101.0279646,5.9100052067145876e-05,802,214,CO-802,151-300
678,0.000148201,Secondary,KS,37.82998898,-100.6836017,0.00014820113056519604,802,267,CO-802,151-300
679,5.91e-05,Secondary,KS,37.12884828,-101.2190345,5.9100052067145876e-05,802,273,CO-802,151-300
680,0.000683929,Secondary,NE,41.39117573,-96.32725485,0.0006839296025419799,606,450,IL-606,301-600
681,0.001546101,Secondary,NE,41.25543097,-96.0148332,0.0015461023621161812,606,435,IL-606,301-600
683,5.91e-05,Tertiary,NE,40.47496834,-96.82916935,5.9100052067145876e-05,802,436,CO-802,301-600
684,3e-05,Tertiary,NE,40.6017,-96.68741951,3.0000026430023288e-05,802,444,CO-802,301-600
685,0.001011374,Tertiary,NE,40.81582158,-96.70436163,0.0010113748910212791,802,444,CO-802,301-600
686,3e-05,Tertiary,NE,41.5005344,-97.5927936,3.0000026430023288e-05,802,408,CO-802,301-600
687,0.000148201,Secondary,NE,42.36023158,-97.61885921,0.00014820113056519604,802,426,CO-802,301-600
688,0.000208283,Tertiary,NE,41.06798259,-98.76814656,0.00020828318349748467,802,341,CO-802,301-600
689,3e-05,Tertiary,NE,40.35996115,-98.79642038,3.0000026430023288e-05,802,332,CO-802,301-600
690,3e-05,Secondary,NE,40.32746812,-100.7597536,3.0000026430023288e-05,802,228,CO-802,151-300
691,5.91e-05,Secondary,NE,41.24710388,-101.5749008,5.9100052067145876e-05,802,208,CO-802,151-300
693,0.000119162,Secondary,NE,42.15680674,-103.1480034,0.0001191621049818145,802,193,CO-802,151-300
700,0.001635222,Tertiary,LA,29.96314922,-90.18343295,0.0016352234406318512,770,314,TX-770,301-600
701,0.001218656,Tertiary,LA,29.95773556,-90.09428301,0.001218657073636882,770,320,TX-770,301-600
703,0.000594808,Secondary,LA,29.6544694,-90.78519515,0.0005948085240263097,770,278,TX-770,151-300
704,0.001426939,Tertiary,LA,30.46924441,-90.16741425,0.0014269402571343666,770,318,TX-770,301-600
705,0.001070455,Secondary,LA,30.22190203,-92.06806526,0.001070455943071686,770,203,TX-770,151-300
706,0.000892213,Secondary,LA,30.28908022,-93.21021007,0.0008922137860403455,770,137,TX-770,51-150
707,0.000683929,Secondary,LA,30.469215,-91.1198175,0.0006839296025419799,770,262,TX-770,151-300
708,0.000981334,Secondary,LA,30.43964144,-91.14024128,0.0009813348645560157,770,260,TX-770,151-300
710,0.000208283,Secondary,LA,32.51976643,-93.51416713,0.00020828318349748467,750,198,TX-750,151-300
711,0.00074301,Secondary,LA,32.49215934,-93.75517115,0.0007430106545923867,750,184,TX-750,151-300
712,0.00074301,Secondary,LA,32.50336772,-92.12872478,0.0007430106545923867,770,271,TX-770,151-300
713,0.000238324,Secondary,LA,31.30279009,-92.192325,0.000238324209963629,770,219,TX-770,151-300
714,0.000564768,Secondary,LA,31.50592664,-92.90189813,0.0005647684975610464,770,192,TX-770,151-300
716,0.000148201,Secondary,AR,33.91564425,-91.88527011,0.00014820113056519604,750,297,TX-750,151-300
718,0.000148201,Secondary,AR,33.70083978,-93.80333871,0.00014820113056519604,750,186,TX-750,151-300
719,0.000267363,Secondary,AR,34.43043724,-93.27812138,0.00026736323554701056,750,233,TX-750,151-300
720,0.001070455,Secondary,AR,34.92168981,-92.13874268,0.001070455943071686,750,306,TX-750,301-600
721,0.001100496,Secondary,AR,34.87790878,-92.21957492,0.0011004969695378303,750,300,TX-750,151-300
722,0.000773051,Secondary,AR,34.74922706,-92.32192202,0.000773051681058531,750,291,TX-750,151-300
723,8.91e-05,Secondary,AR,35.16979588,-90.48070118,8.910007849716916e-05,303,362,GA-303,301-600
724,0.000505687,Secondary,AR,35.98272056,-90.70202897,0.0005056874455106396,303,391,GA-303,301-600
725,0.000238324,Secondary,AR,35.95783008,-91.82066617,0.000238324209963629,750,358,TX-750,301-600
726,0.000297404,Secondary,AR,36.16061831,-92.89733662,0.00029740426201315485,750,320,TX-750,301-600
727,0.001337818,Secondary,AR,36.16831872,-94.16100723,0.0013378191786186963,750,274,TX-750,151-300
728,5.91e-05,Secondary,AR,35.27096269,-93.21578209,5.9100052067145876e-05,750,266,TX-750,151-300
729,0.000653889,Secondary,AR,35.35644834,-94.32300199,0.0006538895760767165,750,224,TX-750,151-300
730,0.001605181,Primary,OK,35.37892117,-97.62321982,0.001605182414165707,750,176,TX-750,151-300
731,0.00217095,Primary,OK,35.47427621,-97.52646351,0.0021709519126086353,750,181,TX-750,151-300
734,0.000148201,Primary,OK,34.20914796,-97.04020816,0.00014820113056519604,750,91,TX-750,51-150
735,0.000505687,Primary,OK,34.56849316,-98.60170316,0.0005056874455106396,750,152,TX-750,151-300
736,0.000119162,Primary,OK,35.41385357,-99.24175833,0.0001191621049818145,750,220,TX-750,151-300
737,0.000297404,Primary,OK,36.42616744,-98.05841337,0.00029740426201315485,750,252,TX-750,151-300
739,0.000148201,Secondary,OK,36.747908,-101.4293027,0.00014820113056519604,802,283,CO-802,151-300
740,0.002378232,Primary,OK,36.23818071,-96.18726677,0.002378234095224238,750,234,TX-750,151-300
741,0.001070455,Primary,OK,36.13137841,-95.95476784,0.001070455943071686,750,229,TX-750,151-300
743,0.000208283,Secondary,OK,36.56571731,-95.05911154,0.00020828318349748467,750,273,TX-750,151-300
744,0.000356484,Secondary,OK,35.67283571,-95.44417857,0.0003564843140626807,750,208,TX-750,151-300
745,0.000148201,Secondary,OK,34.73790968,-95.7887871,0.00014820113056519604,750,141,TX-750,51-150
746,0.000119162,Primary,OK,36.67899857,-97.13105429,0.0001191621049818145,750,261,TX-750,151-300
747,0.000119162,Secondary,OK,34.08351935,-95.73511505,0.0001191621049818145,750,105,TX-750,51-150
748,0.000445606,Primary,OK,35.15608296,-96.73038519,0.00044560639257923185,750,156,TX-750,151-300
749,0.000148201,Secondary,OK,35.32079872,-94.79955256,0.00014820113056519604,750,205,TX-750,151-300
750,0.005500475,Primary,TX,32.89781244,-96.87761404,0.005500479845922745,750,0,TX-750,<50
751,0.001991707,Primary,TX,32.63336495,-96.65381683,0.001991708754695413,750,22,TX-750,<50
752,0.003895294,Primary,TX,32.82099012,-96.83829993,0.003895297431757038,750,6,TX-750,<50
754,0.001011374,Primary,TX,33.24377302,-95.89563683,0.0010113748910212791,750,62,TX-750,51-150
755,0.000208283,Secondary,TX,33.32397255,-94.23788333,0.00020828318349748467,750,156,TX-750,151-300
756,0.000564768,Secondary,TX,32.48680761,-94.73801995,0.0005647684975610464,750,128,TX-750,51-150
757,0.000475646,Primary,TX,32.31429944,-95.37310732,0.0004756464190444952,750,97,TX-750,51-150
758,0.000238324,Secondary,TX,31.47555856,-95.65959099,0.000238324209963629,770,118,TX-770,51-150
759,0.000356484,Secondary,TX,31.38995588,-94.45899538,0.0003564843140626807,770,125,TX-770,51-150
760,0.002349193,Primary,TX,32.73050241,-97.21853609,0.0023491950696408566,750,23,TX-750,<50
761,0.001487021,Primary,TX,32.75632185,-97.27152935,0.0014870223100666552,750,25,TX-750,<50
762,0.001635222,Primary,TX,33.18522749,-97.19270953,0.0016352234406318512,750,27,TX-750,<50
763,0.000238324,Secondary,TX,33.87712911,-98.61578776,0.000238324209963629,750,121,TX-750,51-150
764,0.000178242,Primary,TX,32.5845375,-98.37456125,0.00017824215703134036,750,90,TX-750,51-150
765,0.001546101,Secondary,TX,31.11096525,-97.56571631,0.0015461023621161812,750,130,TX-750,51-150
766,3e-05,Primary,TX,31.71480203,-97.07859239,3.0000026430023288e-05,750,82,TX-750,51-150
767,0.000475646,Primary,TX,31.54466783,-97.13625581,0.0004756464190444952,750,94,TX-750,51-150
768,0.000119162,Secondary,TX,31.43000114,-99.18056932,0.0001191621049818145,750,169,TX-750,151-300
769,0.000386525,Secondary,TX,31.3977337,-100.5183272,0.000386525340528825,750,237,TX-750,151-300
770,0.006540889,Primary,TX,29.77049836,-95.41519724,0.006540894762528286,770,0,TX-770,<50
773,0.003092202,Primary,TX,30.10919119,-95.40537507,0.0030922047242323623,770,23,TX-770,<50
774,0.003835212,Primary,TX,29.65952597,-95.6856005,0.0038352153788247492,770,18,TX-770,<50
775,0.002438314,Primary,TX,29.59683964,-95.17402526,0.002438316148156527,770,19,TX-770,<50
776,0.000832131,Primary,TX,30.08017757,-94.03078037,0.0008321317331080569,770,86,TX-770,51-150
777,0.000267363,Primary,TX,30.08061268,-94.14762066,0.00026736323554701056,770,79,TX-770,51-150
778,0.000653889,Primary,TX,30.61895296,-96.32914321,0.0006538895760767165,770,80,TX-770,51-150
779,0.000416566,Primary,TX,28.95893886,-96.96806398,0.00041656636699496935,770,109,TX-770,51-150
780,0.000981334,Primary,TX,28.6196527,-99.0453514,0.0009813348645560157,770,233,TX-770,151-300
781,0.001070455,Primary,TX,29.37374107,-98.12762857,0.001070455943071686,770,166,TX-770,151-300
782,0.005024829,Primary,TX,29.45314256,-98.4975328,0.005024833426878249,770,187,TX-770,151-300
783,0.000267363,Secondary,TX,27.7956176,-97.69328798,0.00026736323554701056,770,194,TX-770,151-300
784,0.001218656,Secondary,TX,27.79343056,-97.40561199,0.001218657073636882,770,182,TX-770,151-300
785,0.002764757,Secondary,TX,26.1934576,-97.9558109,0.0027647594357530633,770,291,TX-770,151-300
786,0.002319152,Primary,TX,30.25780345,-97.8273734,0.0023191540431747124,770,148,TX-770,51-150
787,0.00291396,Primary,TX,30.30363295,-97.74164957,0.0029139625672010222,770,144,TX-770,51-150
788,0.000119162,Primary,TX,29.16311083,-100.0306825,0.0001191621049818145,770,281,TX-770,151-300
789,8.91e-05,Primary,TX,29.92089344,-96.84787131,8.910007849716916e-05,770,87,TX-770,51-150
790,0.000238324,Secondary,TX,35.26688777,-101.6259036,0.000238324209963629,750,317,TX-750,301-600
791,0.000564768,Secondary,TX,35.16737006,-101.8167634,0.0005647684975610464,750,324,TX-750,301-600
792,5.91e-05,Secondary,TX,34.27433016,-100.5808333,5.9100052067145876e-05,750,234,TX-750,151-300
793,0.000178242,Secondary,TX,33.48105046,-102.1159028,0.00017824215703134036,750,306,TX-750,301-600
794,0.001011374,Secondary,TX,33.57770816,-101.8659727,0.0010113748910212791,750,293,TX-750,151-300
795,3e-05,Secondary,TX,32.68512647,-100.2627137,3.0000026430023288e-05,750,198,TX-750,151-300
796,0.000475646,Secondary,TX,32.44478868,-99.73640189,0.0004756464190444952,750,170,TX-750,151-300
797,0.001159576,Secondary,TX,31.91606047,-102.2252385,0.0011595770215873562,750,320,TX-750,301-600
798,0.000178242,Primary,TX,31.17464138,-105.3606966,0.00017824215703134036,852,414,AZ-852,301-600
799,0.003211364,Primary,TX,31.7656623,-106.4485636,0.0032113668292141767,852,339,AZ-852,301-600
800,0.004460061,Primary,CO,39.74485394,-104.9808302,0.004460064929317204,802,1,CO-802,<50
801,0.01094187,Primary,CO,39.64477796,-104.9813544,0.010941879639795963,802,6,CO-802,<50
802,0.016323183,Primary,CO,39.73627057,-104.9979484,0.016323197380736894,802,0,CO-802,<50
803,0.000624849,Primary,CO,39.73803378,-105.0316401,0.000624849550492454,802,2,CO-802,<50
804,0.000951293,Primary,CO,39.79542842,-105.5822478,0.0009512938380898713,802,31,CO-802,<50
805,0.006035202,Primary,CO,40.38968207,-105.0863883,0.006035207317017646,802,45,CO-802,<50
806,0.002080828,Primary,CO,40.23774351,-104.747136,0.002080829833211083,802,37,CO-802,<50
807,0.000445606,Secondary,CO,40.385325,-103.2727469,0.00044560639257923185,802,102,CO-802,51-150
808,0.000564768,Primary,CO,39.08281453,-103.906065,0.0005647684975610464,802,74,CO-802,51-150
809,0.003033122,Primary,CO,38.85287251,-104.799162,0.0030331246721828366,802,62,CO-802,51-150
810,0.001070455,Secondary,CO,38.11337778,-104.1576306,0.001070455943071686,802,121,CO-802,51-150
811,0.000327445,Secondary,CO,37.45488602,-106.3365204,0.00032744528847929914,802,173,CO-802,151-300
812,0.000327445,Secondary,CO,38.50298,-106.0065733,0.00032744528847929914,802,101,CO-802,51-150
813,0.000148201,Secondary,CO,37.33919737,-108.1590553,0.00014820113056519604,802,238,CO-802,151-300
814,0.000119162,Secondary,CO,38.3686625,-107.9244188,0.0001191621049818145,802,183,CO-802,151-300
815,0.000683929,Secondary,CO,39.07391085,-108.5382101,0.0006839296025419799,802,195,CO-802,151-300
816,0.000862172,Secondary,CO,39.64786833,-107.1934217,0.0008621727595742013,802,117,CO-802,51-150
820,0.000297404,Secondary,WY,41.2043562,-104.8375212,0.00029740426201315485,802,102,CO-802,51-150
823,0.000178242,Secondary,WY,41.62845172,-107.156769,0.00017824215703134036,802,173,CO-802,151-300
824,0.000178242,Tertiary,WY,44.44188545,-108.5115073,0.00017824215703134036,841,308,UT-841,301-600
825,5.91e-05,Secondary,WY,42.97031875,-108.575025,5.9100052067145876e-05,841,230,UT-841,151-300
826,8.91e-05,Secondary,WY,42.86746525,-106.329122,8.910007849716916e-05,802,227,CO-802,151-300
828,3e-05,Tertiary,WY,44.68892432,-106.8533054,3.0000026430023288e-05,802,355,CO-802,301-600
829,0.000119162,Secondary,WY,41.68099508,-109.9486689,0.0001191621049818145,841,120,UT-841,51-150
830,3e-05,Secondary,WY,43.51857143,-110.7408607,3.0000026430023288e-05,841,201,UT-841,151-300
831,3e-05,Secondary,WY,42.47064419,-110.7402907,3.0000026430023288e-05,841,133,UT-841,51-150
832,0.000327445,Secondary,ID,42.89443054,-112.4368826,0.00032744528847929914,841,151,UT-841,151-300
833,0.000208283,Secondary,ID,42.78957806,-114.2452619,0.00020828318349748467,841,187,UT-841,151-300
834,0.000773051,Secondary,ID,43.70592611,-112.0616383,0.000773051681058531,841,205,UT-841,151-300
835,0.000238324,Secondary,ID,46.26556875,-116.5292313,0.000238324209963629,980,284,WA-980,151-300
836,0.002260071,Primary,ID,43.7288323,-116.3854156,0.0022600729911243056,841,309,UT-841,301-600
837,0.00217095,Primary,ID,43.61258508,-116.2310588,0.0021709519126086353,841,298,UT-841,151-300
838,0.000564768,Secondary,ID,47.61674601,-116.6744333,0.0005647684975610464,980,259,WA-980,151-300
840,0.005470434,Primary,UT,40.67013187,-111.7536007,0.0054704388194566,841,9,UT-841,<50
841,0.002319152,Primary,UT,40.73951069,-111.8893784,0.0023191540431747124,841,0,UT-841,<50
843,0.000505687,Primary,UT,41.65471736,-111.9732493,0.0005056874455106396,841,63,UT-841,51-150
844,0.000862172,Primary,UT,41.17161953,-111.9577553,0.0008621727595742013,841,30,UT-841,<50
845,5.91e-05,Secondary,UT,38.81124098,-110.4007082,5.9100052067145876e-05,841,155,UT-841,151-300
846,0.000624849,Primary,UT,40.06320569,-111.7190128,0.000624849550492454,841,48,UT-841,<50
847,0.001100496,Secondary,UT,37.60797488,-113.0020678,0.0011004969695378303,841,224,UT-841,151-300
850,0.004579223,Primary,AZ,33.50801087,-112.0594348,0.004579227034299018,852,9,AZ-852,<50
851,0.001635222,Primary,AZ,32.87289,-111.74493,0.0016352234406318512,852,41,AZ-852,<50
852,0.010019617,Primary,AZ,33.44442858,-111.9197627,0.010019625827290355,852,0,AZ-852,<50
853,0.009752253,Primary,AZ,33.49500482,-112.4999184,0.009752261591742464,852,34,AZ-852,<50
855,0.000238324,Primary,AZ,33.42011803,-110.4939377,0.000238324209963629,852,82,AZ-852,51-150
856,0.000534727,Secondary,AZ,31.75364359,-110.5073962,0.000534727471094902,852,143,AZ-852,51-150
857,0.002467353,Secondary,AZ,32.27017437,-110.9790432,0.002467355173739908,852,98,AZ-852,51-150
859,0.000238324,Secondary,AZ,34.19740179,-109.9840321,0.000238324209963629,852,123,AZ-852,51-150
860,0.000475646,Secondary,AZ,35.43649308,-111.4090092,0.0004756464190444952,852,140,AZ-852,51-150
863,0.000475646,Primary,AZ,34.58390667,-112.213077,0.0004756464190444952,852,80,AZ-852,51-150
864,0.000773051,Primary,AZ,34.97431354,-114.258651,0.000773051681058531,852,170,AZ-852,151-300
865,5.91e-05,Secondary,AZ,35.79852,-109.4734943,5.9100052067145876e-05,852,214,AZ-852,151-300
870,0.000534727,Secondary,NM,35.08857203,-106.7835958,0.000534727471094902,852,315,AZ-852,301-600
871,0.003359566,Secondary,NM,35.08446529,-106.642586,0.003359568959780254,852,322,AZ-852,301-600
873,8.91e-05,Secondary,NM,35.47991136,-108.6006841,8.910007849716916e-05,852,236,AZ-852,151-300
874,0.000148201,Secondary,NM,36.69554412,-108.2394676,0.00014820113056519604,802,274,CO-802,151-300
875,0.000386525,Secondary,NM,35.75610368,-105.9917384,0.000386525340528825,802,280,CO-802,151-300
877,3e-05,Secondary,NM,35.8832,-105.972775,3.0000026430023288e-05,802,271,CO-802,151-300
880,0.000773051,Secondary,NM,35.00632778,-107.0991889,0.000773051681058531,852,296,AZ-852,151-300
881,0.000208283,Secondary,NM,35.48986667,-106.4290556,0.00020828318349748467,802,303,CO-802,301-600
882,0.001100496,Secondary,NM,35.31424286,-107.1822286,0.0011004969695378303,852,300,AZ-852,151-300
883,0.000238324,Secondary,NM,35.9602,-106.9588333,0.000238324209963629,802,282,CO-802,151-300
884,5.91e-05,Secondary,NM,36.7322,-108.2101,5.9100052067145876e-05,802,271,CO-802,151-300
890,0.003954374,Primary,NV,36.23535634,-115.2332205,0.003954377483806564,900,230,CA-900,151-300
891,0.00651185,Primary,NV,36.14194742,-115.1464052,0.006511855736944904,900,229,CA-900,151-300
894,0.001337818,Secondary,NV,39.52802348,-119.2292659,0.0013378191786186963,945,192,CA-945,151-300
895,0.001635222,Secondary,NV,39.50761301,-119.7746952,0.0016352234406318512,945,169,CA-945,151-300
897,0.000327445,Secondary,NV,39.20946477,-119.7804102,0.00032744528847929914,945,155,CA-945,151-300
898,0.000238324,Secondary,NV,40.89796167,-115.7582833,0.000238324209963629,841,203,UT-841,151-300
900,0.007433102,Primary,CA,34.04951999,-118.2957382,0.007433108548568631,900,0,CA-900,<50
902,0.003687011,Primary,CA,33.94952193,-118.3121915,0.003687014248259553,900,7,CA-900,<50
903,0.000356484,Primary,CA,33.95547619,-118.3359107,0.0003564843140626807,900,7,CA-900,<50
904,0.000356484,Primary,CA,34.01595545,-118.4320422,0.0003564843140626807,900,8,CA-900,<50
905,0.000594808,Primary,CA,33.87717155,-118.3273979,0.0005948085240263097,900,12,CA-900,<50
906,0.002705677,Primary,CA,33.91033966,-118.035996,0.002705679383703537,900,18,CA-900,<50
907,0.002378232,Primary,CA,33.8487264,-118.1887304,0.002378234095224238,900,15,CA-900,<50
908,0.001487021,Primary,CA,33.81303047,-118.1708499,0.0014870223100666552,900,18,CA-900,<50
910,0.001011374,Primary,CA,34.13971991,-118.1183264,0.0010113748910212791,900,12,CA-900,<50
911,0.000416566,Primary,CA,34.13562288,-118.1470573,0.00041656636699496935,900,10,CA-900,<50
912,0.000564768,Primary,CA,34.15188364,-118.2760927,0.0005647684975610464,900,7,CA-900,<50
913,0.00582792,Primary,CA,34.23029986,-118.5750709,0.0058279251344020445,900,20,CA-900,<50
914,0.001605181,Primary,CA,34.15413978,-118.4363047,0.001605182414165707,900,11,CA-900,<50
915,0.000445606,Primary,CA,34.17568178,-118.3261838,0.00044560639257923185,900,9,CA-900,<50
916,0.000981334,Primary,CA,34.16065021,-118.3918357,0.0009813348645560157,900,9,CA-900,<50
917,0.005678717,Primary,CA,34.07218601,-117.8589428,0.005678722002954085,900,25,CA-900,<50
918,0.000386525,Primary,CA,34.09157959,-118.1369806,0.000386525340528825,900,10,CA-900,<50
919,0.001843505,Secondary,CA,32.72455083,-117.026126,0.001843506624129336,900,117,CA-900,51-150
920,0.00359789,Primary,CA,33.03817308,-117.1549308,0.0035978931697438826,900,96,CA-900,51-150
921,0.004490102,Secondary,CA,32.80332038,-117.1555752,0.004490105955783348,900,108,CA-900,51-150
922,0.003508768,Secondary,CA,33.60566711,-116.1737621,0.0035087710912273316,900,126,CA-900,51-150
923,0.004192698,Primary,CA,34.28362441,-117.2862469,0.004192701693770192,900,60,CA-900,51-150
924,0.000445606,Primary,CA,34.11847489,-117.3205191,0.00044560639257923185,900,56,CA-900,51-150
925,0.006035202,Primary,CA,33.84241649,-117.2822938,0.006035207317017646,900,60,CA-900,51-150
926,0.004876627,Primary,CA,33.67220698,-117.8229894,0.004876631296312172,900,38,CA-900,<50
927,0.001843505,Primary,CA,33.74051139,-117.8754184,0.001843506624129336,900,32,CA-900,<50
928,0.00437094,Primary,CA,33.81844313,-117.8767371,0.004370943850801533,900,29,CA-900,<50
930,0.00219999,Primary,CA,34.27097378,-119.1190524,0.002199991938192898,900,50,CA-900,<50
931,0.00071397,Primary,CA,34.42816751,-119.6947102,0.0007139706290081242,900,84,CA-900,51-150
932,0.001962667,Secondary,CA,36.03715812,-119.2986755,0.0019626687291111502,900,148,CA-900,51-150
933,0.001218656,Primary,CA,35.36057898,-119.0208952,0.001218657073636882,900,99,CA-900,51-150
934,0.001337818,Secondary,CA,35.18694703,-120.5499289,0.0013378191786186963,900,150,CA-900,51-150
935,0.002051788,Primary,CA,35.05487825,-118.1865568,0.002051789807626821,900,70,CA-900,51-150
936,0.001546101,Secondary,CA,36.80008571,-119.7737058,0.0015461023621161812,945,145,CA-945,51-150
937,0.001694303,Secondary,CA,36.75942982,-119.7877985,0.0016943044926822583,945,146,CA-945,51-150
939,0.000564768,Primary,CA,36.63330227,-121.6927892,0.0005647684975610464,945,86,CA-945,51-150
940,0.002260071,Primary,CA,37.47691148,-122.189659,0.0022600729911243056,945,26,CA-945,<50
941,0.0013979,Primary,CA,37.76219923,-122.3946011,0.0013979012315509852,945,19,CA-945,<50
943,8.91e-05,Primary,CA,37.42737993,-122.1286039,8.910007849716916e-05,945,29,CA-945,<50
944,0.000238324,Primary,CA,37.54007373,-122.2954237,0.000238324209963629,945,25,CA-945,<50
945,0.006481809,Primary,CA,37.84587461,-122.0596776,0.00648181471047876,945,0,CA-945,<50
946,0.000951293,Primary,CA,37.79860639,-122.2548117,0.0009512938380898713,945,11,CA-945,<50
947,5.91e-05,Primary,CA,37.84141388,-122.2695947,5.9100052067145876e-05,945,11,CA-945,<50
948,0.000327445,Primary,CA,37.89559344,-122.2934959,0.00032744528847929914,945,13,CA-945,<50
949,0.000892213,Primary,CA,38.00169848,-122.5495902,0.0008922137860403455,945,29,CA-945,<50
950,0.002051788,Primary,CA,37.18211184,-121.8986246,0.002051789807626821,945,47,CA-945,<50
951,0.002646597,Primary,CA,37.33080493,-121.8869819,0.0026465993316540115,945,37,CA-945,<50
952,0.001784425,Primary,CA,38.01704024,-121.2173024,0.0017844265720798102,945,48,CA-945,<50
953,0.003895294,Primary,CA,37.62326876,-120.8772632,0.003895297431757038,945,67,CA-945,51-150
954,0.000951293,Primary,CA,38.61212023,-122.851428,0.0009512938380898713,945,68,CA-945,51-150
955,0.000267363,Secondary,CA,40.66282252,-123.9543576,0.00026736323554701056,945,219,CA-945,151-300
956,0.003448687,Primary,CA,38.62058326,-121.3717498,0.003448690038295924,945,65,CA-945,51-150
957,0.000862172,Primary,CA,38.67373467,-121.2380987,0.0008621727595742013,945,73,CA-945,51-150
958,0.002319152,Primary,CA,38.57836643,-121.437606,0.0023191540431747124,945,61,CA-945,51-150
959,0.001426939,Secondary,CA,39.43083598,-121.5715556,0.0014269402571343666,945,112,CA-945,51-150
960,0.001159576,Secondary,CA,40.74394506,-122.3227024,0.0011595770215873562,945,200,CA-945,151-300
961,0.000445606,Secondary,CA,39.65372482,-120.3429794,0.00044560639257923185,945,155,CA-945,151-300
970,0.002497394,Primary,OR,45.47366175,-122.5845272,0.0024973962002060525,980,146,WA-980,51-150
971,0.000981334,Primary,OR,45.5050069,-123.1825698,0.0009813348645560157,980,150,WA-980,51-150
972,0.003419647,Primary,OR,45.527154,-122.6820627,0.0034196500127116614,980,143,WA-980,51-150
973,0.001367859,Primary,OR,44.83833408,-123.1232028,0.0013678602050848406,980,193,WA-980,151-300
974,0.001426939,Secondary,OR,43.79203105,-123.2901347,0.0014269402571343666,980,266,WA-980,151-300
975,0.000921252,Secondary,OR,42.3858199,-122.935425,0.0009212528116237271,945,317,CA-945,301-600
976,0.000267363,Secondary,OR,42.31514857,-121.5340757,0.00026736323554701056,945,310,CA-945,301-600
977,0.000564768,Secondary,OR,44.02201986,-121.0295383,0.0005647684975610464,980,252,WA-980,151-300
978,5.91e-05,Secondary,OR,45.32737754,-118.5658833,5.9100052067145876e-05,980,233,WA-980,151-300
979,8.91e-05,Primary,OR,43.89181429,-117.2455071,8.910007849716916e-05,841,350,UT-841,301-600
980,0.003448687,Primary,WA,47.56846941,-122.218759,0.003448690038295924,980,0,WA-980,<50
981,0.003062161,Primary,WA,47.6003177,-122.3192885,0.0030621636977662178,980,5,WA-980,<50
982,0.002586515,Primary,WA,48.22699563,-122.3073792,0.0025865172787217228,980,46,WA-980,<50
983,0.003033122,Primary,WA,47.47634214,-122.5928732,0.0030331246721828366,980,19,WA-980,<50
984,0.001159576,Primary,WA,47.24239474,-122.4420014,0.0011595770215873562,980,25,WA-980,<50
985,0.001576142,Primary,WA,46.99355624,-123.0236772,0.0015761433885823255,980,55,WA-980,51-150
986,0.001902586,Primary,WA,45.76925855,-122.62344,0.0019025876761797427,980,126,WA-980,51-150
988,0.000594808,Secondary,WA,47.68955592,-119.8267546,0.0005948085240263097,980,112,WA-980,51-150
989,0.001129535,Secondary,WA,46.62067943,-120.4825766,0.0011295359951212119,980,105,WA-980,51-150
990,0.000327445,Secondary,WA,47.6672503,-117.3992072,0.00032744528847929914,980,225,WA-980,151-300
992,0.001040414,Secondary,WA,47.66157143,-117.3964312,0.0010404149166055416,980,225,WA-980,151-300
993,0.000951293,Secondary,WA,46.28499278,-118.9835701,0.0009512938380898713,980,177,WA-980,151-300
994,3e-05,Secondary,WA,46.38525,-117.03592,3.0000026430023288e-05,980,258,WA-980,151-300
