zip3,preferred_fc,preferred_fc_zip3,preferred_fc_distance,distance_bucket,market_type,pmf,pmf_norm,lat,lon
10,GA-303,303,863,601-1000,Primary,0.002021748,0.002021749781161557,42.22159842,-72.57355816
11,GA-303,303,858,601-1000,Primary,0.001159576,0.0011595770215873562,42.10577295,-72.58373891
12,GA-303,303,845,601-1000,Secondary,0.000564768,0.0005647684975610464,42.39659452,-73.23757603
13,GA-303,303,880,601-1000,Primary,0.000148201,0.00014820113056519604,42.57895574,-72.54004426
14,GA-303,303,913,601-1000,Primary,0.00074301,0.0007430106545923867,42.56623253,-71.6967241
15,GA-303,303,897,601-1000,Primary,0.00145698,0.0014569812836005111,42.24197516,-71.76761484
16,GA-303,303,897,601-1000,Primary,0.000803091,0.0008030917075237944,42.26459123,-71.79338084
17,GA-303,303,915,601-1000,Primary,0.001189617,0.0011896180480535003,42.33511609,-71.41725034
18,GA-303,303,935,601-1000,Primary,0.002794798,0.0027948004622192074,42.60905578,-71.20474104
19,GA-303,303,944,601-1000,Primary,0.002260071,0.0022600729911243056,42.55964044,-70.9448446
20,GA-303,303,921,601-1000,Primary,0.001605181,0.001605182414165707,42.18647637,-71.14535043
21,GA-303,303,930,601-1000,Primary,0.005648677,0.005648681976488822,42.35170427,-71.07717596
22,GA-303,303,931,601-1000,Primary,0.000297404,0.00029740426201315485,42.35386118,-71.06993122
23,GA-303,303,924,601-1000,Primary,0.001991707,0.001991708754695413,42.07787459,-70.96676733
24,GA-303,303,926,601-1000,Primary,0.000653889,0.0006538895760767165,42.35635691,-71.1822087
25,GA-303,303,925,601-1000,Primary,0.000475646,0.0004756464190444952,41.61678456,-70.56772206
26,GA-303,303,943,601-1000,Primary,0.000624849,0.000624849550492454,41.71246484,-70.23067692
27,GA-303,303,907,601-1000,Primary,0.00217095,0.0021709519126086353,41.77048621,-71.09835991
28,GA-303,303,888,601-1000,Primary,0.002764757,0.0027647594357530633,41.70319953,-71.46661189
29,GA-303,303,894,601-1000,Primary,0.001665263,0.0016652644670979955,41.8087759,-71.42421299
30,GA-303,303,936,601-1000,Primary,0.00145698,0.0014569812836005111,42.84900883,-71.43806364
31,GA-303,303,941,601-1000,Primary,0.000386525,0.000386525340528825,42.99436347,-71.4652
32,GA-303,303,956,601-1000,Primary,0.00074301,0.0007430106545923867,43.48417588,-71.60856181
33,GA-303,303,947,601-1000,Primary,0.000267363,0.00026736323554701056,43.2209,-71.55933
34,GA-303,303,909,601-1000,Primary,0.000178242,0.00017824215703134036,42.93445679,-72.20745802
35,GA-303,303,1011,1001-1400,Secondary,0.000119162,0.0001191621049818145,44.5527,-71.45347544
37,GA-303,303,944,601-1000,Secondary,0.000297404,0.00029740426201315485,43.68600566,-72.16861698
38,GA-303,303,969,601-1000,Primary,0.001635222,0.0016352234406318512,43.24875168,-71.02708603
39,GA-303,303,979,601-1000,Primary,0.000148201,0.00014820113056519604,43.18603846,-70.71189487
40,GA-303,303,1011,1001-1400,Primary,0.001159576,0.0011595770215873562,43.70327886,-70.459
41,GA-303,303,1016,1001-1400,Primary,0.000803091,0.0008030917075237944,43.65348226,-70.26322312
42,GA-303,303,1039,1001-1400,Secondary,0.000297404,0.00029740426201315485,44.27333841,-70.36711325
43,GA-303,303,1061,1001-1400,Secondary,0.000208283,0.00020828318349748467,44.28428242,-69.79427473
44,GA-303,303,1132,1001-1400,Secondary,0.000386525,0.000386525340528825,45.02228895,-68.79468837
46,GA-303,303,1144,1001-1400,Secondary,0.000148201,0.00014820113056519604,44.59146195,-68.03332566
47,GA-303,303,1231,1001-1400,Tertiary,0.000148201,0.00014820113056519604,46.72181325,-68.11694217
48,GA-303,303,1083,1001-1400,Secondary,0.000208283,0.00020828318349748467,44.15387451,-69.11161961
49,GA-303,303,1085,1001-1400,Secondary,0.000267363,0.00026736323554701056,44.70606,-69.65431842
50,GA-303,303,942,601-1000,Secondary,0.000119162,0.0001191621049818145,43.7951267,-72.35990682
51,GA-303,303,911,601-1000,Primary,0.000119162,0.0001191621049818145,43.28894746,-72.55720508
52,GA-303,303,880,601-1000,Secondary,8.91e-05,8.910007849716916e-05,43.06891636,-73.12794727
53,GA-303,303,889,601-1000,Primary,8.91e-05,8.910007849716916e-05,42.94292113,-72.7295507
54,GA-303,303,953,601-1000,Secondary,0.000624849,0.000624849550492454,44.54390303,-73.10620947
56,GA-303,303,959,601-1000,Secondary,0.000327445,0.00032744528847929914,44.3038876,-72.57091405
57,GA-303,303,911,601-1000,Secondary,0.000356484,0.0003564843140626807,43.69014437,-73.07828411
60,GA-303,303,818,601-1000,Primary,0.002349193,0.0023491950696408566,41.9682,-73.4412
61,GA-303,303,816,601-1000,Primary,0.000773051,0.000773051681058531,41.5522,-73.0443
62,GA-303,303,852,601-1000,Primary,0.000624849,0.000624849550492454,41.6929,-72.3122
63,GA-303,303,859,601-1000,Primary,0.001337818,0.0013378191786186963,41.6163,-72.0827
64,GA-303,303,835,601-1000,Primary,0.002319152,0.0023191540431747124,41.3877,-72.4336
65,GA-303,303,795,601-1000,Primary,0.001011374,0.0010113748910212791,40.75607573,-72.78328693
66,GA-303,303,794,601-1000,Primary,0.000951293,0.0009512938380898713,41.1777,-73.1933
67,GA-303,303,816,601-1000,Primary,0.000862172,0.0008621727595742013,41.5522,-73.0443
68,GA-303,303,778,601-1000,Primary,0.001813464,0.0018134655976631917,41.0788,-73.4713
69,GA-303,303,776,601-1000,Primary,0.000356484,0.0003564843140626807,41.1003,-73.549
70,GA-303,303,734,601-1000,Primary,0.008117031,0.008117038151110612,40.6674,-74.1146
71,GA-303,303,735,601-1000,Primary,0.001962667,0.0019626687291111502,40.7339,-74.1617
72,GA-303,303,729,601-1000,Primary,0.001337818,0.0013378191786186963,40.6965,-74.267
73,GA-303,303,740,601-1000,Primary,0.000921252,0.0009212528116237271,40.7148,-74.0371
74,GA-303,303,750,601-1000,Primary,0.001218656,0.001218657073636882,41.0592,-74.1322
75,GA-303,303,743,601-1000,Primary,0.000951293,0.0009512938380898713,40.9125,-74.1653
76,GA-303,303,747,601-1000,Primary,0.002021748,0.002021749781161557,40.887,-74.0391
77,GA-303,303,725,601-1000,Primary,0.002260071,0.0022600729911243056,40.3038,-73.9858
78,GA-303,303,708,601-1000,Primary,0.001100496,0.0011004969695378303,40.672,-74.7507
79,GA-303,303,705,601-1000,Primary,0.00071397,0.0007139706290081242,40.06206193,-74.22597178
80,GA-303,303,655,601-1000,Primary,0.004043495,0.004043498562322234,39.36192889,-74.75292026
81,GA-303,303,663,601-1000,Primary,0.00071397,0.0007139706290081242,39.93994576,-75.10335695
82,GA-303,303,642,601-1000,Primary,0.000653889,0.0006538895760767165,39.0817,-74.8214
83,GA-303,303,648,601-1000,Primary,0.00151606,0.0015160613356500368,39.47426061,-75.01237929
84,GA-303,303,667,601-1000,Primary,0.000416566,0.00041656636699496935,39.3365,-74.4828
85,GA-303,303,689,601-1000,Primary,0.000921252,0.0009212528116237271,39.89411341,-74.45477726
86,GA-303,303,690,601-1000,Primary,0.000981334,0.0009813348645560157,40.22932944,-74.72748806
87,GA-303,303,706,601-1000,Primary,0.001605181,0.001605182414165707,40.03073867,-74.191903
88,GA-303,303,712,601-1000,Primary,0.003626929,0.0036269321953272646,40.53162924,-74.5131388
89,GA-303,303,713,601-1000,Primary,0.000267363,0.00026736323554701056,40.48942037,-74.44261806
100,GA-303,303,743,601-1000,Primary,0.00663001,0.006630015841043957,40.74525552,-73.98520233
101,GA-303,303,743,601-1000,Primary,0.000297404,0.00029740426201315485,40.74727355,-73.9830577
103,GA-303,303,731,601-1000,Primary,0.003359566,0.003359568959780254,40.60260336,-74.1228694
104,GA-303,303,751,601-1000,Primary,0.006214445,0.006214450474930869,40.84227184,-73.88505434
105,GA-303,303,767,601-1000,Primary,0.002051788,0.002051789807626821,41.11518994,-73.78099939
107,GA-303,303,756,601-1000,Primary,0.000445606,0.00044560639257923185,40.94393272,-73.86919228
108,GA-303,303,759,601-1000,Primary,0.000505687,0.0005056874455106396,40.93233725,-73.78483333
109,GA-303,303,757,601-1000,Primary,0.002110869,0.0021108708596772273,41.211135,-74.11537659
110,GA-303,303,756,601-1000,Primary,0.000445606,0.00044560639257923185,40.74237028,-73.67615728
111,GA-303,303,745,601-1000,Primary,0.00151606,0.0015160613356500368,40.7491698,-73.94105235
112,GA-303,303,741,601-1000,Primary,0.008890082,0.008890089832169143,40.66649174,-73.95393848
113,GA-303,303,748,601-1000,Primary,0.002764757,0.0027647594357530633,40.74291633,-73.86860143
114,GA-303,303,749,601-1000,Primary,0.002497394,0.0024973962002060525,40.69842097,-73.81199682
115,GA-303,303,758,601-1000,Primary,0.002646597,0.0026465993316540115,40.72620155,-73.62281814
116,GA-303,303,745,601-1000,Primary,0.000327445,0.00032744528847929914,40.60472791,-73.81473256
117,GA-303,303,774,601-1000,Primary,0.00517303,0.0051730345574434455,40.78807368,-73.30625937
118,GA-303,303,763,601-1000,Primary,0.000267363,0.00026736323554701056,40.75869444,-73.53503889
119,GA-303,303,803,601-1000,Primary,0.001129535,0.0011295359951212119,40.87343242,-72.71286301
120,GA-303,303,835,601-1000,Secondary,0.001367859,0.0013678602050848406,42.75112857,-73.92861229
121,GA-303,303,836,601-1000,Secondary,0.001070455,0.001070455943071686,42.69234195,-73.84015671
122,GA-303,303,837,601-1000,Secondary,0.00071397,0.0007139706290081242,42.66180847,-73.76956911
123,GA-303,303,838,601-1000,Secondary,0.00074301,0.0007430106545923867,42.78925236,-73.90415864
124,GA-303,303,794,601-1000,Primary,0.001159576,0.0011595770215873562,42.03563672,-74.11526836
125,GA-303,303,788,601-1000,Primary,0.002408273,0.0024082751216903822,41.69834209,-73.89105316
126,GA-303,303,786,601-1000,Primary,5.91e-05,5.9100052067145876e-05,41.69560833,-73.9233869
127,GA-303,303,754,601-1000,Primary,0.000297404,0.00029740426201315485,41.65489609,-74.71532109
128,GA-303,303,872,601-1000,Secondary,0.000445606,0.00044560639257923185,43.31938779,-73.67786374
129,GA-303,303,931,601-1000,Secondary,0.000624849,0.000624849550492454,44.58697813,-73.8274599
130,GA-303,303,771,601-1000,Secondary,0.000803091,0.0008030917075237944,42.99775466,-76.20254689
131,GA-303,303,772,601-1000,Secondary,0.000238324,0.000238324209963629,43.06662667,-76.29617611
132,GA-303,303,776,601-1000,Secondary,0.0013979,0.0013979012315509852,43.05455039,-76.14863619
133,GA-303,303,808,601-1000,Secondary,0.000297404,0.00029740426201315485,43.12366951,-75.23849512
134,GA-303,303,804,601-1000,Secondary,0.000921252,0.0009212528116237271,43.10408259,-75.33231194
135,GA-303,303,808,601-1000,Secondary,8.91e-05,8.910007849716916e-05,43.10318462,-75.22635192
136,GA-303,303,862,601-1000,Secondary,0.001367859,0.0013678602050848406,44.2923,-75.55557203
137,GA-303,303,745,601-1000,Secondary,0.000416566,0.00041656636699496935,42.20430511,-75.71403139
138,GA-303,303,754,601-1000,Secondary,0.00071397,0.0007139706290081242,42.31484412,-75.62288235
139,GA-303,303,733,601-1000,Secondary,0.000327445,0.00032744528847929914,42.10401583,-75.90619784
140,GA-303,303,693,601-1000,Secondary,0.001129535,0.0011295359951212119,42.83957564,-78.68910897
141,GA-303,303,695,601-1000,Secondary,0.001189617,0.0011896180480535003,42.89635879,-78.77738187
142,GA-303,303,694,601-1000,Secondary,0.002853878,0.002853880514268733,42.90586967,-78.84116078
143,GA-303,303,700,601-1000,Secondary,0.000267363,0.00026736323554701056,43.07818571,-79.01328036
144,GA-303,303,733,601-1000,Secondary,0.001100496,0.0011004969695378303,43.01512782,-77.55959839
145,GA-303,303,736,601-1000,Secondary,0.000921252,0.0009212528116237271,43.02661111,-77.4711828
146,GA-303,303,739,601-1000,Secondary,0.002616556,0.002616558305187867,43.15380025,-77.61061104
147,GA-303,303,648,601-1000,Secondary,0.000803091,0.0008030917075237944,42.19690941,-78.9368995
148,GA-303,303,708,601-1000,Secondary,0.000803091,0.0008030917075237944,42.29343289,-76.99774497
149,GA-303,303,703,601-1000,Secondary,0.000178242,0.00017824215703134036,42.09806724,-76.79182759
150,GA-303,303,517,301-600,Secondary,0.001040414,0.0010404149166055416,40.48827386,-80.06192407
151,GA-303,303,516,301-600,Secondary,0.001576142,0.0015761433885823255,40.44208,-79.96457029
152,GA-303,303,516,301-600,Secondary,0.002260071,0.0022600729911243056,40.44167781,-79.98308384
153,GA-303,303,492,301-600,Secondary,0.000564768,0.0005647684975610464,40.12427185,-80.16128992
154,GA-303,303,493,301-600,Secondary,0.000119162,0.0001191621049818145,39.95365,-79.74857363
155,GA-303,303,524,301-600,Secondary,0.000267363,0.00026736323554701056,40.00922679,-78.83279464
156,GA-303,303,520,301-600,Secondary,0.00071397,0.0007139706290081242,40.33140295,-79.58745574
157,GA-303,303,557,301-600,Secondary,0.000119162,0.0001191621049818145,40.69903272,-79.0433963
158,GA-303,303,595,301-600,Secondary,0.000148201,0.00014820113056519604,41.23524105,-78.77409789
159,GA-303,303,542,301-600,Secondary,8.91e-05,8.910007849716916e-05,40.35897235,-78.87375176
160,GA-303,303,543,301-600,Secondary,0.000862172,0.0008621727595742013,40.87177742,-79.92391659
161,GA-303,303,549,301-600,Secondary,0.000416566,0.00041656636699496935,41.119136,-80.3581008
162,GA-303,303,567,301-600,Secondary,0.000178242,0.00017824215703134036,41.0390295,-79.41189353
163,GA-303,303,592,301-600,Secondary,8.91e-05,8.910007849716916e-05,41.56453208,-79.65535409
164,GA-303,303,605,601-1000,Secondary,0.000238324,0.000238324209963629,41.88696429,-79.99716071
165,GA-303,303,617,601-1000,Secondary,0.000416566,0.00041656636699496935,42.11951227,-80.08246136
166,GA-303,303,567,301-600,Secondary,0.000594808,0.0005948085240263097,40.5086,-78.33891137
168,GA-303,303,600,301-600,Secondary,0.000119162,0.0001191621049818145,40.89835472,-77.98498962
169,GA-303,303,672,601-1000,Secondary,3e-05,3.0000026430023288e-05,41.82211053,-77.30583789
170,GA-303,303,607,601-1000,Primary,0.002378232,0.002378234095224238,40.3307,-76.94386764
171,GA-303,303,607,601-1000,Primary,0.000653889,0.0006538895760767165,40.26888145,-76.86055597
172,GA-303,303,559,301-600,Primary,0.000624849,0.000624849550492454,39.96023529,-77.73703309
173,GA-303,303,591,301-600,Primary,0.001159576,0.0011595770215873562,39.91429771,-76.83668211
174,GA-303,303,597,301-600,Primary,0.000445606,0.00044560639257923185,39.96253563,-76.721075
175,GA-303,303,622,601-1000,Primary,0.00074301,0.0007430106545923867,40.0787199,-76.24097704
176,GA-303,303,617,601-1000,Primary,0.000832131,0.0008321317331080569,40.04796608,-76.3200386
177,GA-303,303,649,601-1000,Secondary,0.000803091,0.0008030917075237944,41.25440132,-77.08451711
178,GA-303,303,644,601-1000,Secondary,0.000624849,0.000624849550492454,40.91138511,-76.71143936
179,GA-303,303,653,601-1000,Primary,0.000327445,0.00032744528847929914,40.71563333,-76.21331714
180,GA-303,303,679,601-1000,Primary,0.002527435,0.002527437226672197,40.62422628,-75.41782569
181,GA-303,303,675,601-1000,Primary,0.00071397,0.0007139706290081242,40.58665963,-75.48004667
182,GA-303,303,673,601-1000,Primary,0.001011374,0.0010113748910212791,40.91117327,-75.91078119
183,GA-303,303,705,601-1000,Primary,0.001100496,0.0011004969695378303,41.04724939,-75.24029085
184,GA-303,303,720,601-1000,Primary,0.001278738,0.0012787391265691706,41.53036893,-75.46419322
185,GA-303,303,706,601-1000,Primary,0.000416566,0.00041656636699496935,41.39919606,-75.68046897
186,GA-303,303,691,601-1000,Secondary,0.000327445,0.00032744528847929914,41.30784775,-75.94537416
187,GA-303,303,691,601-1000,Primary,0.000773051,0.000773051681058531,41.24694724,-75.88343681
188,GA-303,303,711,601-1000,Secondary,0.000208283,0.00020828318349748467,41.81512832,-76.12135487
189,GA-303,303,676,601-1000,Primary,0.001129535,0.0011295359951212119,40.29460743,-75.13967883
190,GA-303,303,663,601-1000,Primary,0.003776132,0.003776135326775223,40.04971981,-75.19010931
191,GA-303,303,662,601-1000,Primary,0.005708758,0.00570876302942023,39.98244557,-75.15100769
193,GA-303,303,643,601-1000,Primary,0.001159576,0.0011595770215873562,39.97870243,-75.61172708
194,GA-303,303,660,601-1000,Primary,0.001100496,0.0011004969695378303,40.14909193,-75.36631969
195,GA-303,303,652,601-1000,Primary,0.000981334,0.0009813348645560157,40.37234731,-75.82671183
196,GA-303,303,646,601-1000,Primary,0.000921252,0.0009212528116237271,40.32961781,-75.9111668
197,GA-303,303,628,601-1000,Primary,0.001605181,0.001605182414165707,39.67063322,-75.65360909
198,GA-303,303,635,601-1000,Primary,0.000921252,0.0009212528116237271,39.74372985,-75.56226797
199,GA-303,303,607,601-1000,Primary,0.001576142,0.0015761433885823255,38.88058095,-75.42778852
200,GA-303,303,537,301-600,Primary,0.002794798,0.0027948004622192074,38.91072436,-77.03283497
201,GA-303,303,521,301-600,Primary,0.003626929,0.0036269321953272646,38.90325843,-77.40995754
206,GA-303,303,531,301-600,Primary,0.001218656,0.001218657073636882,38.52837802,-76.80524593
207,GA-303,303,546,301-600,Primary,0.003240404,0.0032404068547984394,38.96671509,-76.8871367
208,GA-303,303,540,301-600,Primary,0.001843505,0.001843506624129336,39.07738908,-77.13893504
209,GA-303,303,543,301-600,Primary,0.000475646,0.0004756464190444952,39.0233881,-77.02748367
210,GA-303,303,572,301-600,Primary,0.002289111,0.002289113016708568,39.29973353,-76.6165766
211,GA-303,303,570,301-600,Primary,0.001991707,0.001991708754695413,39.31982141,-76.66981463
212,GA-303,303,571,301-600,Primary,0.003924333,0.0039243364573404195,39.30355192,-76.62872847
214,GA-303,303,561,301-600,Primary,0.000327445,0.00032744528847929914,38.9896406,-76.54905789
215,GA-303,303,496,301-600,Secondary,0.000416566,0.00041656636699496935,39.57773953,-78.96976628
216,GA-303,303,578,301-600,Primary,0.000564768,0.0005647684975610464,38.86673676,-76.05069081
217,GA-303,303,547,301-600,Primary,0.001784425,0.0017844265720798102,39.44913587,-77.382995
218,GA-303,303,581,301-600,Primary,0.000386525,0.000386525340528825,38.36056166,-75.58505389
219,GA-303,303,609,601-1000,Primary,0.000505687,0.0005056874455106396,39.56120375,-75.99228125
220,GA-303,303,527,301-600,Primary,0.00074301,0.0007430106545923867,38.86234783,-77.22257693
221,GA-303,303,526,301-600,Primary,0.001426939,0.0014269402571343666,38.83510377,-77.22143642
222,GA-303,303,533,301-600,Primary,0.000534727,0.000534727471094902,38.88123443,-77.10090017
223,GA-303,303,531,301-600,Primary,0.000951293,0.0009512938380898713,38.83112862,-77.1054273
224,GA-303,303,497,301-600,Primary,0.000803091,0.0008030917075237944,38.23108786,-77.30653931
225,GA-303,303,497,301-600,Primary,0.000475646,0.0004756464190444952,38.15327143,-77.24898469
226,GA-303,303,498,301-600,Primary,0.000594808,0.0005948085240263097,39.07277338,-78.19579286
227,GA-303,303,475,301-600,Primary,0.000238324,0.000238324209963629,38.45003061,-78.03821939
228,GA-303,303,447,301-600,Secondary,0.000327445,0.00032744528847929914,38.50563333,-78.81185
229,GA-303,303,435,301-600,Secondary,0.000773051,0.000773051681058531,38.04090567,-78.55812933
230,GA-303,303,469,301-600,Secondary,0.001337818,0.0013378191786186963,37.62949356,-77.41682772
231,GA-303,303,474,301-600,Secondary,0.00071397,0.0007139706290081242,37.4998441,-77.22245983
232,GA-303,303,464,301-600,Secondary,0.001694303,0.0016943044926822583,37.54388316,-77.47156195
233,GA-303,303,512,301-600,Secondary,0.000564768,0.0005647684975610464,37.00132646,-76.13837831
234,GA-303,303,508,301-600,Secondary,0.002289111,0.002289113016708568,36.95177949,-76.19095487
235,GA-303,303,501,301-600,Secondary,0.000624849,0.000624849550492454,36.86433079,-76.28011677
236,GA-303,303,498,301-600,Secondary,0.001932626,0.0019326277026450061,37.08132778,-76.46009571
237,GA-303,303,499,301-600,Secondary,0.000386525,0.000386525340528825,36.84195069,-76.31723889
238,GA-303,303,454,301-600,Secondary,0.001724343,0.0017243445191475215,37.14932953,-77.38776316
239,GA-303,303,405,301-600,Primary,0.000208283,0.00020828318349748467,37.00231935,-78.31550242
240,GA-303,303,338,301-600,Secondary,0.000892213,0.0008922137860403455,37.20747706,-80.01200902
241,GA-303,303,327,301-600,Secondary,0.000683929,0.0006839296025419799,37.06934143,-80.10405429
242,GA-303,303,235,151-300,Secondary,0.000327445,0.00032744528847929914,36.81517643,-82.35745987
243,GA-303,303,277,151-300,Secondary,0.000594808,0.0005948085240263097,36.83753356,-81.11225503
244,GA-303,303,405,301-600,Secondary,0.000445606,0.00044560639257923185,38.04320667,-79.31057
245,GA-303,303,372,301-600,Primary,0.00071397,0.0007139706290081242,37.16149444,-79.15126608
246,GA-303,303,272,151-300,Secondary,0.000208283,0.00020828318349748467,37.17204028,-81.7817375
247,GA-303,303,303,301-600,Secondary,0.000178242,0.00017824215703134036,37.37688824,-81.17853529
249,GA-303,303,352,301-600,Secondary,0.000208283,0.00020828318349748467,37.83328475,-80.45680678
250,GA-303,303,346,301-600,Secondary,0.000356484,0.0003564843140626807,38.28920448,-81.51959701
251,GA-303,303,342,301-600,Secondary,0.000148201,0.00014820113056519604,38.26736075,-81.62581589
252,GA-303,303,367,301-600,Secondary,0.000297404,0.00029740426201315485,38.65841184,-81.59550921
253,GA-303,303,347,301-600,Secondary,0.000267363,0.00026736323554701056,38.3517255,-81.6372055
254,GA-303,303,520,301-600,Primary,0.000534727,0.000534727471094902,39.42938372,-78.08368837
255,GA-303,303,336,301-600,Secondary,0.000297404,0.00029740426201315485,38.35476786,-82.14961161
256,GA-303,303,301,301-600,Secondary,0.000119162,0.0001191621049818145,37.76249259,-82.0260037
257,GA-303,303,334,301-600,Secondary,0.000327445,0.00032744528847929914,38.41577699,-82.43553274
258,GA-303,303,328,301-600,Secondary,0.000119162,0.0001191621049818145,37.825463,-81.192217
259,GA-303,303,330,301-600,Secondary,8.91e-05,8.910007849716916e-05,37.79625,-81.0564381
260,GA-303,303,483,301-600,Secondary,0.000445606,0.00044560639257923185,40.15625591,-80.61938661
261,GA-303,303,412,301-600,Secondary,0.000505687,0.0005056874455106396,39.28909,-81.33790077
262,GA-303,303,424,301-600,Secondary,0.000267363,0.00026736323554701056,38.86444066,-79.99928901
263,GA-303,303,430,301-600,Secondary,0.000119162,0.0001191621049818145,39.21827692,-80.45758462
264,GA-303,303,434,301-600,Secondary,0.000238324,0.000238324209963629,39.25559726,-80.41546027
265,GA-303,303,462,301-600,Secondary,0.000653889,0.0006538895760767165,39.5895,-80.0849882
266,GA-303,303,377,301-600,Secondary,3e-05,3.0000026430023288e-05,38.45512727,-80.77590909
268,GA-303,303,461,301-600,Secondary,0.000148201,0.00014820113056519604,38.93795366,-79.0184878
270,GA-303,303,277,151-300,Secondary,0.000534727,0.000534727471094902,36.17049502,-80.38823575
271,GA-303,303,280,151-300,Primary,0.000683929,0.0006839296025419799,36.09141046,-80.25698769
272,GA-303,303,298,151-300,Primary,0.001426939,0.0014269402571343666,35.95710716,-79.77658795
273,GA-303,303,305,301-600,Primary,0.000832131,0.0008321317331080569,35.88759763,-79.59428538
274,GA-303,303,301,301-600,Primary,0.001040414,0.0010404149166055416,36.05700861,-79.79280196
275,GA-303,303,353,301-600,Primary,0.004221737,0.004221740719353574,35.82887174,-78.63465029
276,GA-303,303,351,301-600,Primary,0.001487021,0.0014870223100666552,35.8020726,-78.6551966
277,GA-303,303,343,301-600,Primary,0.000892213,0.0008922137860403455,35.94769405,-78.88211162
278,GA-303,303,411,301-600,Primary,0.001307777,0.0013077781521525522,35.87348852,-77.5487614
279,GA-303,303,482,301-600,Secondary,0.00071397,0.0007139706290081242,36.14088453,-76.32125746
280,GA-303,303,218,151-300,Secondary,0.002675636,0.0026756383572373926,35.33906188,-80.99037833
281,GA-303,303,228,151-300,Secondary,0.00151606,0.0015160613356500368,35.31159828,-80.76785226
282,GA-303,303,222,151-300,Secondary,0.002675636,0.0026756383572373926,35.21502079,-80.83265285
283,GA-303,303,319,301-600,Primary,0.002438314,0.002438316148156527,35.01738742,-78.9475324
284,GA-303,303,361,301-600,Secondary,0.001605181,0.001605182414165707,34.2891912,-78.08137156
285,GA-303,303,411,301-600,Primary,0.001784425,0.0017844265720798102,34.9859099,-77.28354777
286,GA-303,303,226,151-300,Secondary,0.001576142,0.0015761433885823255,35.94264222,-81.30105167
287,GA-303,303,148,51-150,Secondary,0.001546101,0.0015461023621161812,35.45591335,-82.64979975
288,GA-303,303,159,151-300,Secondary,0.000683929,0.0006839296025419799,35.58817723,-82.54401295
289,GA-303,303,91,51-150,Primary,0.000178242,0.00017824215703134036,35.088075,-83.868865
290,GA-303,303,198,151-300,Secondary,0.000951293,0.0009512938380898713,33.98978865,-80.8998922
291,GA-303,303,204,151-300,Secondary,0.000981334,0.0009813348645560157,33.90319931,-80.79367674
292,GA-303,303,191,151-300,Secondary,0.000505687,0.0005056874455106396,34.0198117,-81.0258532
293,GA-303,303,156,151-300,Secondary,0.001129535,0.0011295359951212119,34.89395375,-81.929428
294,GA-303,303,258,151-300,Secondary,0.003330526,0.003330528934195991,32.88681303,-80.02509611
295,GA-303,303,286,151-300,Secondary,0.0013979,0.0013979012315509852,33.99822153,-79.37769234
296,GA-303,303,124,51-150,Secondary,0.003151283,0.003151285776282769,34.73092044,-82.462196
297,GA-303,303,205,151-300,Secondary,0.000773051,0.000773051681058531,34.90712222,-81.01128778
298,GA-303,303,148,51-150,Secondary,0.000148201,0.00014820113056519604,33.53246422,-81.7971931
299,GA-303,303,225,151-300,Secondary,0.00074301,0.0007430106545923867,32.44946269,-80.81498109
300,GA-303,303,7,<50,Primary,0.007433102,0.007433108548568631,33.87882718,-84.24722308
301,GA-303,303,19,<50,Primary,0.00297304,0.002973042619250548,33.97785107,-84.61278737
302,GA-303,303,23,<50,Primary,0.002675636,0.0026756383572373926,33.49760013,-84.39142252
303,GA-303,303,0,<50,Primary,0.00443002,0.004430023902851059,33.82242118,-84.34254523
304,GA-303,303,161,151-300,Secondary,0.000534727,0.000534727471094902,32.48343918,-82.06773196
305,GA-303,303,45,<50,Primary,0.00145698,0.0014569812836005111,34.33189276,-83.8383092
306,GA-303,303,56,51-150,Primary,0.001337818,0.0013378191786186963,33.90451178,-83.38081233
307,GA-303,303,73,51-150,Primary,0.000892213,0.0008922137860403455,34.69029569,-85.06255167
308,GA-303,303,126,51-150,Secondary,0.000445606,0.00044560639257923185,33.39659213,-82.21214724
309,GA-303,303,133,51-150,Secondary,0.000475646,0.0004756464190444952,33.48753421,-82.06129699
310,GA-303,303,98,51-150,Primary,0.000683929,0.0006839296025419799,32.62425137,-83.43419612
312,GA-303,303,79,51-150,Primary,0.000267363,0.00026736323554701056,32.8358381,-83.64196667
313,GA-303,303,211,151-300,Secondary,0.000921252,0.0009212528116237271,31.93639896,-81.49039479
314,GA-303,303,223,151-300,Secondary,0.000981334,0.0009813348645560157,32.0700884,-81.1176529
315,GA-303,303,221,151-300,Secondary,0.001040414,0.0010404149166055416,31.29840563,-82.00096162
316,GA-303,303,209,151-300,Secondary,0.000416566,0.00041656636699496935,30.92886067,-83.28538483
317,GA-303,303,163,151-300,Secondary,0.000505687,0.0005056874455106396,31.47418031,-83.95340051
318,GA-303,303,92,51-150,Primary,0.000148201,0.00014820113056519604,32.56099242,-84.86697576
319,GA-303,303,99,51-150,Primary,0.000267363,0.00026736323554701056,32.47927346,-84.96985213
320,GA-303,303,294,151-300,Secondary,0.002080828,0.002080829833211083,30.13761429,-81.80804379
321,GA-303,303,362,301-600,Primary,0.0013979,0.0013979012315509852,29.28033024,-81.25835547
322,GA-303,303,290,151-300,Secondary,0.003448687,0.003448690038295924,30.30075213,-81.63305956
323,GA-303,303,235,151-300,Secondary,0.000653889,0.0006538895760767165,30.41755655,-84.2583939
324,GA-303,303,249,151-300,Secondary,0.001159576,0.0011595770215873562,30.38547134,-85.67905612
325,GA-303,303,277,151-300,Secondary,0.001991707,0.001991708754695413,30.46285326,-86.94394577
326,GA-303,303,312,301-600,Primary,0.001367859,0.0013678602050848406,29.61443468,-82.36344412
327,GA-303,303,396,301-600,Primary,0.00365697,0.0036569732217934083,28.67999853,-81.34017569
328,GA-303,303,405,301-600,Primary,0.004965748,0.004965752374827843,28.52980184,-81.37025332
329,GA-303,303,448,301-600,Primary,0.001813464,0.0018134655976631917,28.15899052,-80.64259589
330,GA-303,303,594,301-600,Primary,0.006481809,0.00648181471047876,25.95777195,-80.25858971
331,GA-303,303,606,601-1000,Primary,0.007819627,0.007819633889097457,25.78771157,-80.24139668
333,GA-303,303,585,301-600,Primary,0.002557476,0.002557478253138341,26.14805954,-80.17388352
334,GA-303,303,559,301-600,Primary,0.005530516,0.005530520872388889,26.59437338,-80.10587723
335,GA-303,303,413,301-600,Primary,0.002260071,0.0022600729911243056,28.0939347,-82.29407331
336,GA-303,303,417,301-600,Primary,0.002438314,0.002438316148156527,27.98146252,-82.47044567
337,GA-303,303,419,301-600,Primary,0.001813464,0.0018134655976631917,27.89427293,-82.73852559
338,GA-303,303,435,301-600,Primary,0.002794798,0.0027948004622192074,27.91676799,-81.75444563
339,GA-303,303,508,301-600,Secondary,0.002824839,0.0028248414886853515,26.74966989,-81.93435878
341,GA-303,303,545,301-600,Primary,0.000862172,0.0008621727595742013,26.22950586,-81.7687168
342,GA-303,303,461,301-600,Secondary,0.001843505,0.001843506624129336,27.32596833,-82.48886278
344,GA-303,303,350,301-600,Primary,0.001278738,0.0012787391265691706,29.07456686,-82.21431716
346,GA-303,303,397,301-600,Primary,0.001694303,0.0016943044926822583,28.24635759,-82.63796978
347,GA-303,303,405,301-600,Primary,0.004638303,0.004638307086348543,28.47366387,-81.51423972
349,GA-303,303,511,301-600,Secondary,0.001307777,0.0013077781521525522,27.25510366,-80.33700476
350,GA-303,303,137,51-150,Secondary,0.001070455,0.001070455943071686,33.54527751,-86.70058997
351,GA-303,303,134,51-150,Secondary,0.000327445,0.00032744528847929914,33.49966525,-86.62874068
352,GA-303,303,144,51-150,Secondary,0.00074301,0.0007430106545923867,33.50463087,-86.80815558
354,GA-303,303,195,151-300,Secondary,0.000416566,0.00041656636699496935,33.16616844,-87.62999221
355,GA-303,303,184,151-300,Secondary,3e-05,3.0000026430023288e-05,33.9002525,-87.5478075
356,GA-303,303,176,151-300,Secondary,0.001011374,0.0010113748910212791,34.67768896,-87.23686269
357,GA-303,303,138,51-150,Primary,0.000386525,0.000386525340528825,34.72508697,-86.49936092
358,GA-303,303,144,51-150,Primary,0.00071397,0.0007139706290081242,34.72759074,-86.60573215
359,GA-303,303,100,51-150,Primary,0.000624849,0.000624849550492454,34.19955081,-86.02329234
360,GA-303,303,153,151-300,Secondary,0.00074301,0.0007430106545923867,32.17601956,-86.12245978
361,GA-303,303,151,151-300,Secondary,0.000862172,0.0008621727595742013,32.37579631,-86.29243219
362,GA-303,303,84,51-150,Primary,0.000178242,0.00017824215703134036,33.61636158,-85.78863892
363,GA-303,303,187,151-300,Secondary,0.000148201,0.00014820113056519604,31.30050563,-85.52091408
364,GA-303,303,229,151-300,Secondary,8.91e-05,8.910007849716916e-05,31.34653824,-86.95451176
365,GA-303,303,296,151-300,Secondary,0.000416566,0.00041656636699496935,30.76496287,-87.89512996
366,GA-303,303,308,301-600,Tertiary,0.000475646,0.0004756464190444952,30.68758851,-88.08793195
367,GA-303,303,201,151-300,Secondary,0.000208283,0.00020828318349748467,32.36677635,-87.33822568
368,GA-303,303,102,51-150,Secondary,0.000267363,0.00026736323554701056,32.60137169,-85.35060091
369,GA-303,303,249,151-300,Secondary,3e-05,3.0000026430023288e-05,32.23942059,-88.20716176
370,GA-303,303,217,151-300,Primary,0.00439998,0.004399983876385796,36.18684261,-86.86229019
371,GA-303,303,201,151-300,Primary,0.001813464,0.0018134655976631917,36.03438466,-86.65937709
372,GA-303,303,211,151-300,Primary,0.002140909,0.0021409108861424908,36.1509996,-86.77006301
373,GA-303,303,112,51-150,Secondary,0.001487021,0.0014870223100666552,35.23934523,-85.30571159
374,GA-303,303,100,51-150,Primary,0.000505687,0.0005056874455106396,35.04427954,-85.28285217
376,GA-303,303,208,151-300,Secondary,0.001100496,0.0011004969695378303,36.40340963,-82.45638924
377,GA-303,303,158,151-300,Secondary,0.000773051,0.000773051681058531,36.08263647,-83.86576203
378,GA-303,303,154,151-300,Secondary,0.000921252,0.0009212528116237271,36.00896,-83.80920272
379,GA-303,303,149,51-150,Secondary,0.001724343,0.0017243445191475215,35.95953956,-83.95787445
380,GA-303,303,321,301-600,Secondary,0.000981334,0.0009813348645560157,35.32547605,-89.66527763
381,GA-303,303,333,301-600,Secondary,0.001546101,0.0015461023621161812,35.12613147,-89.95737767
382,GA-303,303,304,301-600,Secondary,0.000386525,0.000386525340528825,36.30005753,-88.77146027
383,GA-303,303,276,151-300,Secondary,0.000564768,0.0005647684975610464,35.6366772,-88.66090521
384,GA-303,303,195,151-300,Primary,0.000178242,0.00017824215703134036,35.40914651,-87.17404884
385,GA-303,303,170,151-300,Primary,0.000267363,0.00026736323554701056,36.1135733,-85.43378352
386,GA-303,303,315,301-600,Secondary,0.000653889,0.0006538895760767165,34.63221201,-89.75828539
387,GA-303,303,373,301-600,Secondary,0.000148201,0.00014820113056519604,33.57786094,-90.81078906
388,GA-303,303,250,151-300,Secondary,0.000475646,0.0004756464190444952,34.33971771,-88.6628559
389,GA-303,303,319,301-600,Secondary,5.91e-05,5.9100052067145876e-05,33.7286777,-89.87988378
390,GA-303,303,343,301-600,Tertiary,0.000178242,0.00017824215703134036,32.44781421,-90.03795526
391,GA-303,303,365,301-600,Tertiary,0.000297404,0.00029740426201315485,32.22989195,-90.33702222
392,GA-303,303,354,301-600,Tertiary,0.000119162,0.0001191621049818145,32.31139378,-90.18122044
393,GA-303,303,279,151-300,Secondary,0.000297404,0.00029740426201315485,32.39680253,-88.84609675
394,GA-303,303,337,301-600,Tertiary,0.000653889,0.0006538895760767165,31.32761232,-89.30569804
395,GA-303,303,357,301-600,Tertiary,0.001100496,0.0011004969695378303,30.45880962,-88.97295534
396,GA-303,303,400,301-600,Tertiary,0.000178242,0.00017824215703134036,31.34079808,-90.53474679
397,GA-303,303,248,151-300,Secondary,0.000119162,0.0001191621049818145,33.54001564,-88.6337095
398,GA-303,303,180,151-300,Secondary,0.000148201,0.00014820113056519604,31.22755833,-84.63246806
400,GA-303,303,303,301-600,Primary,0.000862172,0.0008621727595742013,38.14045983,-85.35047406
401,GA-303,303,297,151-300,Secondary,0.000862172,0.0008621727595742013,37.88070144,-86.12891007
402,GA-303,303,314,301-600,Primary,0.002735718,0.0027357204101696813,38.23387429,-85.71533017
403,GA-303,303,292,151-300,Primary,0.000624849,0.000624849550492454,38.05054575,-84.30491134
404,GA-303,303,261,151-300,Secondary,0.000238324,0.000238324209963629,37.61057519,-84.45767143
405,GA-303,303,291,151-300,Primary,0.001129535,0.0011295359951212119,38.03993119,-84.49464505
406,GA-303,303,304,301-600,Primary,0.000119162,0.0001191621049818145,38.20314857,-84.87596857
407,GA-303,303,219,151-300,Secondary,0.000297404,0.00029740426201315485,36.99477671,-84.11550137
410,GA-303,303,349,301-600,Primary,0.001843505,0.001843506624129336,38.88967421,-84.4601595
411,GA-303,303,329,301-600,Primary,8.91e-05,8.910007849716916e-05,38.44128559,-82.87836486
413,GA-303,303,263,151-300,Secondary,5.91e-05,5.9100052067145876e-05,37.57174545,-83.47145
414,GA-303,303,286,151-300,Secondary,0.000119162,0.0001191621049818145,37.8657,-83.18136875
415,GA-303,303,275,151-300,Secondary,0.000148201,0.00014820113056519604,37.49099205,-82.42633864
416,GA-303,303,272,151-300,Secondary,5.91e-05,5.9100052067145876e-05,37.53655694,-82.72551806
417,GA-303,303,243,151-300,Secondary,5.91e-05,5.9100052067145876e-05,37.22130625,-83.20297375
418,GA-303,303,247,151-300,Secondary,0.000119162,0.0001191621049818145,37.18846981,-82.84871321
420,GA-303,303,318,301-600,Secondary,0.000505687,0.0005056874455106396,36.86878741,-88.57667832
421,GA-303,303,241,151-300,Primary,0.000803091,0.0008030917075237944,36.96324041,-86.20962746
422,GA-303,303,264,151-300,Primary,0.000416566,0.00041656636699496935,36.9071585,-87.1178585
423,GA-303,303,300,151-300,Primary,0.000505687,0.0005056874455106396,37.56513315,-87.05103859
424,GA-303,303,316,301-600,Secondary,0.000327445,0.00032744528847929914,37.51378301,-87.66205229
425,GA-303,303,230,151-300,Secondary,0.000297404,0.00029740426201315485,37.14488689,-84.7034
426,GA-303,303,213,151-300,Secondary,0.000119162,0.0001191621049818145,36.8765575,-84.9619975
427,GA-303,303,259,151-300,Secondary,0.000594808,0.0005948085240263097,37.38956667,-85.78402679
430,GA-303,303,440,301-600,Secondary,0.002438314,0.002438316148156527,40.09943092,-82.95510679
431,GA-303,303,417,301-600,Primary,0.001576142,0.0015761433885823255,39.77307666,-82.97101136
432,GA-303,303,432,301-600,Primary,0.002289111,0.002289113016708568,39.9934046,-82.99688785
433,GA-303,303,464,301-600,Secondary,0.000594808,0.0005948085240263097,40.50281889,-83.39241613
434,GA-303,303,527,301-600,Primary,0.000445606,0.00044560639257923185,41.41526328,-83.31105876
435,GA-303,303,528,301-600,Primary,0.000683929,0.0006839296025419799,41.48068091,-84.08053819
436,GA-303,303,541,301-600,Primary,0.001248697,0.0012486981001030263,41.64853082,-83.57440151
437,GA-303,303,442,301-600,Secondary,0.000267363,0.00026736323554701056,39.86437186,-81.70282412
438,GA-303,303,462,301-600,Secondary,0.000148201,0.00014820113056519604,40.22833099,-81.90157042
439,GA-303,303,484,301-600,Secondary,0.000327445,0.00032744528847929914,40.2544375,-80.85086875
440,GA-303,303,553,301-600,Secondary,0.003092202,0.0030922047242323623,41.52704885,-81.52019645
441,GA-303,303,548,301-600,Primary,0.004162657,0.004162660667304048,41.47630406,-81.66229582
442,GA-303,303,526,301-600,Secondary,0.001576142,0.0015761433885823255,41.12977559,-81.57693529
443,GA-303,303,524,301-600,Secondary,0.000892213,0.0008922137860403455,41.08042744,-81.52387515
444,GA-303,303,540,301-600,Secondary,0.000951293,0.0009512938380898713,41.12442833,-80.77224983
445,GA-303,303,540,301-600,Secondary,0.000564768,0.0005647684975610464,41.08623182,-80.67491818
446,GA-303,303,500,301-600,Secondary,0.001070455,0.001070455943071686,40.71575628,-81.49987951
447,GA-303,303,509,301-600,Secondary,0.000624849,0.000624849550492454,40.82424441,-81.38812524
448,GA-303,303,508,301-600,Primary,0.000594808,0.0005948085240263097,41.07450245,-82.76786104
449,GA-303,303,488,301-600,Secondary,0.000267363,0.00026736323554701056,40.753431,-82.527088
450,GA-303,303,382,301-600,Primary,0.002289111,0.002289113016708568,39.36488847,-84.47358922
451,GA-303,303,368,301-600,Primary,0.000505687,0.0005056874455106396,39.15722991,-83.99085179
452,GA-303,303,368,301-600,Primary,0.002230031,0.0022300329646590417,39.15902359,-84.48673461
453,GA-303,303,422,301-600,Primary,0.001337818,0.0013378191786186963,39.93731689,-84.26774327
454,GA-303,303,408,301-600,Primary,0.000981334,0.0009813348645560157,39.74218095,-84.18725084
455,GA-303,303,421,301-600,Primary,0.000178242,0.00017824215703134036,39.91378017,-83.81843554
456,GA-303,303,363,301-600,Primary,0.000951293,0.0009512938380898713,38.93950923,-82.83995351
457,GA-303,303,407,301-600,Secondary,0.000119162,0.0001191621049818145,39.35670694,-81.78468382
458,GA-303,303,482,301-600,Secondary,0.000892213,0.0008922137860403455,40.80695055,-84.13205802
460,GA-303,303,438,301-600,Primary,0.001843505,0.001843506624129336,40.02654124,-86.03091353
461,GA-303,303,415,301-600,Primary,0.002021748,0.002021749781161557,39.66349433,-86.14894925
462,GA-303,303,424,301-600,Primary,0.002764757,0.0027647594357530633,39.80133567,-86.16142314
463,GA-303,303,553,301-600,Primary,0.002646597,0.0026465993316540115,41.50855327,-87.23224405
464,GA-303,303,558,301-600,Primary,0.000208283,0.00020828318349748467,41.558338,-87.35222267
465,GA-303,303,538,301-600,Primary,0.0013979,0.0013979012315509852,41.5127961,-86.01782439
466,GA-303,303,551,301-600,Primary,0.000356484,0.0003564843140626807,41.66493261,-86.24517319
467,GA-303,303,509,301-600,Secondary,0.000951293,0.0009512938380898713,41.1628586,-85.21809355
468,GA-303,303,503,301-600,Secondary,0.001189617,0.0011896180480535003,41.08264353,-85.14805129
469,GA-303,303,479,301-600,Primary,0.000505687,0.0005056874455106396,40.64010797,-86.04579124
470,GA-303,303,371,301-600,Primary,0.000386525,0.000386525340528825,39.17011121,-85.07709828
471,GA-303,303,327,301-600,Primary,0.000594808,0.0005948085240263097,38.38712204,-85.93780806
472,GA-303,303,371,301-600,Primary,0.000475646,0.0004756464190444952,39.08093621,-85.77911494
473,GA-303,303,435,301-600,Primary,0.000653889,0.0006538895760767165,40.0869122,-85.25338244
474,GA-303,303,385,301-600,Primary,0.000475646,0.0004756464190444952,39.09674727,-86.60703203
475,GA-303,303,355,301-600,Secondary,0.000297404,0.00029740426201315485,38.47295556,-87.07575661
476,GA-303,303,346,301-600,Secondary,0.000594808,0.0005948085240263097,38.1286406,-87.51540376
477,GA-303,303,340,301-600,Secondary,0.00071397,0.0007139706290081242,37.99666411,-87.57650706
478,GA-303,303,423,301-600,Primary,0.000534727,0.000534727471094902,39.46530401,-87.30900766
479,GA-303,303,477,301-600,Primary,0.00074301,0.0007430106545923867,40.40483168,-86.98645217
480,GA-303,303,607,601-1000,Primary,0.004340899,0.004340902824335388,42.57007715,-83.05080711
481,GA-303,303,585,301-600,Primary,0.005797879,0.0057978841079358995,42.27868188,-83.45545606
482,GA-303,303,595,301-600,Primary,0.002764757,0.0027647594357530633,42.39080819,-83.14199046
483,GA-303,303,608,601-1000,Primary,0.003270445,0.0032704478812645836,42.59929066,-83.29431018
484,GA-303,303,642,601-1000,Primary,0.002051788,0.002051789807626821,43.10211958,-83.38314545
485,GA-303,303,634,601-1000,Primary,0.000832131,0.0008321317331080569,43.00540746,-83.67703582
486,GA-303,303,678,601-1000,Secondary,0.000386525,0.000386525340528825,43.64964447,-84.14587562
487,GA-303,303,692,601-1000,Secondary,0.000386525,0.000386525340528825,43.84348732,-83.59162254
488,GA-303,303,630,601-1000,Primary,0.00151606,0.0015160613356500368,42.95672422,-84.62907431
489,GA-303,303,615,601-1000,Primary,0.000505687,0.0005056874455106396,42.73830116,-84.55767188
490,GA-303,303,584,301-600,Secondary,0.002497394,0.0024973962002060525,42.23993449,-85.5542998
491,GA-303,303,566,301-600,Primary,0.000416566,0.00041656636699496935,41.86845455,-86.37042
492,GA-303,303,571,301-600,Primary,0.001635222,0.0016352234406318512,42.09958346,-84.37126272
493,GA-303,303,649,601-1000,Secondary,0.00071397,0.0007139706290081242,43.18829061,-85.55302058
494,GA-303,303,651,601-1000,Secondary,0.001754384,0.0017543855456136658,43.15831164,-86.10839498
495,GA-303,303,634,601-1000,Secondary,0.001040414,0.0010404149166055416,42.95488849,-85.64635825
496,GA-303,303,742,601-1000,Secondary,0.000564768,0.0005647684975610464,44.5309594,-85.58399612
497,GA-303,303,800,601-1000,Secondary,0.000327445,0.00032744528847929914,45.42333491,-84.610288
498,GA-303,303,859,601-1000,Secondary,0.000386525,0.000386525340528825,46.07257957,-87.23539
499,GA-303,303,916,601-1000,Secondary,0.000148201,0.00014820113056519604,46.64805574,-88.86409344
500,GA-303,303,750,601-1000,Secondary,0.000773051,0.000773051681058531,41.67731172,-93.84671925
501,GA-303,303,734,601-1000,Secondary,0.000238324,0.000238324209963629,41.66425118,-93.4293748
502,GA-303,303,740,601-1000,Secondary,0.000653889,0.0006538895760767165,41.65332623,-93.6050963
503,GA-303,303,739,601-1000,Secondary,0.000624849,0.000624849550492454,41.59338091,-93.64707971
504,GA-303,303,806,601-1000,Secondary,0.000475646,0.0004756464190444952,43.17819747,-93.27607004
505,GA-303,303,820,601-1000,Secondary,0.000327445,0.00032744528847929914,42.70167205,-94.41332441
506,GA-303,303,750,601-1000,Secondary,0.000386525,0.000386525340528825,42.60650553,-92.4905383
507,GA-303,303,742,601-1000,Secondary,0.000267363,0.00026736323554701056,42.5175396,-92.37885347
508,GA-303,303,748,601-1000,Secondary,0.000386525,0.000386525340528825,41.00143488,-94.56715233
510,GA-303,303,872,601-1000,Secondary,0.000119162,0.0001191621049818145,42.59103571,-95.91842143
511,GA-303,303,887,601-1000,Secondary,0.000267363,0.00026736323554701056,42.49654643,-96.39713929
513,GA-303,303,876,601-1000,Secondary,0.000178242,0.00017824215703134036,43.27961646,-95.18091519
514,GA-303,303,817,601-1000,Secondary,5.91e-05,5.9100052067145876e-05,42.11030273,-95.05680909
515,GA-303,303,808,601-1000,Secondary,0.000505687,0.0005056874455106396,41.42927763,-95.57287443
520,GA-303,303,692,601-1000,Secondary,0.000267363,0.00026736323554701056,42.445925,-90.86635638
521,GA-303,303,759,601-1000,Secondary,3e-05,3.0000026430023288e-05,43.16045897,-91.75820085
522,GA-303,303,681,601-1000,Secondary,0.000327445,0.00032744528847929914,41.80733463,-91.67518485
523,GA-303,303,687,601-1000,Secondary,0.000534727,0.000534727471094902,41.88915947,-91.72094229
524,GA-303,303,690,601-1000,Secondary,0.000327445,0.00032744528847929914,41.9738024,-91.66650144
525,GA-303,303,665,601-1000,Secondary,8.91e-05,8.910007849716916e-05,41.00415955,-92.42294494
526,GA-303,303,619,601-1000,Secondary,0.000297404,0.00029740426201315485,40.84472133,-91.36219667
527,GA-303,303,644,601-1000,Secondary,0.000594808,0.0005948085240263097,41.64590807,-90.79146149
528,GA-303,303,632,601-1000,Secondary,0.000267363,0.00026736323554701056,41.53132764,-90.57668943
530,GA-303,303,689,601-1000,Secondary,0.001248697,0.0012486981001030263,43.36106462,-88.16321031
531,GA-303,303,654,601-1000,Primary,0.001605181,0.001605182414165707,42.82607134,-88.12311937
532,GA-303,303,666,601-1000,Primary,0.001902586,0.0019025876761797427,43.04897908,-87.96004034
534,GA-303,303,642,601-1000,Primary,0.000445606,0.00044560639257923185,42.71928417,-87.80395827
535,GA-303,303,687,601-1000,Secondary,0.001159576,0.0011595770215873562,42.92479015,-89.49684039
537,GA-303,303,694,601-1000,Secondary,0.00074301,0.0007430106545923867,43.06974898,-89.4000386
538,GA-303,303,713,601-1000,Secondary,8.91e-05,8.910007849716916e-05,42.85851389,-90.71987778
539,GA-303,303,728,601-1000,Secondary,0.001040414,0.0010404149166055416,43.5936372,-89.46369324
540,GA-303,303,889,601-1000,Primary,0.000534727,0.000534727471094902,45.07963229,-92.48178542
541,GA-303,303,780,601-1000,Secondary,0.000356484,0.0003564843140626807,44.72309698,-88.18881121
542,GA-303,303,754,601-1000,Secondary,0.000208283,0.00020828318349748467,44.45921119,-87.58660448
543,GA-303,303,763,601-1000,Secondary,0.000624849,0.000624849550492454,44.508659,-88.01764895
544,GA-303,303,814,601-1000,Secondary,0.000683929,0.0006839296025419799,44.83562986,-89.79630676
545,GA-303,303,878,601-1000,Secondary,3e-05,3.0000026430023288e-05,45.85441513,-89.76227566
546,GA-303,303,778,601-1000,Secondary,0.000624849,0.000624849550492454,43.84184413,-91.00697611
547,GA-303,303,852,601-1000,Primary,0.000386525,0.000386525340528825,44.84951242,-91.55992418
548,GA-303,303,924,601-1000,Secondary,0.000445606,0.00044560639257923185,45.95046207,-91.74922414
549,GA-303,303,749,601-1000,Secondary,0.001129535,0.0011295359951212119,44.16485399,-88.5758577
550,GA-303,303,899,601-1000,Primary,0.001546101,0.0015461023621161812,44.95936257,-93.11103565
551,GA-303,303,904,601-1000,Primary,0.001902586,0.0019025876761797427,44.99963544,-93.20156376
553,GA-303,303,912,601-1000,Primary,0.002438314,0.002438316148156527,44.99705593,-93.50644075
554,GA-303,303,906,601-1000,Primary,0.002735718,0.0027357204101696813,44.99277514,-93.30552658
557,GA-303,303,1022,1001-1400,Secondary,0.000267363,0.00026736323554701056,47.18549269,-92.79225662
558,GA-303,303,983,601-1000,Secondary,0.000594808,0.0005948085240263097,46.77353571,-92.1470526
559,GA-303,303,820,601-1000,Primary,0.000505687,0.0005056874455106396,43.93159213,-92.35976827
560,GA-303,303,871,601-1000,Primary,0.000386525,0.000386525340528825,44.03638991,-93.89814826
561,GA-303,303,923,601-1000,Secondary,0.000148201,0.00014820113056519604,43.88213394,-95.67711719
562,GA-303,303,976,601-1000,Secondary,8.91e-05,8.910007849716916e-05,45.01625744,-95.56569931
563,GA-303,303,979,601-1000,Primary,0.000505687,0.0005056874455106396,45.69376529,-94.47679609
564,GA-303,303,1024,1001-1400,Secondary,0.000475646,0.0004756464190444952,46.50039171,-94.4740212
565,GA-303,303,1089,1001-1400,Secondary,0.000267363,0.00026736323554701056,46.79292122,-96.17529714
566,GA-303,303,1096,1001-1400,Secondary,0.000119162,0.0001191621049818145,47.74855649,-94.48148168
567,GA-303,303,1179,1001-1400,Secondary,0.000297404,0.00029740426201315485,48.32176885,-96.40352213
570,GA-303,303,950,601-1000,Secondary,0.000445606,0.00044560639257923185,43.43761278,-96.96780376
571,GA-303,303,946,601-1000,Secondary,0.001011374,0.0010113748910212791,43.53984858,-96.73553239
572,GA-303,303,1026,1001-1400,Secondary,5.91e-05,5.9100052067145876e-05,44.98009662,-97.08865608
573,GA-303,303,1021,1001-1400,Secondary,8.91e-05,8.910007849716916e-05,43.7873894,-98.39546093
574,GA-303,303,1107,1001-1400,Secondary,8.91e-05,8.910007849716916e-05,45.39809926,-98.79335882
575,GA-303,303,1107,1001-1400,Tertiary,0.000119162,0.0001191621049818145,43.82773119,-100.4761202
576,GA-303,303,1224,1001-1400,Tertiary,0.000119162,0.0001191621049818145,45.57915231,-101.6688877
577,GA-303,303,1238,1001-1400,Tertiary,0.000416566,0.00041656636699496935,44.16856919,-103.2346313
580,GA-303,303,1116,1001-1400,Secondary,0.000119162,0.0001191621049818145,46.685284,-97.24196857
581,GA-303,303,1112,1001-1400,Secondary,0.000327445,0.00032744528847929914,46.87250303,-96.80434545
582,GA-303,303,1200,1001-1400,Secondary,0.000505687,0.0005056874455106396,48.13842191,-97.47861404
583,GA-303,303,1263,1001-1400,Tertiary,0.000148201,0.00014820113056519604,48.3134622,-99.26710157
584,GA-303,303,1179,1001-1400,Secondary,0.000119162,0.0001191621049818145,46.84600255,-98.90829554
585,GA-303,303,1248,1001-1400,Tertiary,0.000624849,0.000624849550492454,46.85442287,-100.8647404
586,GA-303,303,1321,1001-1400,Tertiary,8.91e-05,8.910007849716916e-05,46.7520186,-102.9332953
587,GA-303,303,1341,1001-1400,Tertiary,0.000624849,0.000624849550492454,48.34403608,-101.5909835
588,GA-303,303,1406,1401-1800,Tertiary,0.000148201,0.00014820113056519604,48.27443134,-103.5219209
590,GA-303,303,1532,1401-1800,Tertiary,0.000178242,0.00017824215703134036,45.81129932,-108.806123
591,GA-303,303,1519,1401-1800,Tertiary,0.000178242,0.00017824215703134036,45.79360313,-108.50275
592,GA-303,303,1464,1401-1800,Tertiary,3e-05,3.0000026430023288e-05,48.1942,-105.1720441
593,GA-303,303,1411,1401-1800,Tertiary,3e-05,3.0000026430023288e-05,46.34385859,-105.5833909
594,GA-303,303,1690,1401-1800,Tertiary,0.000356484,0.0003564843140626807,47.67447431,-111.225178
595,GA-303,303,1646,1401-1800,Tertiary,3e-05,3.0000026430023288e-05,48.41191,-109.6148
596,GA-303,303,1693,1401-1800,Secondary,0.000208283,0.00020828318349748467,46.58341183,-111.9747484
597,GA-303,303,1667,1401-1800,Secondary,0.000564768,0.0005647684975610464,45.70692416,-111.8594651
598,GA-303,303,1797,1401-1800,Secondary,0.000803091,0.0008030917075237944,46.95929275,-114.0943749
599,GA-303,303,1844,>1800,Tertiary,0.000208283,0.00020828318349748467,48.29306703,-114.4339319
600,GA-303,303,606,601-1000,Primary,0.004043495,0.004043498562322234,42.12912375,-87.94723077
601,GA-303,303,597,301-600,Primary,0.004519142,0.00451914598136761,41.95731228,-88.06667305
602,GA-303,303,597,301-600,Primary,0.000208283,0.00020828318349748467,42.04001579,-87.76560877
603,GA-303,303,586,301-600,Primary,0.000178242,0.00017824215703134036,41.87542656,-87.78759688
604,GA-303,303,571,301-600,Primary,0.003776132,0.003776135326775223,41.60386455,-87.89844931
605,GA-303,303,586,301-600,Primary,0.003270445,0.0032704478812645836,41.79998337,-88.04199057
606,GA-303,303,585,301-600,Primary,0.008592677,0.008592684570155107,41.88102002,-87.6647625
607,GA-303,303,594,301-600,Primary,0.00074301,0.0007430106545923867,41.9802503,-87.80815917
608,GA-303,303,575,301-600,Primary,0.000564768,0.0005647684975610464,41.7215963,-87.70084352
609,GA-303,303,527,301-600,Primary,0.000297404,0.00029740426201315485,40.90529258,-87.92851528
610,GA-303,303,642,601-1000,Primary,0.0013979,0.0013979012315509852,42.18049113,-89.52168805
611,GA-303,303,636,601-1000,Primary,0.000832131,0.0008321317331080569,42.25718997,-89.06446021
612,GA-303,303,624,601-1000,Secondary,0.000267363,0.00026736323554701056,41.4776728,-90.41095
613,GA-303,303,581,301-600,Primary,0.000327445,0.00032744528847929914,41.32397091,-89.17817227
614,GA-303,303,587,301-600,Secondary,0.000327445,0.00032744528847929914,40.85782888,-90.3608213
615,GA-303,303,557,301-600,Secondary,0.00074301,0.0007430106545923867,40.69865023,-89.63962
616,GA-303,303,556,301-600,Secondary,0.000683929,0.0006839296025419799,40.70348989,-89.59435955
617,GA-303,303,527,301-600,Secondary,0.000564768,0.0005647684975610464,40.507425,-88.96924515
618,GA-303,303,482,301-600,Secondary,0.00071397,0.0007139706290081242,40.1160987,-88.13664375
619,GA-303,303,454,301-600,Secondary,0.000297404,0.00029740426201315485,39.61452295,-88.24764508
620,GA-303,303,475,301-600,Primary,0.000803091,0.0008030917075237944,38.95123795,-90.03519406
622,GA-303,303,448,301-600,Primary,0.000653889,0.0006538895760767165,38.5198849,-89.89322735
623,GA-303,303,567,301-600,Secondary,0.000208283,0.00020828318349748467,40.03945464,-91.05728402
624,GA-303,303,419,301-600,Secondary,0.000386525,0.000386525340528825,39.0389,-88.21911324
625,GA-303,303,487,301-600,Secondary,0.000119162,0.0001191621049818145,39.7624424,-89.084536
626,GA-303,303,518,301-600,Primary,0.000178242,0.00017824215703134036,39.83873131,-89.95216589
627,GA-303,303,505,301-600,Primary,0.000445606,0.00044560639257923185,39.78802638,-89.63288383
628,GA-303,303,396,301-600,Primary,0.000356484,0.0003564843140626807,38.32723605,-88.73359252
629,GA-303,303,370,301-600,Secondary,0.000505687,0.0005056874455106396,37.61908249,-88.99635017
630,GA-303,303,475,301-600,Primary,0.002289111,0.002289113016708568,38.58410509,-90.49530041
631,GA-303,303,471,301-600,Primary,0.002557476,0.002557478253138341,38.64277166,-90.32420032
633,GA-303,303,497,301-600,Primary,0.002378232,0.002378234095224238,38.83949227,-90.75571211
635,GA-303,303,630,601-1000,Secondary,8.91e-05,8.910007849716916e-05,40.15954867,-92.57150531
636,GA-303,303,442,301-600,Primary,0.000386525,0.000386525340528825,37.72302615,-90.59347077
637,GA-303,303,386,301-600,Primary,0.000386525,0.000386525340528825,37.33464326,-89.68450355
638,GA-303,303,361,301-600,Secondary,0.000327445,0.00032744528847929914,36.5521338,-89.78712887
639,GA-303,303,407,301-600,Secondary,0.000178242,0.00017824215703134036,36.82837115,-90.53986923
640,GA-303,303,663,601-1000,Secondary,0.001932626,0.0019326277026450061,39.05893811,-94.33277014
641,GA-303,303,675,601-1000,Secondary,0.00217095,0.0021709519126086353,39.08977733,-94.57005561
644,GA-303,303,714,601-1000,Secondary,5.91e-05,5.9100052067145876e-05,40.06071446,-94.66141968
645,GA-303,303,710,601-1000,Secondary,0.000119162,0.0001191621049818145,39.74905909,-94.83797841
646,GA-303,303,660,601-1000,Secondary,5.91e-05,5.9100052067145876e-05,39.87953642,-93.57074383
647,GA-303,303,628,601-1000,Secondary,0.000208283,0.00020828318349748467,38.15344,-94.21542651
648,GA-303,303,608,601-1000,Secondary,0.001011374,0.0010113748910212791,37.0208908,-94.39958103
650,GA-303,303,546,301-600,Secondary,8.91e-05,8.910007849716916e-05,38.41843557,-92.30300619
651,GA-303,303,543,301-600,Primary,0.000267363,0.00026736323554701056,38.54645179,-92.12924107
652,GA-303,303,576,301-600,Secondary,0.000653889,0.0006538895760767165,39.09371548,-92.37446706
653,GA-303,303,603,601-1000,Secondary,0.000892213,0.0008922137860403455,38.74632963,-93.27199704
654,GA-303,303,497,301-600,Primary,0.000356484,0.0003564843140626807,37.77124563,-91.7411466
655,GA-303,303,506,301-600,Secondary,0.000327445,0.00032744528847929914,37.66922182,-92.00520727
656,GA-303,303,548,301-600,Secondary,0.000475646,0.0004756464190444952,37.03758985,-93.23980149
657,GA-303,303,542,301-600,Secondary,0.000803091,0.0008030917075237944,37.10874423,-93.08477083
658,GA-303,303,555,301-600,Secondary,0.001100496,0.0011004969695378303,37.19763253,-93.29303116
660,GA-303,303,693,601-1000,Secondary,0.001040414,0.0010404149166055416,38.93435708,-95.05452192
661,GA-303,303,679,601-1000,Secondary,0.000208283,0.00020828318349748467,39.09528246,-94.65524408
662,GA-303,303,677,601-1000,Secondary,0.000564768,0.0005647684975610464,38.98082601,-94.68716415
664,GA-303,303,755,601-1000,Secondary,0.000208283,0.00020828318349748467,39.37605182,-96.07366496
665,GA-303,303,759,601-1000,Secondary,0.000386525,0.000386525340528825,39.29447701,-96.19764385
666,GA-303,303,727,601-1000,Secondary,0.000505687,0.0005056874455106396,39.04398621,-95.68609808
667,GA-303,303,656,601-1000,Secondary,0.000208283,0.00020828318349748467,37.56326989,-95.07840227
668,GA-303,303,745,601-1000,Secondary,8.91e-05,8.910007849716916e-05,38.36596095,-96.43049429
669,GA-303,303,848,601-1000,Secondary,5.91e-05,5.9100052067145876e-05,39.77201287,-97.75138218
670,GA-303,303,780,601-1000,Secondary,0.000475646,0.0004756464190444952,37.59632409,-97.443575
671,GA-303,303,791,601-1000,Secondary,0.000148201,0.00014820113056519604,37.62302112,-97.6276087
672,GA-303,303,776,601-1000,Secondary,0.001278738,0.0012787391265691706,37.6926305,-97.32417154
673,GA-303,303,684,601-1000,Secondary,5.91e-05,5.9100052067145876e-05,37.19971939,-95.75527959
674,GA-303,303,821,601-1000,Secondary,0.000148201,0.00014820113056519604,38.93469421,-97.65358684
675,GA-303,303,846,601-1000,Secondary,0.000119162,0.0001191621049818145,38.1793866,-98.4829823
676,GA-303,303,920,601-1000,Secondary,0.000178242,0.00017824215703134036,39.33143438,-99.43567031
677,GA-303,303,1001,1001-1400,Secondary,5.91e-05,5.9100052067145876e-05,39.36629756,-101.0279646
678,GA-303,303,957,601-1000,Secondary,0.000148201,0.00014820113056519604,37.82998898,-100.6836017
679,GA-303,303,977,601-1000,Secondary,5.91e-05,5.9100052067145876e-05,37.12884828,-101.2190345
680,GA-303,303,838,601-1000,Secondary,0.000683929,0.0006839296025419799,41.39117573,-96.32725485
681,GA-303,303,819,601-1000,Secondary,0.001546101,0.0015461023621161812,41.25543097,-96.0148332
683,GA-303,303,827,601-1000,Tertiary,5.91e-05,5.9100052067145876e-05,40.47496834,-96.82916935
684,GA-303,303,825,601-1000,Tertiary,3e-05,3.0000026430023288e-05,40.6017,-96.68741951
685,GA-303,303,833,601-1000,Tertiary,0.001011374,0.0010113748910212791,40.81582158,-96.70436163
686,GA-303,303,897,601-1000,Tertiary,3e-05,3.0000026430023288e-05,41.5005344,-97.5927936
687,GA-303,303,931,601-1000,Secondary,0.000148201,0.00014820113056519604,42.36023158,-97.61885921
688,GA-303,303,936,601-1000,Tertiary,0.000208283,0.00020828318349748467,41.06798259,-98.76814656
689,GA-303,303,915,601-1000,Tertiary,3e-05,3.0000026430023288e-05,40.35996115,-98.79642038
690,GA-303,303,1010,1001-1400,Secondary,3e-05,3.0000026430023288e-05,40.32746812,-100.7597536
691,GA-303,303,1073,1001-1400,Secondary,5.91e-05,5.9100052067145876e-05,41.24710388,-101.5749008
693,GA-303,303,1173,1001-1400,Secondary,0.000119162,0.0001191621049818145,42.15680674,-103.1480034
700,GA-303,303,434,301-600,Tertiary,0.001635222,0.0016352234406318512,29.96314922,-90.18343295
701,GA-303,303,430,301-600,Tertiary,0.001218656,0.001218657073636882,29.95773556,-90.09428301
703,GA-303,303,476,301-600,Secondary,0.000594808,0.0005948085240263097,29.6544694,-90.78519515
704,GA-303,303,412,301-600,Tertiary,0.001426939,0.0014269402571343666,30.46924441,-90.16741425
705,GA-303,303,517,301-600,Secondary,0.001070455,0.001070455943071686,30.22190203,-92.06806526
706,GA-303,303,574,301-600,Secondary,0.000892213,0.0008922137860403455,30.28908022,-93.21021007
707,GA-303,303,459,301-600,Secondary,0.000683929,0.0006839296025419799,30.469215,-91.1198175
708,GA-303,303,462,301-600,Secondary,0.000981334,0.0009813348645560157,30.43964144,-91.14024128
710,GA-303,303,539,301-600,Secondary,0.000208283,0.00020828318349748467,32.51976643,-93.51416713
711,GA-303,303,553,301-600,Secondary,0.00074301,0.0007430106545923867,32.49215934,-93.75517115
712,GA-303,303,460,301-600,Secondary,0.00074301,0.0007430106545923867,32.50336772,-92.12872478
713,GA-303,303,490,301-600,Secondary,0.000238324,0.000238324209963629,31.30279009,-92.192325
714,GA-303,303,524,301-600,Secondary,0.000564768,0.0005647684975610464,31.50592664,-92.90189813
716,GA-303,303,434,301-600,Secondary,0.000148201,0.00014820113056519604,33.91564425,-91.88527011
718,GA-303,303,544,301-600,Secondary,0.000148201,0.00014820113056519604,33.70083978,-93.80333871
719,GA-303,303,514,301-600,Secondary,0.000267363,0.00026736323554701056,34.43043724,-93.27812138
720,GA-303,303,452,301-600,Secondary,0.001070455,0.001070455943071686,34.92168981,-92.13874268
721,GA-303,303,456,301-600,Secondary,0.001100496,0.0011004969695378303,34.87790878,-92.21957492
722,GA-303,303,461,301-600,Secondary,0.000773051,0.000773051681058531,34.74922706,-92.32192202
723,GA-303,303,362,301-600,Secondary,8.91e-05,8.910007849716916e-05,35.16979588,-90.48070118
724,GA-303,303,391,301-600,Secondary,0.000505687,0.0005056874455106396,35.98272056,-90.70202897
725,GA-303,303,449,301-600,Secondary,0.000238324,0.000238324209963629,35.95783008,-91.82066617
726,GA-303,303,511,301-600,Secondary,0.000297404,0.00029740426201315485,36.16061831,-92.89733662
727,GA-303,303,580,301-600,Secondary,0.001337818,0.0013378191786186963,36.16831872,-94.16100723
728,GA-303,303,516,301-600,Secondary,5.91e-05,5.9100052067145876e-05,35.27096269,-93.21578209
729,GA-303,303,578,301-600,Secondary,0.000653889,0.0006538895760767165,35.35644834,-94.32300199
730,GA-303,303,764,601-1000,Primary,0.001605181,0.001605182414165707,35.37892117,-97.62321982
731,GA-303,303,759,601-1000,Primary,0.00217095,0.0021709519126086353,35.47427621,-97.52646351
734,GA-303,303,729,601-1000,Primary,0.000148201,0.00014820113056519604,34.20914796,-97.04020816
735,GA-303,303,818,601-1000,Primary,0.000505687,0.0005056874455106396,34.56849316,-98.60170316
736,GA-303,303,855,601-1000,Primary,0.000119162,0.0001191621049818145,35.41385357,-99.24175833
737,GA-303,303,797,601-1000,Primary,0.000297404,0.00029740426201315485,36.42616744,-98.05841337
739,GA-303,303,985,601-1000,Secondary,0.000148201,0.00014820113056519604,36.747908,-101.4293027
740,GA-303,303,691,601-1000,Primary,0.002378232,0.002378234095224238,36.23818071,-96.18726677
741,GA-303,303,677,601-1000,Primary,0.001070455,0.001070455943071686,36.13137841,-95.95476784
743,GA-303,303,635,601-1000,Secondary,0.000208283,0.00020828318349748467,36.56571731,-95.05911154
744,GA-303,303,644,601-1000,Secondary,0.000356484,0.0003564843140626807,35.67283571,-95.44417857
745,GA-303,303,658,601-1000,Secondary,0.000148201,0.00014820113056519604,34.73790968,-95.7887871
746,GA-303,303,749,601-1000,Primary,0.000119162,0.0001191621049818145,36.67899857,-97.13105429
747,GA-303,303,654,601-1000,Secondary,0.000119162,0.0001191621049818145,34.08351935,-95.73511505
748,GA-303,303,712,601-1000,Primary,0.000445606,0.00044560639257923185,35.15608296,-96.73038519
749,GA-303,303,605,601-1000,Secondary,0.000148201,0.00014820113056519604,35.32079872,-94.79955256
750,GA-303,303,727,601-1000,Primary,0.005500475,0.005500479845922745,32.89781244,-96.87761404
751,GA-303,303,717,601-1000,Primary,0.001991707,0.001991708754695413,32.63336495,-96.65381683
752,GA-303,303,726,601-1000,Primary,0.003895294,0.003895297431757038,32.82099012,-96.83829993
754,GA-303,303,668,601-1000,Primary,0.001011374,0.0010113748910212791,33.24377302,-95.89563683
755,GA-303,303,572,301-600,Secondary,0.000208283,0.00020828318349748467,33.32397255,-94.23788333
756,GA-303,303,609,601-1000,Secondary,0.000564768,0.0005647684975610464,32.48680761,-94.73801995
757,GA-303,303,648,601-1000,Primary,0.000475646,0.0004756464190444952,32.31429944,-95.37310732
758,GA-303,303,679,601-1000,Secondary,0.000238324,0.000238324209963629,31.47555856,-95.65959099
759,GA-303,303,613,601-1000,Secondary,0.000356484,0.0003564843140626807,31.38995588,-94.45899538
760,GA-303,303,749,601-1000,Primary,0.002349193,0.0023491950696408566,32.73050241,-97.21853609
761,GA-303,303,751,601-1000,Primary,0.001487021,0.0014870223100666552,32.75632185,-97.27152935
762,GA-303,303,743,601-1000,Primary,0.001635222,0.0016352234406318512,33.18522749,-97.19270953
763,GA-303,303,820,601-1000,Secondary,0.000238324,0.000238324209963629,33.87712911,-98.61578776
764,GA-303,303,817,601-1000,Primary,0.000178242,0.00017824215703134036,32.5845375,-98.37456125
765,GA-303,303,794,601-1000,Secondary,0.001546101,0.0015461023621161812,31.11096525,-97.56571631
766,GA-303,303,755,601-1000,Primary,3e-05,3.0000026430023288e-05,31.71480203,-97.07859239
767,GA-303,303,761,601-1000,Primary,0.000475646,0.0004756464190444952,31.54466783,-97.13625581
768,GA-303,303,880,601-1000,Secondary,0.000119162,0.0001191621049818145,31.43000114,-99.18056932
769,GA-303,303,957,601-1000,Secondary,0.000386525,0.000386525340528825,31.3977337,-100.5183272
770,GA-303,303,708,601-1000,Primary,0.006540889,0.006540894762528286,29.77049836,-95.41519724
773,GA-303,303,698,601-1000,Primary,0.003092202,0.0030922047242323623,30.10919119,-95.40537507
774,GA-303,303,726,601-1000,Primary,0.003835212,0.0038352153788247492,29.65952597,-95.6856005
775,GA-303,303,701,601-1000,Primary,0.002438314,0.002438316148156527,29.59683964,-95.17402526
776,GA-303,303,624,601-1000,Primary,0.000832131,0.0008321317331080569,30.08017757,-94.03078037
777,GA-303,303,631,601-1000,Primary,0.000267363,0.00026736323554701056,30.08061268,-94.14762066
778,GA-303,303,735,601-1000,Primary,0.000653889,0.0006538895760767165,30.61895296,-96.32914321
779,GA-303,303,817,601-1000,Primary,0.000416566,0.00041656636699496935,28.95893886,-96.96806398
780,GA-303,303,940,601-1000,Primary,0.000981334,0.0009813348645560157,28.6196527,-99.0453514
781,GA-303,303,868,601-1000,Primary,0.001070455,0.001070455943071686,29.37374107,-98.12762857
782,GA-303,303,886,601-1000,Primary,0.005024829,0.005024833426878249,29.45314256,-98.4975328
783,GA-303,303,895,601-1000,Secondary,0.000267363,0.00026736323554701056,27.7956176,-97.69328798
784,GA-303,303,880,601-1000,Secondary,0.001218656,0.001218657073636882,27.79343056,-97.40561199
785,GA-303,303,969,601-1000,Secondary,0.002764757,0.0027647594357530633,26.1934576,-97.9558109
786,GA-303,303,828,601-1000,Primary,0.002319152,0.0023191540431747124,30.25780345,-97.8273734
787,GA-303,303,822,601-1000,Primary,0.00291396,0.0029139625672010222,30.30363295,-97.74164957
788,GA-303,303,979,601-1000,Primary,0.000119162,0.0001191621049818145,29.16311083,-100.0306825
789,GA-303,303,782,601-1000,Primary,8.91e-05,8.910007849716916e-05,29.92089344,-96.84787131
790,GA-303,303,990,601-1000,Secondary,0.000238324,0.000238324209963629,35.26688777,-101.6259036
791,GA-303,303,1000,601-1000,Secondary,0.000564768,0.0005647684975610464,35.16737006,-101.8167634
792,GA-303,303,931,601-1000,Secondary,5.91e-05,5.9100052067145876e-05,34.27433016,-100.5808333
793,GA-303,303,1023,1001-1400,Secondary,0.000178242,0.00017824215703134036,33.48105046,-102.1159028
794,GA-303,303,1008,1001-1400,Secondary,0.001011374,0.0010113748910212791,33.57770816,-101.8659727
795,GA-303,303,924,601-1000,Secondary,3e-05,3.0000026430023288e-05,32.68512647,-100.2627137
796,GA-303,303,897,601-1000,Secondary,0.000475646,0.0004756464190444952,32.44478868,-99.73640189
797,GA-303,303,1047,1001-1400,Secondary,0.001159576,0.0011595770215873562,31.91606047,-102.2252385
798,GA-303,303,1239,1001-1400,Primary,0.000178242,0.00017824215703134036,31.17464138,-105.3606966
799,GA-303,303,1292,1001-1400,Primary,0.003211364,0.0032113668292141767,31.7656623,-106.4485636
800,GA-303,303,1212,1001-1400,Primary,0.004460061,0.004460064929317204,39.74485394,-104.9808302
801,GA-303,303,1210,1001-1400,Primary,0.01094187,0.010941879639795963,39.64477796,-104.9813544
802,GA-303,303,1213,1001-1400,Primary,0.016323183,0.016323197380736894,39.73627057,-104.9979484
803,GA-303,303,1215,1001-1400,Primary,0.000624849,0.000624849550492454,39.73803378,-105.0316401
804,GA-303,303,1244,1001-1400,Primary,0.000951293,0.0009512938380898713,39.79542842,-105.5822478
805,GA-303,303,1228,1001-1400,Primary,0.006035202,0.006035207317017646,40.38968207,-105.0863883
806,GA-303,303,1208,1001-1400,Primary,0.002080828,0.002080829833211083,40.23774351,-104.747136
807,GA-303,303,1136,1001-1400,Secondary,0.000445606,0.00044560639257923185,40.385325,-103.2727469
808,GA-303,303,1146,1001-1400,Primary,0.000564768,0.0005647684975610464,39.08281453,-103.906065
809,GA-303,303,1190,1001-1400,Primary,0.003033122,0.0030331246721828366,38.85287251,-104.799162
810,GA-303,303,1147,1001-1400,Secondary,0.001070455,0.001070455943071686,38.11337778,-104.1576306
811,GA-303,303,1260,1001-1400,Secondary,0.000327445,0.00032744528847929914,37.45488602,-106.3365204
812,GA-303,303,1250,1001-1400,Secondary,0.000327445,0.00032744528847929914,38.50298,-106.0065733
813,GA-303,303,1359,1001-1400,Secondary,0.000148201,0.00014820113056519604,37.33919737,-108.1590553
814,GA-303,303,1352,1001-1400,Secondary,0.000119162,0.0001191621049818145,38.3686625,-107.9244188
815,GA-303,303,1391,1001-1400,Secondary,0.000683929,0.0006839296025419799,39.07391085,-108.5382101
816,GA-303,303,1326,1001-1400,Secondary,0.000862172,0.0008621727595742013,39.64786833,-107.1934217
820,GA-303,303,1232,1001-1400,Secondary,0.000297404,0.00029740426201315485,41.2043562,-104.8375212
823,GA-303,303,1355,1001-1400,Secondary,0.000178242,0.00017824215703134036,41.62845172,-107.156769
824,GA-303,303,1483,1401-1800,Tertiary,0.000178242,0.00017824215703134036,44.44188545,-108.5115073
825,GA-303,303,1452,1401-1800,Secondary,5.91e-05,5.9100052067145876e-05,42.97031875,-108.575025
826,GA-303,303,1342,1001-1400,Secondary,8.91e-05,8.910007849716916e-05,42.86746525,-106.329122
828,GA-303,303,1414,1401-1800,Tertiary,3e-05,3.0000026430023288e-05,44.68892432,-106.8533054
829,GA-303,303,1496,1401-1800,Secondary,0.000119162,0.0001191621049818145,41.68099508,-109.9486689
830,GA-303,303,1567,1401-1800,Secondary,3e-05,3.0000026430023288e-05,43.51857143,-110.7408607
831,GA-303,303,1548,1401-1800,Secondary,3e-05,3.0000026430023288e-05,42.47064419,-110.7402907
832,GA-303,303,1639,1401-1800,Secondary,0.000327445,0.00032744528847929914,42.89443054,-112.4368826
833,GA-303,303,1728,1401-1800,Secondary,0.000208283,0.00020828318349748467,42.78957806,-114.2452619
834,GA-303,303,1635,1401-1800,Secondary,0.000773051,0.000773051681058531,43.70592611,-112.0616383
835,GA-303,303,1893,>1800,Secondary,0.000238324,0.000238324209963629,46.26556875,-116.5292313
836,GA-303,303,1846,>1800,Primary,0.002260071,0.0022600729911243056,43.7288323,-116.3854156
837,GA-303,303,1837,>1800,Primary,0.00217095,0.0021709519126086353,43.61258508,-116.2310588
838,GA-303,303,1926,>1800,Secondary,0.000564768,0.0005647684975610464,47.61674601,-116.6744333
840,GA-303,303,1576,1401-1800,Primary,0.005470434,0.0054704388194566,40.67013187,-111.7536007
841,GA-303,303,1584,1401-1800,Primary,0.002319152,0.0023191540431747124,40.73951069,-111.8893784
843,GA-303,303,1598,1401-1800,Primary,0.000505687,0.0005056874455106396,41.65471736,-111.9732493
844,GA-303,303,1592,1401-1800,Primary,0.000862172,0.0008621727595742013,41.17161953,-111.9577553
845,GA-303,303,1489,1401-1800,Secondary,5.91e-05,5.9100052067145876e-05,38.81124098,-110.4007082
846,GA-303,303,1568,1401-1800,Primary,0.000624849,0.000624849550492454,40.06320569,-111.7190128
847,GA-303,303,1626,1401-1800,Secondary,0.001100496,0.0011004969695378303,37.60797488,-113.0020678
850,GA-303,303,1593,1401-1800,Primary,0.004579223,0.004579227034299018,33.50801087,-112.0594348
851,GA-303,303,1582,1401-1800,Primary,0.001635222,0.0016352234406318512,32.87289,-111.74493
852,GA-303,303,1585,1401-1800,Primary,0.010019617,0.010019625827290355,33.44442858,-111.9197627
853,GA-303,303,1618,1401-1800,Primary,0.009752253,0.009752261591742464,33.49500482,-112.4999184
855,GA-303,303,1504,1401-1800,Primary,0.000238324,0.000238324209963629,33.42011803,-110.4939377
856,GA-303,303,1526,1401-1800,Secondary,0.000534727,0.000534727471094902,31.75364359,-110.5073962
857,GA-303,303,1545,1401-1800,Secondary,0.002467353,0.002467355173739908,32.27017437,-110.9790432
859,GA-303,303,1468,1401-1800,Secondary,0.000238324,0.000238324209963629,34.19740179,-109.9840321
860,GA-303,303,1541,1401-1800,Secondary,0.000475646,0.0004756464190444952,35.43649308,-111.4090092
863,GA-303,303,1592,1401-1800,Primary,0.000475646,0.0004756464190444952,34.58390667,-112.213077
864,GA-303,303,1705,1401-1800,Primary,0.000773051,0.000773051681058531,34.97431354,-114.258651
865,GA-303,303,1431,1401-1800,Secondary,5.91e-05,5.9100052067145876e-05,35.79852,-109.4734943
870,GA-303,303,1282,1001-1400,Secondary,0.000534727,0.000534727471094902,35.08857203,-106.7835958
871,GA-303,303,1274,1001-1400,Secondary,0.003359566,0.003359568959780254,35.08446529,-106.642586
873,GA-303,303,1383,1001-1400,Secondary,8.91e-05,8.910007849716916e-05,35.47991136,-108.6006841
874,GA-303,303,1362,1001-1400,Secondary,0.000148201,0.00014820113056519604,36.69554412,-108.2394676
875,GA-303,303,1236,1001-1400,Secondary,0.000386525,0.000386525340528825,35.75610368,-105.9917384
877,GA-303,303,1235,1001-1400,Secondary,3e-05,3.0000026430023288e-05,35.8832,-105.972775
880,GA-303,303,1300,1001-1400,Secondary,0.000773051,0.000773051681058531,35.00632778,-107.0991889
881,GA-303,303,1261,1001-1400,Secondary,0.000208283,0.00020828318349748467,35.48986667,-106.4290556
882,GA-303,303,1303,1001-1400,Secondary,0.001100496,0.0011004969695378303,35.31424286,-107.1822286
883,GA-303,303,1290,1001-1400,Secondary,0.000238324,0.000238324209963629,35.9602,-106.9588333
884,GA-303,303,1360,1001-1400,Secondary,5.91e-05,5.9100052067145876e-05,36.7322,-108.2101
890,GA-303,303,1752,1401-1800,Primary,0.003954374,0.003954377483806564,36.23535634,-115.2332205
891,GA-303,303,1748,1401-1800,Primary,0.00651185,0.006511855736944904,36.14194742,-115.1464052
894,GA-303,303,1964,>1800,Secondary,0.001337818,0.0013378191786186963,39.52802348,-119.2292659
895,GA-303,303,1994,>1800,Secondary,0.001635222,0.0016352234406318512,39.50761301,-119.7746952
897,GA-303,303,1994,>1800,Secondary,0.000327445,0.00032744528847929914,39.20946477,-119.7804102
898,GA-303,303,1786,1401-1800,Secondary,0.000238324,0.000238324209963629,40.89796167,-115.7582833
900,GA-303,303,1942,>1800,Primary,0.007433102,0.007433108548568631,34.04951999,-118.2957382
902,GA-303,303,1944,>1800,Primary,0.003687011,0.003687014248259553,33.94952193,-118.3121915
903,GA-303,303,1945,>1800,Primary,0.000356484,0.0003564843140626807,33.95547619,-118.3359107
904,GA-303,303,1950,>1800,Primary,0.000356484,0.0003564843140626807,34.01595545,-118.4320422
905,GA-303,303,1945,>1800,Primary,0.000594808,0.0005948085240263097,33.87717155,-118.3273979
906,GA-303,303,1928,>1800,Primary,0.002705677,0.002705679383703537,33.91033966,-118.035996
907,GA-303,303,1938,>1800,Primary,0.002378232,0.002378234095224238,33.8487264,-118.1887304
908,GA-303,303,1937,>1800,Primary,0.001487021,0.0014870223100666552,33.81303047,-118.1708499
910,GA-303,303,1930,>1800,Primary,0.001011374,0.0010113748910212791,34.13971991,-118.1183264
911,GA-303,303,1932,>1800,Primary,0.000416566,0.00041656636699496935,34.13562288,-118.1470573
912,GA-303,303,1939,>1800,Primary,0.000564768,0.0005647684975610464,34.15188364,-118.2760927
913,GA-303,303,1955,>1800,Primary,0.00582792,0.0058279251344020445,34.23029986,-118.5750709
914,GA-303,303,1948,>1800,Primary,0.001605181,0.001605182414165707,34.15413978,-118.4363047
915,GA-303,303,1942,>1800,Primary,0.000445606,0.00044560639257923185,34.17568178,-118.3261838
916,GA-303,303,1946,>1800,Primary,0.000981334,0.0009813348645560157,34.16065021,-118.3918357
917,GA-303,303,1917,>1800,Primary,0.005678717,0.005678722002954085,34.07218601,-117.8589428
918,GA-303,303,1932,>1800,Primary,0.000386525,0.000386525340528825,34.09157959,-118.1369806
919,GA-303,303,1886,>1800,Secondary,0.001843505,0.001843506624129336,32.72455083,-117.026126
920,GA-303,303,1889,>1800,Primary,0.00359789,0.0035978931697438826,33.03817308,-117.1549308
921,GA-303,303,1892,>1800,Secondary,0.004490102,0.004490105955783348,32.80332038,-117.1555752
922,GA-303,303,1826,>1800,Secondary,0.003508768,0.0035087710912273316,33.60566711,-116.1737621
923,GA-303,303,1882,>1800,Primary,0.004192698,0.004192701693770192,34.28362441,-117.2862469
924,GA-303,303,1886,>1800,Primary,0.000445606,0.00044560639257923185,34.11847489,-117.3205191
925,GA-303,303,1886,>1800,Primary,0.006035202,0.006035207317017646,33.84241649,-117.2822938
926,GA-303,303,1919,>1800,Primary,0.004876627,0.004876631296312172,33.67220698,-117.8229894
927,GA-303,303,1921,>1800,Primary,0.001843505,0.001843506624129336,33.74051139,-117.8754184
928,GA-303,303,1920,>1800,Primary,0.00437094,0.004370943850801533,33.81844313,-117.8767371
930,GA-303,303,1986,>1800,Primary,0.00219999,0.002199991938192898,34.27097378,-119.1190524
931,GA-303,303,2016,>1800,Primary,0.00071397,0.0007139706290081242,34.42816751,-119.6947102
932,GA-303,303,1980,>1800,Secondary,0.001962667,0.0019626687291111502,36.03715812,-119.2986755
933,GA-303,303,1970,>1800,Primary,0.001218656,0.001218657073636882,35.36057898,-119.0208952
934,GA-303,303,2057,>1800,Secondary,0.001337818,0.0013378191786186963,35.18694703,-120.5499289
935,GA-303,303,1925,>1800,Primary,0.002051788,0.002051789807626821,35.05487825,-118.1865568
936,GA-303,303,2001,>1800,Secondary,0.001546101,0.0015461023621161812,36.80008571,-119.7737058
937,GA-303,303,2002,>1800,Secondary,0.001694303,0.0016943044926822583,36.75942982,-119.7877985
939,GA-303,303,2108,>1800,Primary,0.000564768,0.0005647684975610464,36.63330227,-121.6927892
940,GA-303,303,2130,>1800,Primary,0.002260071,0.0022600729911243056,37.47691148,-122.189659
941,GA-303,303,2140,>1800,Primary,0.0013979,0.0013979012315509852,37.76219923,-122.3946011
943,GA-303,303,2127,>1800,Primary,8.91e-05,8.910007849716916e-05,37.42737993,-122.1286039
944,GA-303,303,2136,>1800,Primary,0.000238324,0.000238324209963629,37.54007373,-122.2954237
945,GA-303,303,2121,>1800,Primary,0.006481809,0.00648181471047876,37.84587461,-122.0596776
946,GA-303,303,2132,>1800,Primary,0.000951293,0.0009512938380898713,37.79860639,-122.2548117
947,GA-303,303,2133,>1800,Primary,5.91e-05,5.9100052067145876e-05,37.84141388,-122.2695947
948,GA-303,303,2134,>1800,Primary,0.000327445,0.00032744528847929914,37.89559344,-122.2934959
949,GA-303,303,2147,>1800,Primary,0.000892213,0.0008922137860403455,38.00169848,-122.5495902
950,GA-303,303,2116,>1800,Primary,0.002051788,0.002051789807626821,37.18211184,-121.8986246
951,GA-303,303,2114,>1800,Primary,0.002646597,0.0026465993316540115,37.33080493,-121.8869819
952,GA-303,303,2074,>1800,Primary,0.001784425,0.0017844265720798102,38.01704024,-121.2173024
953,GA-303,303,2058,>1800,Primary,0.003895294,0.003895297431757038,37.62326876,-120.8772632
954,GA-303,303,2161,>1800,Primary,0.000951293,0.0009512938380898713,38.61212023,-122.851428
955,GA-303,303,2215,>1800,Secondary,0.000267363,0.00026736323554701056,40.66282252,-123.9543576
956,GA-303,303,2081,>1800,Primary,0.003448687,0.003448690038295924,38.62058326,-121.3717498
957,GA-303,303,2073,>1800,Primary,0.000862172,0.0008621727595742013,38.67373467,-121.2380987
958,GA-303,303,2084,>1800,Primary,0.002319152,0.0023191540431747124,38.57836643,-121.437606
959,GA-303,303,2090,>1800,Secondary,0.001426939,0.0014269402571343666,39.43083598,-121.5715556
960,GA-303,303,2129,>1800,Secondary,0.001159576,0.0011595770215873562,40.74394506,-122.3227024
961,GA-303,303,2024,>1800,Secondary,0.000445606,0.00044560639257923185,39.65372482,-120.3429794
970,GA-303,303,2167,>1800,Primary,0.002497394,0.0024973962002060525,45.47366175,-122.5845272
971,GA-303,303,2196,>1800,Primary,0.000981334,0.0009813348645560157,45.5050069,-123.1825698
972,GA-303,303,2173,>1800,Primary,0.003419647,0.0034196500127116614,45.527154,-122.6820627
973,GA-303,303,2188,>1800,Primary,0.001367859,0.0013678602050848406,44.83833408,-123.1232028
974,GA-303,303,2189,>1800,Secondary,0.001426939,0.0014269402571343666,43.79203105,-123.2901347
975,GA-303,303,2164,>1800,Secondary,0.000921252,0.0009212528116237271,42.3858199,-122.935425
976,GA-303,303,2092,>1800,Secondary,0.000267363,0.00026736323554701056,42.31514857,-121.5340757
977,GA-303,303,2078,>1800,Secondary,0.000564768,0.0005647684975610464,44.02201986,-121.0295383
978,GA-303,303,1973,>1800,Secondary,5.91e-05,5.9100052067145876e-05,45.32737754,-118.5658833
979,GA-303,303,1890,>1800,Primary,8.91e-05,8.910007849716916e-05,43.89181429,-117.2455071
980,GA-303,303,2176,>1800,Primary,0.003448687,0.003448690038295924,47.56846941,-122.218759
981,GA-303,303,2181,>1800,Primary,0.003062161,0.0030621636977662178,47.6003177,-122.3192885
982,GA-303,303,2189,>1800,Primary,0.002586515,0.0025865172787217228,48.22699563,-122.3073792
983,GA-303,303,2191,>1800,Primary,0.003033122,0.0030331246721828366,47.47634214,-122.5928732
984,GA-303,303,2181,>1800,Primary,0.001159576,0.0011595770215873562,47.24239474,-122.4420014
985,GA-303,303,2205,>1800,Primary,0.001576142,0.0015761433885823255,46.99355624,-123.0236772
986,GA-303,303,2172,>1800,Primary,0.001902586,0.0019025876761797427,45.76925855,-122.62344
988,GA-303,303,2069,>1800,Secondary,0.000594808,0.0005948085240263097,47.68955592,-119.8267546
989,GA-303,303,2082,>1800,Secondary,0.001129535,0.0011295359951212119,46.62067943,-120.4825766
990,GA-303,303,1959,>1800,Secondary,0.000327445,0.00032744528847929914,47.6672503,-117.3992072
992,GA-303,303,1959,>1800,Secondary,0.001040414,0.0010404149166055416,47.66157143,-117.3964312
993,GA-303,303,2007,>1800,Secondary,0.000951293,0.0009512938380898713,46.28499278,-118.9835701
994,GA-303,303,1918,>1800,Secondary,3e-05,3.0000026430023288e-05,46.38525,-117.03592
