ZIP3,GA-303,NY-134,TX-799,UT-841,AZ-852,CA-900,CA-945,CO-802,FL-331,IL-606,MA-021,MI-481,NC-275,NJ-070,TX-750,TX-770,WA-980
10,863,153,1992,2025,2214,2522,2605,1694,1214,776,77,558,548,134,1474,1533,2422
11,858,156,1990,2026,2213,2522,2606,1694,1206,776,79,558,542,127,1471,1529,2425
12,845,117,1960,1989,2181,2488,2569,1659,1212,741,111,523,538,128,1446,1508,2386
13,880,146,1998,2022,2217,2523,2602,1694,1237,776,76,558,569,155,1483,1546,2413
14,913,188,2040,2065,2260,2566,2645,1737,1254,819,35,601,595,181,1524,1584,2452
15,897,191,2033,2065,2256,2564,2645,1735,1232,817,36,599,576,163,1514,1571,2459
16,897,189,2032,2064,2254,2562,2644,1734,1233,815,37,597,576,163,1513,1570,2457
17,915,206,2051,2082,2274,2581,2662,1752,1246,834,17,616,593,181,1533,1590,2472
18,935,212,2065,2089,2285,2591,2669,1761,1268,844,19,626,614,202,1549,1608,2473
19,944,226,2078,2102,2298,2604,2683,1775,1271,858,16,640,621,210,1561,1618,2487
20,921,223,2064,2097,2287,2596,2677,1767,1243,849,12,631,595,186,1543,1598,2489
21,930,223,2069,2098,2291,2598,2679,1770,1255,852,0,634,606,196,1550,1606,2487
22,931,223,2069,2099,2292,2599,2679,1770,1255,852,0,634,606,196,1550,1607,2487
23,924,234,2072,2108,2296,2605,2688,1777,1241,859,20,641,596,190,1550,1603,2501
24,926,217,2064,2093,2286,2593,2673,1764,1253,846,5,628,602,192,1545,1601,2482
25,925,265,2088,2134,2316,2628,2714,1801,1223,882,57,665,591,196,1562,1610,2533
26,943,278,2106,2150,2334,2645,2730,1818,1238,899,62,681,608,215,1581,1628,2546
27,907,235,2062,2105,2289,2600,2685,1773,1219,854,40,636,577,175,1538,1589,2504
28,888,220,2042,2088,2270,2581,2668,1754,1206,835,49,618,560,155,1519,1569,2489
29,894,219,2046,2088,2272,2583,2668,1756,1214,837,42,619,567,161,1523,1574,2488
30,936,198,2056,2074,2274,2578,2654,1748,1277,832,39,614,618,204,1543,1604,2455
31,941,196,2057,2071,2273,2577,2651,1746,1286,830,49,613,625,211,1544,1608,2450
32,956,190,2056,2058,2268,2568,2638,1737,1313,824,83,607,647,233,1549,1617,2429
33,947,191,2055,2064,2270,2571,2644,1740,1298,826,65,608,634,220,1545,1610,2439
34,909,159,2019,2035,2236,2539,2615,1709,1266,793,70,575,598,185,1507,1572,2418
35,1011,218,2079,2056,2282,2575,2635,1742,1384,837,153,623,711,301,1582,1659,2406
36,917,153,2018,2026,2232,2533,2606,1702,1282,788,86,570,611,199,1509,1577,2405
37,944,164,2031,2029,2241,2540,2608,1708,1315,796,107,580,642,231,1527,1599,2398
38,969,218,2082,2090,2296,2598,2670,1767,1311,853,62,635,653,239,1571,1635,2462
39,979,234,2097,2106,2312,2614,2686,1783,1315,869,61,651,660,247,1585,1648,2479
40,1011,249,2115,2113,2327,2625,2693,1793,1352,882,98,665,695,281,1608,1675,2475
41,1016,258,2125,2123,2336,2635,2703,1803,1354,892,99,675,699,286,1616,1682,2485
42,1039,261,2128,2112,2334,2629,2691,1796,1389,889,137,674,728,314,1625,1697,2463
43,1061,289,2156,2140,2362,2657,2719,1825,1403,917,148,702,747,333,1652,1722,2488
44,1132,351,2214,2181,2415,2705,2759,1872,1472,971,217,758,818,404,1716,1789,2513
45,1055,293,2160,2152,2370,2667,2731,1834,1387,925,133,708,737,323,1653,1720,2506
46,1144,379,2245,2223,2451,2744,2801,1911,1465,1006,218,791,823,411,1742,1810,2559
47,1231,433,2271,2201,2458,2736,2775,1904,1590,1022,335,816,928,514,1788,1873,2498
48,1083,320,2187,2175,2396,2691,2754,1859,1412,951,159,735,764,351,1682,1749,2523
49,1085,304,2168,2143,2371,2663,2721,1830,1432,927,178,713,774,359,1669,1742,2483
50,942,157,2024,2018,2232,2530,2598,1698,1318,787,119,571,643,234,1521,1594,2386
51,911,141,2006,2013,2220,2521,2593,1690,1282,776,99,558,608,198,1499,1568,2391
52,880,112,1975,1987,2190,2492,2567,1662,1257,746,116,529,580,173,1467,1536,2371
53,889,132,1993,2008,2209,2513,2589,1682,1257,766,94,548,583,173,1483,1549,2393
54,953,149,2000,1975,2201,2493,2554,1660,1353,757,183,543,668,272,1506,1589,2331
56,959,161,2021,2003,2225,2520,2582,1687,1347,781,154,566,667,263,1524,1603,2362
57,911,120,1987,1983,2196,2494,2563,1662,1298,751,137,534,617,215,1485,1559,2356
58,993,193,2049,2022,2250,2541,2600,1708,1379,805,169,592,700,295,1554,1634,2372
59,1011,215,2072,2044,2273,2564,2623,1732,1391,829,167,616,715,307,1577,1656,2392
60,818,124,1945,1984,2169,2478,2564,1651,1181,732,124,515,507,96,1426,1485,2390
61,816,159,1960,2010,2188,2500,2590,1675,1162,755,115,539,497,83,1437,1491,2421
62,852,183,1999,2045,2226,2538,2625,1711,1186,792,78,575,529,118,1476,1529,2451
63,859,195,2010,2058,2238,2550,2638,1724,1186,804,73,587,533,125,1486,1538,2464
64,835,190,1990,2043,2219,2533,2623,1707,1164,788,97,572,509,101,1464,1515,2455
65,795,209,1965,2035,2201,2518,2614,1695,1117,777,141,563,465,70,1435,1480,2459
66,794,172,1948,2008,2180,2494,2587,1670,1135,751,136,536,472,60,1422,1473,2426
67,816,159,1960,2010,2188,2500,2590,1675,1162,755,115,539,497,83,1437,1491,2421
68,778,169,1933,1995,2165,2480,2574,1656,1123,738,152,523,458,44,1407,1457,2416
69,776,166,1929,1991,2161,2476,2570,1652,1123,734,154,519,456,42,1403,1454,2412
70,734,180,1895,1968,2131,2448,2547,1627,1084,710,196,497,414,0,1366,1414,2400
71,735,174,1894,1965,2128,2446,2543,1624,1088,706,195,494,417,5,1365,1414,2395
72,729,175,1888,1960,2123,2440,2539,1619,1083,701,201,489,411,8,1359,1408,2392
73,740,178,1900,1971,2135,2452,2550,1630,1089,713,191,500,419,5,1371,1419,2402
74,750,154,1899,1961,2130,2446,2541,1622,1109,704,181,489,436,27,1373,1425,2386
75,743,163,1895,1962,2128,2445,2541,1622,1099,704,188,490,426,17,1369,1419,2389
76,747,167,1902,1969,2135,2451,2548,1629,1100,711,184,497,429,16,1374,1424,2396
77,725,205,1899,1980,2137,2457,2559,1637,1063,722,207,511,399,26,1366,1410,2417
78,708,171,1862,1935,2097,2415,2514,1594,1073,677,223,465,395,33,1334,1384,2370
79,705,218,1884,1972,2124,2445,2550,1627,1043,713,228,505,378,42,1350,1391,2414
80,655,260,1850,1957,2096,2422,2533,1608,988,700,282,498,324,96,1311,1346,2413
81,663,219,1836,1929,2077,2400,2506,1583,1020,670,268,465,343,72,1303,1346,2377
82,642,279,1844,1958,2093,2420,2534,1608,969,703,299,504,307,116,1303,1335,2420
83,648,251,1837,1941,2082,2407,2518,1593,991,684,286,482,320,95,1299,1337,2397
84,667,264,1864,1971,2111,2436,2548,1622,992,714,274,512,332,94,1325,1359,2427
85,689,226,1870,1963,2112,2434,2540,1617,1028,704,245,498,362,56,1335,1376,2409
86,690,201,1859,1943,2098,2418,2521,1599,1045,685,240,476,371,44,1327,1372,2385
87,706,220,1885,1974,2126,2447,2552,1629,1042,716,228,507,378,44,1351,1392,2417
88,712,183,1873,1950,2109,2428,2528,1607,1068,691,218,480,394,23,1344,1391,2386
89,713,186,1876,1954,2113,2432,2532,1611,1067,695,217,484,394,21,1346,1393,2390
100,743,177,1903,1973,2137,2455,2552,1633,1092,715,187,502,423,9,1374,1423,2403
101,743,177,1903,1974,2138,2455,2552,1633,1092,715,187,502,423,9,1375,1423,2403
102,741,178,1901,1973,2136,2454,2552,1632,1090,715,189,502,421,7,1373,1421,2403
103,731,184,1894,1969,2130,2448,2547,1627,1080,710,199,498,411,4,1365,1412,2401
104,751,173,1909,1977,2143,2460,2556,1637,1100,719,179,506,431,17,1381,1430,2405
105,767,159,1917,1978,2149,2464,2558,1640,1119,721,164,507,450,35,1392,1443,2401
106,763,164,1917,1980,2149,2464,2559,1641,1114,723,167,508,445,30,1390,1441,2404
107,756,167,1911,1976,2144,2460,2556,1637,1107,719,174,505,437,23,1384,1434,2402
108,759,170,1915,1981,2148,2464,2560,1641,1108,723,171,509,439,25,1388,1438,2406
109,757,145,1901,1960,2132,2446,2539,1622,1119,703,176,488,445,38,1377,1431,2382
110,756,184,1919,1989,2154,2471,2568,1649,1098,731,175,518,433,24,1390,1437,2418
111,745,178,1905,1976,2140,2457,2555,1635,1093,718,185,504,424,11,1377,1425,2405
112,741,183,1904,1976,2139,2457,2555,1635,1087,718,189,505,420,8,1374,1422,2407
113,748,180,1909,1979,2144,2461,2558,1639,1094,721,182,508,426,14,1380,1428,2409
114,749,184,1911,1983,2146,2464,2562,1642,1092,725,182,512,426,16,1382,1429,2413
115,758,186,1921,1992,2156,2474,2571,1652,1098,734,173,521,434,26,1392,1439,2421
116,745,189,1910,1984,2146,2464,2563,1643,1086,726,186,513,421,16,1380,1427,2416
117,774,191,1939,2008,2173,2490,2587,1668,1108,750,158,536,448,43,1410,1456,2433
118,763,186,1926,1996,2161,2478,2575,1656,1101,738,168,525,439,31,1397,1444,2424
119,803,205,1970,2037,2204,2521,2616,1698,1126,779,133,565,474,75,1441,1487,2458
120,835,75,1931,1950,2147,2452,2531,1622,1223,705,148,487,540,144,1421,1489,2344
121,836,81,1934,1955,2152,2457,2536,1627,1220,710,143,492,539,140,1424,1491,2350
122,837,85,1937,1959,2155,2460,2539,1631,1220,714,139,495,539,139,1426,1493,2354
123,838,76,1933,1951,2149,2453,2531,1623,1226,707,147,489,543,147,1423,1492,2344
124,794,96,1911,1949,2134,2444,2529,1616,1173,697,157,480,492,94,1395,1457,2357
125,788,122,1918,1965,2145,2456,2545,1630,1155,711,152,494,479,72,1398,1456,2377
126,786,121,1917,1963,2143,2454,2543,1628,1154,709,153,492,478,72,1397,1455,2376
127,754,105,1876,1924,2102,2414,2503,1588,1138,669,193,452,454,75,1357,1417,2341
128,872,85,1952,1957,2164,2464,2537,1633,1264,719,148,502,580,184,1447,1520,2339
129,931,127,1966,1939,2166,2458,2518,1625,1345,722,207,510,655,271,1475,1560,2297
130,771,45,1823,1834,2034,2337,2414,1506,1208,591,265,373,511,194,1321,1401,2232
131,772,49,1819,1828,2030,2332,2409,1501,1212,586,270,369,515,200,1319,1399,2226
132,776,41,1826,1836,2037,2339,2416,1509,1213,594,263,376,516,195,1325,1405,2233
133,808,5,1872,1881,2084,2385,2461,1555,1228,640,218,422,535,179,1369,1446,2273
134,804,0,1867,1876,2079,2381,2457,1550,1226,635,223,417,532,180,1364,1441,2269
135,808,5,1872,1882,2084,2386,2462,1556,1227,640,217,423,534,178,1369,1446,2274
136,862,83,1878,1856,2078,2372,2436,1539,1302,634,262,422,606,261,1390,1479,2226
137,745,65,1834,1866,2053,2361,2446,1533,1161,615,238,397,467,135,1322,1392,2278
138,754,56,1840,1870,2059,2366,2450,1538,1169,619,233,401,476,138,1329,1400,2279
139,733,75,1822,1858,2043,2351,2438,1524,1151,605,248,388,457,136,1310,1380,2272
140,693,171,1698,1710,1908,2210,2290,1380,1179,464,390,246,484,280,1204,1293,2122
141,695,175,1695,1705,1904,2206,2285,1376,1182,460,394,242,488,286,1202,1292,2116
142,694,178,1692,1702,1901,2203,2282,1373,1183,457,397,239,488,289,1199,1290,2113
143,700,186,1688,1692,1894,2194,2272,1364,1194,449,407,233,501,302,1197,1290,2100
144,733,113,1757,1765,1966,2268,2345,1438,1197,522,333,305,499,241,1260,1345,2169
145,736,108,1761,1770,1971,2272,2350,1442,1199,527,329,309,500,238,1264,1350,2173
146,739,115,1757,1762,1965,2266,2342,1435,1206,521,337,304,508,249,1262,1349,2163
147,648,194,1673,1703,1889,2196,2283,1368,1133,449,403,232,440,272,1172,1255,2128
148,708,102,1771,1800,1988,2295,2380,1467,1153,549,303,331,455,187,1264,1340,2216
149,703,102,1778,1813,1998,2306,2393,1479,1141,560,294,342,444,171,1268,1341,2231
150,517,304,1586,1664,1818,2136,2241,1318,1013,408,484,215,331,313,1068,1138,2128
151,516,302,1590,1670,1822,2141,2247,1323,1010,414,480,221,326,308,1071,1140,2134
152,516,302,1589,1669,1821,2140,2246,1322,1010,413,481,221,327,309,1070,1139,2133
153,492,324,1575,1664,1810,2131,2240,1315,988,410,497,227,308,321,1053,1119,2135
154,493,316,1594,1688,1831,2153,2264,1338,977,435,481,251,291,302,1069,1131,2160
155,524,280,1642,1735,1880,2202,2311,1386,983,480,435,287,289,253,1116,1174,2201
156,520,292,1608,1691,1842,2161,2268,1344,1003,435,464,242,315,289,1087,1152,2155
157,557,253,1642,1714,1872,2190,2292,1369,1030,456,428,254,337,259,1123,1190,2169
158,595,219,1664,1721,1890,2203,2300,1380,1068,463,405,252,373,247,1150,1223,2165
159,542,263,1645,1728,1879,2199,2305,1381,1007,470,428,273,313,251,1122,1185,2188
160,543,282,1600,1667,1827,2143,2244,1322,1040,408,469,207,355,305,1085,1159,2123
161,549,292,1582,1641,1807,2121,2219,1298,1057,383,487,179,377,328,1072,1152,2095
162,567,254,1628,1691,1855,2170,2269,1348,1052,432,440,226,362,279,1115,1188,2141
163,592,246,1626,1672,1847,2158,2251,1333,1088,415,445,202,399,296,1119,1199,2114
164,605,253,1615,1652,1832,2141,2231,1314,1110,395,459,180,424,318,1113,1199,2088
165,617,252,1616,1645,1830,2137,2225,1310,1126,391,462,173,441,326,1117,1206,2077
166,567,237,1675,1753,1908,2227,2331,1408,1020,495,398,293,323,222,1152,1214,2208
167,636,187,1685,1726,1905,2215,2305,1389,1109,470,386,254,413,245,1178,1255,2157
168,600,204,1699,1766,1929,2245,2344,1423,1049,507,371,299,351,204,1179,1244,2212
169,672,134,1748,1790,1969,2279,2369,1453,1118,534,322,318,420,184,1236,1309,2215
170,607,209,1745,1828,1981,2301,2405,1482,1020,569,335,364,324,151,1217,1271,2279
171,607,211,1748,1833,1985,2305,2410,1487,1017,575,333,370,321,147,1220,1273,2285
172,559,250,1699,1792,1938,2260,2369,1444,987,536,384,338,289,197,1169,1222,2254
173,591,234,1745,1840,1985,2308,2416,1492,993,583,344,382,298,153,1214,1262,2298
174,597,228,1752,1845,1992,2314,2422,1497,998,587,337,386,304,146,1221,1269,2301
175,622,214,1778,1868,2017,2339,2445,1521,1012,610,311,405,321,119,1247,1296,2320
176,617,217,1774,1864,2013,2335,2441,1518,1009,606,316,403,317,124,1243,1291,2317
177,649,156,1750,1808,1977,2291,2387,1468,1081,550,319,337,384,161,1232,1297,2243
178,644,167,1764,1831,1995,2311,2410,1489,1062,573,308,362,366,137,1242,1302,2271
179,653,171,1787,1860,2021,2338,2438,1517,1055,601,289,391,362,110,1262,1318,2301
180,679,171,1827,1902,2062,2380,2480,1559,1060,643,255,432,374,69,1300,1351,2340
181,675,174,1824,1899,2059,2377,2478,1556,1056,640,259,430,370,72,1296,1347,2339
182,673,154,1805,1872,2037,2353,2451,1531,1072,614,269,402,380,96,1281,1338,2308
183,705,142,1841,1905,2073,2388,2484,1565,1090,647,233,433,404,65,1318,1373,2335
184,720,109,1836,1887,2063,2375,2466,1550,1119,631,233,415,429,92,1318,1379,2310
185,706,119,1823,1878,2051,2364,2457,1540,1107,621,246,406,416,96,1304,1365,2304
186,691,128,1809,1865,2037,2351,2445,1526,1098,608,261,393,405,105,1289,1350,2294
187,691,131,1811,1869,2040,2354,2448,1530,1094,612,260,398,402,101,1290,1351,2299
188,711,98,1807,1850,2030,2341,2430,1514,1129,595,262,379,435,131,1293,1360,2271
189,676,194,1838,1921,2076,2396,2499,1577,1042,662,255,454,362,60,1307,1354,2364
190,663,211,1833,1922,2073,2395,2500,1577,1025,664,267,457,347,71,1300,1345,2370
191,662,216,1834,1926,2075,2397,2503,1580,1021,667,268,461,344,72,1301,1344,2374
193,643,216,1810,1902,2051,2373,2479,1555,1014,644,288,439,330,92,1277,1322,2352
194,660,204,1825,1912,2064,2385,2489,1567,1029,653,270,446,347,75,1293,1339,2358
195,652,190,1803,1885,2040,2360,2463,1540,1037,626,282,418,349,92,1274,1324,2330
196,646,194,1798,1881,2035,2355,2459,1536,1033,622,287,415,344,97,1269,1319,2327
197,628,238,1805,1905,2048,2372,2481,1557,993,648,302,446,311,107,1270,1311,2361
198,635,232,1810,1908,2053,2376,2485,1561,999,651,295,448,318,100,1276,1318,2363
199,607,291,1810,1930,2060,2389,2505,1579,945,677,331,483,275,142,1268,1300,2398
200,537,303,1725,1846,1974,2302,2421,1493,923,597,393,410,230,197,1185,1222,2322
201,521,310,1704,1827,1953,2282,2401,1474,919,578,409,394,222,213,1165,1203,2305
202,537,304,1725,1847,1975,2303,2422,1494,922,598,393,411,229,197,1185,1222,2324
203,538,303,1725,1847,1974,2303,2421,1494,923,597,393,411,230,197,1185,1222,2323
204,537,303,1725,1847,1974,2303,2421,1494,923,597,393,411,229,197,1185,1222,2323
205,538,302,1725,1847,1974,2303,2421,1494,924,597,392,410,231,196,1185,1222,2322
206,531,325,1734,1865,1986,2317,2439,1511,900,619,401,436,212,206,1191,1222,2346
207,546,297,1733,1853,1982,2310,2427,1500,929,602,384,414,237,188,1193,1231,2327
208,540,293,1720,1838,1968,2296,2413,1486,933,587,390,398,239,195,1182,1222,2311
209,543,295,1726,1845,1974,2302,2419,1492,931,594,388,405,237,192,1187,1225,2319
210,572,271,1750,1861,1996,2322,2437,1510,955,607,359,413,264,163,1213,1254,2328
211,570,270,1748,1858,1993,2319,2434,1507,955,604,360,410,264,164,1211,1252,2325
212,571,271,1750,1860,1996,2322,2436,1510,955,607,359,413,264,163,1213,1253,2328
214,561,291,1751,1870,2000,2328,2445,1518,935,619,369,428,246,174,1211,1248,2342
215,496,308,1629,1734,1871,2196,2309,1383,953,483,455,300,259,268,1099,1152,2209
216,578,295,1777,1898,2027,2355,2473,1546,934,647,355,455,253,161,1236,1269,2370
217,547,274,1711,1819,1955,2281,2394,1468,956,565,386,373,259,193,1177,1222,2287
218,581,328,1798,1932,2053,2384,2506,1578,908,684,364,496,243,177,1253,1278,2409
219,609,247,1786,1889,2030,2354,2465,1540,981,633,321,433,295,125,1250,1292,2349
220,527,309,1714,1837,1964,2292,2411,1484,918,589,403,404,223,207,1174,1211,2315
221,526,311,1714,1838,1964,2293,2412,1484,916,589,404,405,221,208,1174,1210,2316
222,533,306,1721,1843,1970,2299,2417,1490,921,594,397,408,227,201,1181,1218,2320
223,531,309,1720,1844,1970,2299,2418,1491,917,595,399,410,224,203,1180,1216,2322
224,497,352,1704,1845,1959,2292,2417,1489,874,604,435,428,181,240,1159,1189,2333
225,497,356,1707,1849,1963,2295,2421,1493,870,609,436,434,178,241,1161,1189,2338
226,498,316,1664,1783,1911,2239,2357,1430,923,535,437,354,225,243,1127,1171,2262
227,475,351,1667,1802,1919,2251,2375,1447,882,561,455,389,184,259,1124,1159,2291
228,447,366,1626,1761,1878,2209,2333,1405,880,523,486,357,185,292,1085,1123,2253
229,435,388,1635,1783,1891,2225,2354,1425,850,551,495,391,153,299,1090,1121,2281
230,469,393,1694,1851,1954,2290,2421,1492,833,619,468,453,141,275,1145,1167,2349
231,474,399,1704,1864,1965,2302,2434,1505,826,633,467,467,139,275,1154,1173,2363
232,464,400,1691,1850,1952,2288,2420,1491,826,619,474,456,135,281,1141,1162,2350
233,512,423,1761,1932,2027,2365,2500,1572,809,702,457,533,161,275,1208,1218,2432
234,508,427,1758,1930,2024,2363,2499,1570,805,701,461,534,157,280,1205,1214,2431
235,501,433,1753,1927,2020,2359,2495,1567,798,700,469,535,149,287,1199,1207,2430
236,498,420,1744,1913,2009,2347,2482,1553,809,684,463,517,149,278,1191,1203,2414
237,499,435,1751,1926,2018,2357,2494,1565,796,699,472,534,147,289,1197,1205,2430
238,454,425,1693,1863,1957,2296,2431,1502,801,638,491,479,114,300,1141,1156,2368
239,405,450,1641,1817,1907,2246,2384,1456,781,602,534,456,83,339,1089,1105,2330
240,338,476,1549,1724,1813,2151,2290,1362,787,520,593,395,122,397,1000,1025,2243
241,327,487,1543,1722,1808,2147,2287,1359,777,523,603,401,118,407,993,1016,2244
242,235,572,1417,1610,1683,2025,2171,1244,770,450,712,381,219,518,867,897,2149
243,277,530,1486,1674,1752,2093,2237,1310,763,494,656,396,155,461,935,959,2206
244,405,407,1594,1744,1850,2184,2314,1385,846,516,527,365,157,332,1050,1085,2246
245,372,457,1596,1770,1860,2199,2337,1408,786,559,559,421,96,363,1045,1066,2285
246,272,533,1452,1632,1715,2054,2196,1268,790,452,672,363,198,478,904,937,2162
247,303,501,1487,1659,1748,2086,2225,1296,800,465,637,359,177,443,940,973,2183
248,295,510,1464,1634,1724,2061,2199,1271,810,442,652,345,202,459,918,955,2158
249,352,453,1530,1688,1788,2123,2256,1327,830,474,586,345,171,392,986,1022,2200
250,346,464,1478,1623,1730,2063,2193,1264,865,409,618,294,233,428,940,988,2134
251,342,469,1472,1618,1724,2057,2187,1259,864,406,624,293,236,434,934,983,2130
252,367,449,1479,1613,1727,2058,2183,1255,890,390,609,268,254,422,944,999,2118
253,347,466,1473,1616,1724,2056,2186,1257,870,401,621,287,240,432,935,985,2126
254,520,291,1674,1783,1918,2243,2358,1431,948,531,418,343,250,227,1140,1188,2255
255,336,485,1445,1589,1696,2029,2158,1229,873,380,646,279,261,458,909,962,2102
256,301,510,1445,1607,1702,2038,2173,1245,832,413,660,321,231,469,902,946,2129
257,334,493,1431,1573,1681,2013,2142,1213,880,366,657,272,275,471,896,952,2087
258,328,477,1490,1649,1747,2083,2217,1288,831,443,620,330,198,427,947,987,2166
259,330,474,1497,1657,1755,2090,2225,1296,829,450,615,334,191,422,954,993,2173
260,483,341,1552,1640,1786,2107,2216,1291,990,387,519,208,317,345,1032,1101,2113
261,412,409,1501,1616,1743,2070,2189,1261,933,378,577,234,281,395,973,1035,2108
262,424,381,1566,1693,1814,2143,2265,1337,901,455,527,298,222,337,1030,1079,2185
263,430,378,1546,1663,1790,2117,2236,1308,926,421,537,263,254,351,1015,1071,2152
264,434,375,1549,1664,1793,2119,2238,1310,928,422,534,263,256,348,1018,1074,2152
265,462,346,1571,1676,1812,2136,2251,1324,951,428,508,256,271,325,1043,1102,2157
266,377,429,1520,1659,1771,2103,2230,1301,873,434,577,299,216,387,982,1029,2163
267,486,319,1626,1737,1870,2196,2311,1385,941,487,461,307,247,272,1094,1145,2215
268,461,346,1619,1742,1867,2195,2316,1388,909,499,479,328,215,287,1082,1128,2228
270,277,549,1522,1728,1795,2139,2288,1362,715,555,656,452,101,460,966,976,2265
271,280,550,1529,1737,1802,2147,2297,1370,710,564,654,460,93,459,972,981,2274
272,298,547,1555,1765,1830,2175,2325,1399,701,589,642,479,65,447,998,1003,2301
273,305,547,1565,1776,1840,2185,2336,1410,697,600,638,487,54,444,1007,1011,2312
274,301,541,1555,1762,1828,2173,2322,1396,708,584,638,472,67,443,998,1004,2297
275,353,532,1619,1828,1894,2239,2389,1462,698,641,606,515,0,414,1060,1060,2359
276,351,534,1618,1828,1893,2238,2389,1462,696,641,608,516,2,417,1059,1059,2360
277,343,529,1606,1812,1880,2224,2374,1447,705,625,608,501,16,416,1048,1050,2343
278,411,513,1680,1884,1955,2299,2447,1519,713,684,566,544,61,380,1121,1119,2408
279,482,483,1749,1942,2022,2364,2507,1579,750,727,512,570,131,334,1192,1190,2456
280,218,615,1485,1717,1765,2113,2272,1348,659,578,720,497,137,525,925,924,2269
281,228,611,1498,1729,1778,2126,2284,1361,657,587,713,502,125,518,937,935,2280
282,222,619,1494,1728,1775,2123,2283,1360,650,590,720,507,131,525,933,929,2281
283,319,591,1600,1832,1882,2231,2389,1465,640,668,660,557,59,471,1039,1027,2376
284,361,626,1651,1897,1937,2289,2451,1529,600,739,673,623,111,491,1087,1062,2446
285,411,570,1695,1920,1976,2324,2479,1554,658,736,609,603,96,428,1133,1117,2455
286,226,588,1470,1685,1745,2090,2243,1318,702,534,704,452,150,508,913,923,2231
287,148,657,1392,1627,1671,2019,2180,1258,681,519,783,473,227,588,833,840,2187
288,159,646,1399,1629,1676,2024,2183,1260,689,515,773,464,220,577,840,849,2187
289,91,718,1322,1573,1604,1955,2121,1202,676,512,852,496,300,657,761,767,2145
290,198,697,1490,1758,1780,2134,2305,1388,566,657,785,588,181,593,925,901,2327
291,204,700,1496,1766,1787,2141,2313,1396,560,666,786,596,181,594,931,905,2335
292,191,698,1482,1751,1773,2126,2297,1380,569,652,789,585,184,595,918,894,2320
293,156,668,1431,1679,1715,2065,2230,1310,635,573,780,516,197,584,869,863,2243
294,258,749,1544,1836,1842,2199,2378,1466,489,749,816,674,218,628,979,934,2413
295,286,665,1577,1837,1867,2220,2388,1468,568,707,731,613,133,543,1013,986,2397
296,124,693,1401,1656,1686,2037,2204,1286,630,568,809,523,229,613,838,831,2225
297,205,642,1483,1727,1767,2117,2279,1358,630,601,742,525,148,548,921,913,2285
298,148,747,1439,1724,1733,2089,2266,1354,542,659,843,610,240,649,874,843,2304
299,225,793,1500,1809,1802,2161,2346,1438,460,752,867,693,264,678,936,884,2395
300,7,798,1297,1587,1590,1946,2125,1216,607,583,924,581,346,728,733,715,2178
301,19,805,1276,1565,1569,1924,2103,1194,622,570,934,576,363,739,712,698,2157
302,23,824,1289,1591,1585,1943,2126,1220,587,605,948,608,365,752,724,698,2187
303,0,804,1292,1584,1585,1942,2121,1213,606,585,930,585,353,734,727,708,2176
304,161,819,1427,1743,1729,2089,2276,1372,474,717,909,680,303,716,863,812,2336
305,45,759,1321,1595,1610,1964,2138,1224,627,561,885,549,312,689,758,748,2178
306,56,769,1347,1631,1639,1995,2172,1260,590,598,886,578,300,691,783,762,2216
307,73,781,1252,1521,1538,1891,2064,1150,677,516,922,531,372,727,691,694,2107
308,126,766,1415,1707,1711,2068,2247,1336,537,657,866,616,264,672,850,817,2291
309,133,757,1424,1712,1719,2075,2253,1341,541,655,855,611,253,661,859,827,2294
310,98,847,1347,1668,1649,2009,2198,1297,509,679,953,666,352,758,782,736,2268
312,79,840,1334,1650,1635,1994,2182,1280,527,662,950,651,353,755,769,727,2249
313,211,841,1465,1790,1770,2131,2321,1420,430,766,918,721,314,729,901,840,2386
314,223,824,1485,1805,1789,2150,2338,1434,436,767,898,716,296,709,921,863,2398
315,221,893,1440,1785,1750,2113,2310,1415,394,794,972,761,368,782,879,806,2391
316,209,947,1368,1732,1681,2046,2250,1364,400,793,1037,783,432,845,810,729,2349
317,163,931,1324,1679,1635,1998,2199,1310,452,746,1033,746,429,839,763,693,2294
318,92,894,1264,1596,1568,1929,2122,1226,544,661,1013,675,422,817,700,653,2205
319,99,901,1258,1593,1563,1924,2118,1224,542,665,1021,681,430,825,694,646,2204
320,294,963,1464,1836,1780,2146,2352,1467,314,873,1032,842,433,845,909,816,2451
321,362,1008,1509,1896,1828,2195,2407,1528,248,940,1065,905,476,883,958,853,2515
322,290,949,1472,1839,1788,2153,2357,1470,322,866,1017,832,419,830,916,826,2452
323,235,1004,1317,1702,1634,2000,2210,1335,402,813,1101,819,495,907,763,669,2328
324,249,1046,1233,1631,1552,1919,2134,1267,459,800,1156,829,554,961,682,585,2266
325,277,1081,1158,1565,1478,1845,2062,1203,520,788,1202,837,607,1006,609,509,2207
326,312,1008,1439,1827,1758,2125,2337,1460,294,896,1080,875,480,893,887,785,2450
327,396,1049,1514,1914,1836,2204,2420,1547,210,977,1104,945,517,922,968,853,2539
328,405,1060,1514,1918,1838,2205,2423,1552,201,986,1114,955,528,932,970,853,2545
329,448,1072,1564,1969,1888,2256,2474,1603,165,1025,1116,986,541,939,1020,901,2595
330,594,1214,1633,2077,1964,2333,2566,1715,12,1176,1245,1140,687,1074,1108,963,2716
331,606,1226,1638,2085,1970,2339,2572,1723,0,1187,1255,1151,698,1084,1115,968,2725
332,608,1226,1641,2088,1972,2341,2575,1725,2,1189,1255,1153,699,1085,1118,970,2727
333,585,1200,1633,2074,1964,2333,2564,1710,25,1165,1230,1127,673,1059,1107,964,2711
334,559,1169,1627,2059,1956,2325,2553,1694,56,1138,1200,1098,642,1029,1096,959,2692
335,413,1106,1468,1889,1794,2162,2386,1525,203,998,1168,980,575,984,930,803,2524
336,417,1116,1460,1885,1786,2155,2380,1521,204,1002,1180,987,586,995,923,794,2521
337,419,1127,1446,1875,1773,2142,2368,1512,212,1003,1193,992,597,1008,911,779,2513
338,435,1107,1503,1923,1829,2198,2421,1558,174,1019,1162,995,575,981,965,838,2556
339,508,1187,1517,1962,1847,2216,2448,1600,124,1093,1239,1074,655,1059,991,847,2604
341,545,1219,1538,1992,1870,2240,2475,1631,100,1130,1266,1110,687,1088,1018,868,2636
342,461,1159,1472,1911,1801,2170,2400,1548,175,1045,1219,1032,628,1036,942,803,2551
344,350,1040,1456,1855,1777,2145,2361,1488,257,934,1107,913,510,921,908,797,2481
346,397,1103,1445,1866,1771,2139,2362,1502,225,982,1169,968,573,984,906,780,2501
347,405,1066,1507,1913,1831,2198,2417,1547,201,987,1122,958,534,940,963,845,2541
349,511,1128,1599,2020,1926,2295,2519,1655,101,1090,1165,1051,599,990,1063,933,2651
350,137,902,1156,1470,1453,1811,1998,1100,660,577,1045,628,485,850,591,575,2080
351,134,902,1160,1475,1457,1816,2003,1105,655,581,1043,630,483,848,595,578,2085
352,144,908,1150,1466,1447,1805,1994,1096,662,580,1051,632,492,856,585,569,2077
354,195,956,1102,1435,1403,1763,1956,1066,675,601,1103,669,545,908,537,516,2054
355,184,915,1108,1416,1401,1759,1944,1046,710,550,1067,619,523,874,544,543,2026
356,176,864,1129,1409,1415,1769,1945,1038,741,497,1021,563,493,828,568,586,2008
357,138,833,1171,1445,1457,1810,1985,1075,720,498,985,546,451,792,610,623,2040
358,144,837,1165,1440,1451,1804,1979,1069,723,497,990,548,457,797,604,618,2035
359,100,842,1196,1485,1487,1842,2021,1114,675,537,986,574,434,791,632,630,2083
360,153,956,1192,1545,1500,1863,2062,1176,566,675,1083,712,498,888,629,576,2166
361,151,951,1182,1529,1488,1850,2048,1161,583,660,1081,700,499,885,618,570,2149
362,84,865,1209,1515,1504,1862,2047,1144,634,579,1002,611,435,806,644,626,2118
363,187,987,1233,1606,1547,1911,2117,1239,497,739,1102,766,505,907,675,599,2232
364,229,1031,1149,1532,1463,1828,2038,1166,559,727,1158,778,570,963,591,516,2166
365,296,1096,1099,1507,1418,1785,2002,1145,579,767,1226,831,639,1030,548,455,2151
366,308,1107,1088,1500,1408,1775,1994,1139,585,772,1238,839,652,1042,539,443,2146
367,201,988,1121,1476,1428,1790,1991,1109,624,656,1126,716,553,931,557,511,2103
368,102,907,1236,1570,1539,1900,2094,1200,562,652,1031,675,444,835,671,627,2182
369,249,1027,1070,1437,1379,1743,1947,1071,655,666,1170,740,602,975,508,460,2070
370,217,777,1163,1388,1433,1779,1938,1018,817,395,945,458,461,757,614,665,1964
371,201,776,1172,1402,1444,1791,1952,1032,802,407,941,464,450,752,622,667,1979
372,211,775,1168,1394,1438,1784,1944,1024,812,398,942,459,456,753,618,667,1970
373,112,761,1241,1493,1522,1873,2040,1123,717,476,910,496,378,716,683,700,2073
374,100,771,1242,1500,1524,1876,2045,1129,705,489,917,509,379,723,682,694,2082
376,208,598,1409,1614,1679,2022,2173,1247,743,470,734,409,217,539,855,879,2160
377,158,664,1328,1547,1601,1946,2102,1179,741,449,810,428,294,616,774,799,2106
378,154,666,1331,1552,1604,1950,2107,1184,735,455,810,433,290,616,776,799,2112
379,149,674,1322,1546,1596,1942,2099,1177,735,455,819,437,299,625,767,790,2107
380,321,936,998,1265,1276,1627,1801,894,864,465,1111,585,622,924,446,509,1871
381,333,957,979,1255,1259,1612,1788,885,865,482,1132,605,640,945,426,488,1866
382,304,855,1060,1286,1326,1672,1833,915,883,390,1033,501,568,849,518,592,1872
383,276,878,1057,1308,1332,1681,1850,937,843,434,1051,537,564,863,506,564,1904
384,195,826,1138,1392,1416,1766,1935,1021,780,447,989,514,481,798,582,618,1981
385,170,722,1241,1465,1513,1859,2017,1095,775,416,881,438,381,689,689,726,2033
386,315,971,986,1280,1272,1627,1809,910,833,513,1141,628,634,952,427,471,1896
387,373,1064,919,1260,1217,1577,1773,894,831,598,1231,722,710,1041,354,377,1895
388,250,938,1046,1345,1335,1691,1874,975,775,523,1100,616,577,909,484,506,1958
389,319,1018,973,1302,1269,1628,1821,934,796,575,1182,686,655,990,409,425,1929
390,343,1087,963,1338,1271,1635,1841,974,749,663,1242,768,693,1049,400,368,1979
391,365,1110,946,1331,1256,1621,1830,969,755,682,1265,789,715,1072,384,346,1976
392,354,1100,955,1336,1264,1629,1837,973,750,674,1255,780,705,1061,393,356,1979
393,279,1043,1032,1399,1340,1704,1908,1034,691,657,1191,743,631,996,469,429,2034
394,337,1117,1011,1416,1328,1694,1910,1055,670,733,1260,821,689,1065,457,380,2063
395,357,1151,1039,1466,1361,1729,1952,1108,622,791,1287,871,704,1091,495,389,2118
396,400,1163,939,1355,1256,1623,1843,998,733,744,1314,849,752,1119,387,310,2009
397,248,976,1044,1371,1342,1701,1893,1003,734,578,1132,665,590,939,479,476,1993
398,180,965,1286,1653,1599,1964,2168,1285,460,754,1071,765,469,877,727,651,2275
400,303,628,1272,1425,1522,1855,1990,1062,902,286,807,303,404,626,743,816,1961
401,297,672,1226,1389,1478,1813,1952,1024,902,288,853,335,439,672,697,772,1934
402,314,640,1254,1405,1502,1835,1970,1041,915,272,823,304,425,642,728,805,1940
403,292,586,1326,1482,1578,1912,2048,1119,878,319,759,295,349,574,792,855,2013
404,261,612,1312,1482,1568,1905,2046,1118,851,340,781,326,346,594,773,830,2021
405,291,595,1316,1472,1568,1902,2038,1109,880,314,769,298,358,584,782,847,2004
406,304,604,1298,1449,1548,1881,2015,1086,897,294,782,291,382,600,768,838,1981
407,219,627,1323,1513,1586,1927,2073,1147,805,387,786,366,316,596,777,820,2060
408,225,598,1366,1556,1630,1971,2117,1190,792,411,749,366,273,558,819,857,2098
409,214,619,1341,1534,1606,1947,2094,1168,792,403,773,372,295,582,793,833,2081
410,349,558,1332,1459,1574,1902,2028,1100,936,267,742,240,384,564,809,886,1976
411,329,510,1408,1550,1657,1989,2118,1189,885,347,678,267,295,492,874,933,2065
412,294,531,1408,1568,1664,1999,2135,1206,845,381,689,306,267,500,868,918,2093
413,263,574,1364,1535,1622,1959,2099,1171,834,372,735,325,294,546,823,872,2069
414,286,549,1384,1544,1639,1974,2110,1182,850,365,711,305,288,523,845,897,2072
415,275,539,1420,1592,1680,2017,2156,1228,816,412,689,335,240,497,876,917,2120
416,272,547,1404,1575,1663,2000,2140,1211,823,399,701,329,256,510,861,905,2105
417,243,581,1375,1556,1637,1976,2119,1191,807,400,735,349,272,544,829,871,2094
418,247,570,1394,1576,1656,1996,2138,1211,800,413,720,353,253,528,848,886,2112
420,318,823,1079,1282,1339,1681,1835,913,908,349,1005,462,559,823,545,629,1859
421,241,715,1208,1404,1470,1811,1961,1036,846,348,887,395,429,700,667,727,1964
422,264,756,1158,1358,1420,1761,1913,989,867,344,933,419,479,747,619,687,1924
423,300,726,1172,1347,1426,1763,1907,981,905,300,908,377,482,727,642,721,1903
424,316,756,1139,1316,1392,1730,1875,949,918,301,940,397,514,759,610,696,1876
425,230,644,1292,1479,1554,1894,2039,1113,825,363,808,360,350,620,749,800,2027
426,213,667,1275,1472,1539,1881,2030,1104,813,374,830,381,360,641,730,777,2025
427,259,678,1237,1417,1495,1833,1978,1051,863,326,852,359,412,667,700,764,1968
430,440,446,1431,1520,1663,1983,2094,1168,999,275,637,153,377,468,919,1002,2006
431,417,458,1425,1523,1659,1982,2097,1170,977,286,646,175,361,472,908,986,2016
432,432,451,1427,1519,1660,1981,2093,1167,992,277,642,160,373,471,913,995,2007
433,464,453,1418,1492,1643,1961,2068,1143,1030,242,652,123,413,488,912,1003,1972
434,527,425,1442,1486,1658,1968,2064,1144,1091,228,634,60,461,483,950,1051,1948
435,528,462,1406,1446,1619,1928,2024,1104,1104,187,672,64,488,523,920,1027,1910
436,541,433,1435,1471,1647,1955,2049,1130,1110,212,645,44,482,498,948,1053,1928
437,442,399,1491,1588,1727,2050,2163,1236,974,342,580,190,325,405,971,1043,2072
438,462,393,1488,1573,1719,2039,2148,1223,1000,322,582,163,352,411,972,1050,2051
439,484,347,1542,1627,1775,2095,2203,1278,998,373,528,195,328,356,1023,1095,2099
440,553,335,1532,1577,1750,2061,2156,1237,1087,319,541,112,423,391,1033,1123,2028
441,548,343,1524,1570,1743,2054,2149,1229,1084,312,549,108,422,398,1024,1115,2023
442,526,349,1521,1578,1744,2057,2156,1235,1060,320,549,125,399,392,1016,1103,2037
443,524,347,1523,1582,1746,2060,2160,1238,1057,323,547,130,395,389,1017,1103,2041
444,540,311,1561,1620,1785,2099,2198,1277,1057,361,508,160,383,350,1053,1135,2075
445,540,308,1566,1625,1790,2104,2203,1282,1055,367,504,166,379,345,1057,1137,2081
446,500,358,1517,1587,1744,2061,2164,1241,1031,331,552,148,371,388,1007,1088,2054
447,509,349,1525,1592,1751,2067,2169,1246,1038,334,544,147,376,382,1015,1097,2056
448,508,407,1461,1518,1682,1995,2095,1173,1063,260,610,90,426,454,961,1054,1983
449,488,405,1466,1534,1691,2007,2110,1187,1040,278,603,116,400,442,960,1049,2005
450,382,541,1340,1451,1577,1902,2022,1094,967,241,731,208,402,556,824,908,1959
451,368,527,1361,1479,1601,1928,2050,1122,947,270,712,217,373,535,840,917,1989
452,368,549,1335,1453,1574,1901,2024,1095,954,252,736,222,395,560,816,898,1965
453,422,512,1362,1453,1592,1913,2027,1100,1002,223,707,167,418,538,853,943,1950
454,408,515,1362,1460,1595,1917,2033,1106,988,235,707,179,406,536,850,937,1960
455,421,492,1384,1477,1616,1937,2051,1124,995,243,685,164,399,515,873,959,1971
456,363,486,1417,1543,1661,1990,2114,1185,919,325,661,233,315,479,889,955,2050
457,407,424,1479,1591,1720,2046,2164,1237,939,355,597,220,298,417,953,1018,2085
458,482,480,1387,1450,1608,1923,2026,1103,1059,198,684,107,455,526,891,991,1928
460,438,593,1275,1360,1501,1820,1934,1006,1037,154,795,205,497,630,778,884,1864
461,415,610,1261,1359,1490,1813,1931,1003,1016,172,808,229,489,640,758,861,1871
462,424,606,1263,1356,1491,1812,1929,1001,1025,164,806,222,494,639,763,868,1866
463,553,619,1257,1283,1460,1766,1861,940,1155,34,833,202,607,687,796,930,1762
464,558,624,1253,1277,1455,1760,1855,934,1161,28,839,207,614,693,794,930,1755
465,538,558,1314,1346,1521,1828,1924,1003,1133,89,771,142,559,624,842,966,1818
466,551,567,1308,1333,1512,1818,1911,992,1147,75,781,150,575,636,841,967,1803
467,509,525,1343,1390,1557,1868,1967,1045,1097,136,734,119,512,582,859,972,1866
468,503,523,1344,1395,1559,1871,1972,1049,1091,142,732,120,506,578,859,970,1872
469,479,578,1289,1352,1507,1822,1928,1003,1077,120,785,176,522,627,803,917,1844
470,371,576,1305,1422,1543,1869,1993,1064,964,231,766,231,422,591,789,875,1937
471,327,644,1245,1390,1491,1823,1956,1027,930,258,829,299,440,650,722,804,1925
472,371,611,1267,1387,1505,1831,1956,1028,971,217,803,252,452,629,753,844,1908
473,435,554,1315,1400,1542,1861,1974,1047,1027,177,754,178,465,589,814,914,1899
474,385,650,1225,1343,1461,1787,1912,983,989,200,844,275,493,672,716,815,1869
475,355,693,1188,1329,1430,1761,1894,966,961,237,884,325,500,708,671,766,1869
476,346,726,1158,1312,1404,1737,1875,947,951,259,915,358,516,738,639,733,1861
477,340,733,1152,1311,1400,1734,1873,946,944,268,922,367,517,744,631,724,1863
478,423,671,1198,1301,1427,1750,1871,943,1028,168,871,280,537,704,700,812,1823
479,477,630,1237,1306,1456,1771,1880,954,1080,108,837,225,553,677,754,874,1807
480,607,394,1483,1491,1686,1987,2071,1158,1168,241,612,29,522,481,1007,1118,1926
481,585,417,1457,1472,1662,1965,2051,1137,1151,218,634,0,515,497,978,1090,1916
482,595,400,1474,1487,1679,1982,2067,1153,1156,235,617,18,513,483,996,1106,1927
483,608,406,1473,1478,1674,1975,2058,1146,1172,230,624,24,530,493,998,1112,1914
484,642,407,1482,1471,1678,1974,2051,1143,1207,234,628,57,562,506,1016,1135,1896
485,634,422,1466,1457,1662,1959,2037,1128,1203,218,643,51,564,519,1001,1120,1885
486,678,445,1464,1431,1650,1941,2011,1109,1251,217,667,101,614,554,1012,1141,1846
487,692,418,1495,1459,1681,1971,2039,1138,1259,247,641,108,612,533,1042,1168,1867
488,630,471,1421,1409,1614,1911,1989,1079,1209,172,691,76,587,565,962,1088,1842
489,615,468,1418,1413,1614,1912,1993,1082,1194,170,688,65,572,558,955,1078,1851
490,584,524,1357,1365,1556,1858,1944,1029,1174,111,741,108,578,603,894,1020,1819
491,566,570,1308,1325,1509,1813,1904,986,1162,67,786,153,589,643,845,975,1791
492,571,466,1408,1426,1613,1917,2006,1089,1149,170,681,49,531,542,933,1050,1878
493,649,516,1386,1361,1574,1866,1941,1035,1236,141,738,124,628,614,939,1074,1793
494,651,544,1361,1333,1546,1838,1913,1006,1242,119,766,148,644,641,918,1057,1768
495,634,522,1375,1357,1565,1859,1937,1028,1222,127,743,121,618,615,924,1058,1795
496,742,521,1430,1360,1601,1881,1939,1048,1326,211,744,189,703,642,1006,1151,1758
497,800,487,1503,1410,1667,1940,1989,1108,1375,288,707,225,732,624,1084,1229,1782
498,859,621,1423,1288,1567,1828,1865,999,1451,290,841,322,837,757,1043,1208,1648
499,916,707,1388,1218,1515,1765,1792,942,1515,334,925,403,916,845,1039,1216,1562
500,750,950,976,941,1140,1430,1518,600,1343,320,1169,536,914,1029,628,826,1448
501,734,930,992,962,1159,1451,1540,621,1328,298,1148,515,893,1007,634,828,1468
502,740,939,984,953,1151,1442,1531,612,1334,307,1157,524,901,1017,630,825,1460
503,739,942,980,951,1147,1439,1529,610,1332,310,1160,527,902,1019,625,821,1460
504,806,905,1067,971,1211,1486,1552,653,1407,300,1127,503,930,1000,736,932,1432
505,820,967,1002,912,1145,1421,1492,588,1416,350,1188,560,968,1057,689,893,1392
506,750,871,1071,1010,1230,1513,1589,681,1352,252,1091,462,877,959,711,900,1484
507,742,866,1071,1015,1232,1518,1595,685,1343,246,1086,457,869,953,707,895,1492
508,748,998,917,906,1087,1383,1481,557,1332,363,1215,582,934,1070,573,776,1436
510,872,1044,944,835,1074,1346,1415,512,1460,426,1265,637,1036,1134,671,884,1325
511,887,1069,924,810,1050,1320,1390,487,1472,450,1290,662,1056,1158,663,879,1305
512,907,1043,976,833,1093,1355,1413,524,1499,437,1265,643,1058,1140,716,931,1301
513,876,1000,1005,876,1131,1396,1456,564,1471,395,1222,600,1020,1097,722,932,1340
514,817,1006,950,878,1097,1378,1457,545,1406,381,1226,595,983,1090,643,851,1379
515,808,1041,898,852,1052,1339,1428,509,1390,410,1260,627,992,1119,593,804,1375
516,772,1042,874,866,1042,1339,1439,514,1349,408,1259,626,969,1113,548,757,1407
520,692,790,1129,1093,1302,1592,1672,760,1297,169,1010,379,799,876,736,910,1565
521,759,829,1124,1048,1279,1559,1628,726,1363,227,1051,427,863,924,761,945,1504
522,681,839,1070,1053,1247,1542,1630,713,1283,207,1057,424,814,917,678,856,1545
523,687,840,1071,1050,1247,1541,1628,711,1289,209,1059,426,819,919,682,861,1541
524,690,836,1077,1053,1252,1545,1631,715,1292,206,1055,422,819,916,688,867,1541
525,665,889,1006,1018,1191,1493,1593,669,1260,254,1105,472,828,958,611,793,1535
526,619,839,1047,1074,1240,1546,1649,724,1219,205,1053,421,772,904,627,797,1589
527,644,796,1101,1099,1286,1585,1676,757,1248,162,1014,380,769,871,690,859,1591
528,632,787,1107,1110,1294,1594,1688,767,1236,153,1004,371,755,860,689,855,1605
530,689,647,1278,1230,1452,1739,1810,906,1291,105,869,251,726,746,863,1019,1666
531,654,648,1261,1232,1442,1734,1812,902,1257,69,869,241,700,738,834,987,1682
532,666,638,1276,1240,1455,1745,1820,913,1267,82,859,236,704,732,852,1004,1684
534,642,633,1271,1248,1455,1749,1828,917,1243,58,853,224,683,721,839,988,1700
535,687,717,1206,1162,1379,1667,1742,834,1292,118,938,311,759,808,800,965,1616
537,694,711,1215,1167,1387,1674,1747,841,1299,121,932,308,761,805,811,976,1616
538,713,779,1152,1100,1319,1605,1680,773,1318,170,1000,373,807,870,764,939,1560
539,728,712,1233,1165,1397,1678,1745,845,1333,150,934,318,786,813,840,1008,1600
540,889,863,1187,1026,1310,1565,1604,738,1495,328,1085,492,967,978,873,1068,1424
541,780,651,1330,1232,1486,1759,1811,926,1379,198,873,292,794,768,940,1104,1632
542,754,619,1344,1261,1506,1783,1840,950,1351,178,842,257,760,734,941,1100,1666
543,763,641,1329,1240,1488,1763,1819,930,1362,182,864,276,777,756,932,1094,1645
544,814,730,1273,1154,1417,1684,1733,853,1417,230,953,364,855,846,907,1083,1555
545,878,737,1320,1166,1451,1707,1742,880,1481,294,958,399,903,865,971,1151,1535
546,778,789,1183,1088,1334,1608,1668,775,1384,217,1011,397,858,892,819,1000,1521
547,852,817,1208,1069,1341,1602,1647,772,1458,284,1039,444,922,931,872,1061,1472
548,924,833,1255,1073,1371,1619,1648,796,1529,347,1054,484,977,958,941,1133,1441
549,749,667,1292,1211,1453,1731,1790,898,1350,164,890,289,779,777,897,1061,1627
550,899,893,1160,995,1279,1533,1572,706,1504,347,1115,518,987,1007,856,1055,1398
551,904,897,1159,991,1277,1530,1568,704,1509,352,1120,523,993,1012,858,1057,1393
553,912,912,1149,976,1264,1516,1554,690,1517,364,1135,537,1005,1027,854,1055,1378
554,906,903,1155,986,1272,1525,1563,699,1511,356,1125,528,997,1017,856,1056,1388
556,1003,820,1354,1132,1456,1690,1700,878,1606,419,1037,515,1024,961,1050,1242,1450
557,1022,896,1286,1048,1378,1607,1615,799,1628,445,1115,570,1071,1031,1009,1209,1373
558,983,861,1284,1068,1387,1623,1639,809,1588,404,1080,529,1029,993,989,1186,1409
559,820,856,1136,1021,1276,1545,1601,713,1424,277,1078,464,917,959,799,991,1456
560,871,932,1087,946,1213,1474,1526,644,1473,349,1155,541,986,1036,785,987,1382
561,923,1021,1021,857,1132,1388,1436,559,1519,429,1244,628,1060,1124,760,973,1302
562,976,1013,1086,878,1182,1423,1454,604,1577,452,1236,635,1091,1126,839,1051,1282
563,979,962,1155,941,1252,1491,1515,674,1583,430,1184,597,1071,1082,892,1099,1319
564,1024,967,1200,957,1286,1514,1527,707,1629,465,1188,618,1103,1094,947,1155,1305
565,1089,1050,1172,888,1238,1452,1454,659,1692,541,1270,700,1181,1178,959,1175,1222
566,1096,982,1270,987,1341,1554,1548,762,1702,525,1199,658,1156,1119,1032,1241,1288
567,1179,1077,1258,924,1304,1498,1476,730,1784,616,1294,755,1251,1216,1065,1281,1194
570,950,1089,957,788,1061,1316,1368,488,1539,486,1311,690,1106,1187,727,946,1253
571,946,1076,970,801,1075,1330,1381,502,1536,475,1299,679,1098,1176,734,952,1261
572,1026,1088,1042,805,1122,1355,1381,543,1622,520,1310,708,1156,1200,834,1053,1211
573,1021,1157,938,722,1020,1260,1301,441,1607,560,1380,763,1182,1259,756,980,1177
574,1107,1171,1026,735,1080,1295,1307,503,1700,608,1393,795,1243,1286,868,1093,1123
575,1107,1260,893,622,945,1169,1200,366,1685,664,1483,867,1281,1363,779,1009,1080
576,1224,1310,987,614,999,1185,1177,437,1809,745,1532,935,1377,1426,911,1142,985
577,1238,1394,873,501,875,1066,1073,319,1807,803,1617,1005,1419,1501,850,1082,943
580,1116,1100,1140,839,1196,1405,1403,619,1717,579,1320,745,1220,1226,951,1171,1174
581,1112,1080,1161,863,1220,1429,1427,642,1715,568,1300,730,1209,1208,964,1182,1192
582,1200,1124,1224,875,1261,1449,1425,690,1803,645,1341,793,1283,1260,1052,1272,1146
583,1263,1207,1202,812,1218,1390,1353,657,1864,719,1424,874,1359,1343,1071,1295,1063
584,1179,1179,1115,773,1150,1344,1331,579,1777,653,1400,824,1294,1305,968,1193,1094
585,1248,1272,1082,693,1092,1269,1245,534,1841,737,1492,913,1376,1397,986,1214,1003
586,1321,1370,1051,610,1033,1189,1152,495,1908,826,1591,1008,1463,1494,1008,1239,908
587,1341,1313,1172,730,1159,1310,1257,618,1938,812,1531,975,1453,1448,1094,1323,956
588,1406,1402,1149,664,1112,1243,1177,594,1999,890,1620,1058,1531,1535,1116,1347,868
590,1532,1654,977,383,869,954,876,462,2096,1087,1875,1280,1712,1772,1094,1323,648
591,1519,1639,974,388,871,961,887,454,2083,1072,1861,1265,1697,1757,1083,1313,663
592,1464,1477,1135,612,1076,1189,1110,584,2052,959,1696,1131,1598,1609,1141,1373,792
593,1411,1497,1007,500,951,1080,1027,457,1988,941,1718,1128,1572,1618,1036,1268,790
594,1690,1758,1126,480,983,1009,872,630,2261,1220,1978,1403,1854,1887,1266,1495,513
595,1646,1682,1160,541,1040,1088,961,641,2225,1158,1900,1335,1796,1814,1259,1490,587
596,1693,1800,1064,403,907,926,793,589,2254,1244,2020,1434,1872,1923,1236,1462,488
597,1667,1801,1004,343,846,873,755,540,2221,1233,2022,1428,1855,1920,1190,1415,509
598,1797,1897,1124,443,939,917,749,676,2356,1347,2117,1535,1975,2022,1327,1552,384
599,1844,1904,1215,536,1033,1003,817,754,2412,1374,2122,1554,2008,2036,1401,1627,365
600,606,646,1244,1243,1436,1735,1822,906,1209,22,864,231,663,725,803,948,1710
601,597,654,1233,1238,1427,1727,1816,899,1200,21,871,238,661,731,790,935,1709
602,597,638,1250,1253,1443,1743,1832,915,1199,12,855,222,652,715,804,948,1721
603,586,641,1243,1252,1439,1740,1831,913,1189,6,858,224,646,716,795,937,1725
604,571,651,1229,1248,1428,1732,1826,906,1175,23,866,234,639,721,777,918,1728
605,586,655,1229,1240,1425,1727,1818,899,1190,20,872,238,653,729,782,926,1715
606,585,635,1249,1259,1445,1747,1837,919,1187,0,852,218,641,710,799,941,1730
607,594,641,1246,1251,1440,1740,1829,912,1197,10,858,225,651,717,800,943,1721
608,575,639,1242,1258,1440,1743,1836,917,1178,11,855,222,636,711,790,930,1733
609,527,665,1206,1252,1415,1725,1828,904,1132,69,877,250,614,724,741,876,1747
610,642,725,1176,1162,1360,1656,1741,826,1247,98,944,311,731,806,756,917,1635
611,636,701,1199,1185,1384,1680,1764,850,1241,77,920,287,714,783,774,931,1654
612,624,780,1112,1119,1301,1602,1696,775,1228,145,996,363,746,852,690,854,1614
613,581,720,1162,1184,1359,1664,1761,839,1187,87,935,303,684,788,719,870,1676
614,587,788,1092,1126,1291,1598,1701,776,1190,157,1002,371,724,851,657,816,1635
615,557,755,1120,1165,1324,1634,1740,814,1161,131,967,339,686,814,671,821,1674
616,556,753,1122,1167,1327,1637,1742,816,1160,129,965,336,684,812,672,822,1676
617,527,726,1145,1202,1355,1668,1776,849,1132,117,936,311,648,781,684,825,1712
618,482,694,1174,1249,1392,1709,1822,895,1088,124,900,286,597,740,695,823,1763
619,454,712,1155,1250,1380,1701,1820,892,1060,159,916,311,587,751,668,791,1775
620,475,819,1049,1166,1277,1602,1731,802,1071,238,1021,415,663,854,567,703,1714
622,448,825,1045,1180,1279,1608,1743,815,1042,260,1024,427,648,854,551,681,1736
623,567,841,1032,1098,1240,1554,1669,740,1164,218,1051,425,737,894,589,750,1630
624,419,728,1142,1260,1374,1700,1827,898,1024,198,927,336,571,758,643,759,1796
625,487,749,1118,1204,1338,1657,1775,846,1091,164,956,342,632,793,642,777,1731
626,518,790,1078,1158,1294,1611,1728,800,1119,185,998,379,677,838,615,760,1688
627,505,776,1092,1175,1310,1628,1745,817,1107,177,983,366,660,822,623,764,1704
628,396,776,1099,1244,1340,1671,1807,879,996,252,971,390,584,797,591,703,1797
629,370,813,1070,1244,1320,1656,1801,876,963,302,1003,436,588,825,551,655,1811
630,475,852,1016,1148,1248,1576,1710,782,1065,272,1053,450,681,884,531,669,1706
631,471,842,1026,1156,1258,1586,1718,790,1063,264,1043,440,673,874,540,677,1712
633,497,857,1010,1130,1237,1563,1694,765,1088,266,1060,451,698,894,534,679,1685
634,589,879,995,1061,1201,1516,1631,703,1181,254,1090,463,771,933,562,730,1600
635,630,914,968,1017,1165,1476,1588,660,1220,283,1126,497,816,972,555,734,1555
636,442,885,989,1158,1234,1569,1714,790,1022,326,1080,492,676,906,486,614,1734
637,386,856,1028,1214,1280,1619,1768,845,970,332,1046,475,623,868,509,617,1790
638,361,890,1008,1226,1271,1614,1774,856,931,385,1075,520,625,893,475,570,1816
639,407,914,973,1181,1230,1572,1729,810,973,381,1103,533,667,924,450,562,1771
640,663,1028,847,939,1053,1373,1500,572,1228,402,1238,613,890,1078,448,643,1513
641,675,1039,838,926,1042,1360,1487,559,1238,411,1250,623,903,1090,446,644,1501
644,714,1021,873,909,1058,1366,1478,549,1289,387,1235,604,921,1083,509,711,1462
645,710,1037,852,903,1042,1353,1470,541,1280,404,1250,619,926,1096,486,689,1465
646,660,970,913,968,1109,1421,1536,608,1240,339,1183,553,862,1028,515,705,1519
647,628,1047,821,960,1044,1373,1514,591,1180,432,1253,636,876,1087,392,582,1552
648,608,1091,777,975,1020,1358,1517,605,1137,492,1292,686,881,1120,317,503,1589
650,546,945,922,1056,1150,1478,1615,688,1119,343,1149,537,775,982,459,622,1629
651,543,933,934,1062,1161,1488,1623,696,1120,330,1137,525,767,971,472,633,1633
652,576,930,939,1041,1156,1478,1605,676,1157,314,1137,517,787,975,496,666,1601
653,603,984,886,999,1103,1427,1560,632,1172,367,1191,571,830,1027,451,631,1573
654,497,938,932,1097,1172,1506,1652,728,1066,357,1137,538,738,965,444,590,1679
655,506,954,916,1086,1157,1491,1639,716,1070,371,1153,554,752,981,429,579,1671
656,548,1035,837,1035,1083,1423,1579,664,1089,448,1233,634,817,1059,352,516,1640
657,542,1025,846,1042,1092,1431,1587,671,1086,438,1223,624,809,1049,361,523,1644
658,555,1032,838,1029,1082,1420,1574,658,1099,441,1231,630,820,1058,359,526,1631
660,693,1067,810,903,1014,1333,1463,535,1250,439,1278,651,927,1118,429,632,1485
661,679,1043,834,921,1038,1356,1483,555,1242,415,1254,627,908,1095,445,644,1497
662,677,1048,829,921,1034,1353,1482,554,1238,421,1258,632,908,1098,437,636,1500
664,755,1107,784,843,971,1283,1405,477,1311,474,1321,690,986,1165,449,663,1422
665,759,1116,776,837,963,1276,1399,471,1313,483,1329,699,992,1173,443,658,1420
666,727,1096,787,868,984,1300,1428,501,1281,466,1308,680,962,1150,429,639,1452
667,656,1107,760,928,989,1323,1473,557,1190,494,1312,697,920,1144,337,537,1536
668,745,1151,727,841,931,1254,1393,470,1282,523,1361,736,997,1200,378,595,1444
669,848,1183,736,750,899,1201,1315,386,1398,548,1399,766,1079,1248,476,702,1332
670,780,1223,651,804,864,1193,1345,434,1296,598,1431,809,1050,1267,325,552,1430
671,791,1232,644,794,854,1184,1334,424,1305,606,1440,817,1060,1276,328,556,1421
672,776,1215,660,808,872,1201,1350,438,1294,589,1423,800,1043,1259,332,557,1431
673,684,1152,715,901,948,1284,1441,531,1204,539,1356,742,956,1187,303,512,1521
674,821,1198,700,766,881,1195,1323,397,1358,564,1411,780,1066,1255,418,644,1367
675,846,1259,632,738,821,1142,1283,367,1365,627,1470,842,1107,1311,375,606,1360
676,920,1278,654,667,805,1106,1226,298,1452,643,1494,861,1164,1342,466,698,1273
677,1001,1358,606,583,731,1024,1141,214,1525,723,1574,941,1249,1425,503,734,1201
678,957,1379,531,633,700,1020,1167,267,1456,746,1591,962,1227,1433,402,633,1280
679,977,1425,475,626,656,983,1144,273,1459,794,1636,1009,1258,1475,382,608,1288
680,838,1080,869,813,1015,1301,1389,470,1415,450,1299,667,1029,1159,586,803,1342
681,819,1067,874,830,1026,1314,1405,484,1397,435,1285,652,1011,1143,578,793,1360
683,827,1122,805,791,964,1259,1362,436,1391,487,1339,705,1039,1192,522,742,1349
684,825,1112,817,798,974,1269,1370,444,1392,478,1330,696,1034,1183,531,750,1351
685,833,1109,827,796,980,1272,1369,444,1402,476,1327,694,1038,1182,546,765,1343
686,897,1143,831,747,962,1240,1324,408,1468,514,1362,730,1095,1223,595,818,1280
687,931,1132,877,747,992,1258,1327,426,1510,512,1353,725,1112,1221,654,877,1252
688,936,1209,770,687,894,1173,1261,341,1495,579,1428,796,1147,1287,573,801,1240
689,915,1224,731,689,868,1157,1259,332,1466,590,1441,808,1140,1296,525,755,1263
690,1010,1324,670,586,778,1057,1155,228,1549,691,1542,909,1242,1398,556,788,1176
691,1073,1348,708,540,782,1040,1116,208,1620,722,1568,937,1293,1431,631,863,1107
692,1068,1270,826,606,894,1136,1186,315,1637,658,1492,868,1259,1364,707,938,1109
693,1173,1413,739,464,768,995,1044,193,1723,796,1635,1008,1384,1505,725,957,1005
700,434,1223,974,1427,1300,1669,1900,1076,672,834,1362,928,783,1167,444,314,2090
701,430,1220,979,1432,1305,1674,1905,1080,667,833,1359,926,779,1163,449,320,2094
703,476,1262,943,1412,1272,1641,1877,1064,698,861,1403,962,825,1208,424,278,2079
704,412,1195,968,1407,1292,1660,1887,1053,686,799,1337,895,763,1142,429,318,2066
705,517,1281,859,1327,1187,1556,1791,982,784,840,1433,959,869,1239,338,203,1997
706,574,1324,791,1271,1120,1489,1727,932,850,857,1482,988,927,1288,281,137,1946
707,459,1231,912,1362,1237,1605,1835,1011,738,810,1379,919,812,1185,378,262,2025
708,462,1233,911,1362,1236,1605,1835,1011,738,812,1382,921,814,1187,378,260,2026
710,539,1229,760,1165,1070,1435,1650,811,926,721,1402,870,881,1212,198,220,1826
711,553,1241,745,1154,1056,1421,1637,802,937,729,1414,880,895,1225,184,212,1817
712,460,1171,840,1233,1150,1514,1726,874,854,692,1337,825,806,1146,278,271,1886
713,490,1232,841,1276,1161,1529,1753,925,819,771,1391,898,841,1198,296,219,1940
714,524,1251,798,1234,1117,1485,1709,885,863,772,1415,907,873,1223,252,192,1900
716,434,1095,859,1194,1153,1512,1707,829,895,596,1269,737,764,1081,297,353,1832
717,490,1160,802,1165,1101,1463,1666,804,921,649,1334,797,825,1146,237,293,1814
718,544,1190,748,1106,1044,1405,1607,747,979,656,1370,817,874,1184,186,287,1758
719,514,1135,785,1107,1072,1429,1620,743,980,598,1318,759,834,1134,233,345,1748
720,452,1063,855,1149,1136,1490,1673,781,948,538,1245,691,764,1061,306,403,1777
721,456,1069,850,1147,1131,1486,1670,779,950,542,1250,696,769,1066,300,398,1775
722,461,1079,843,1145,1126,1481,1666,778,949,553,1260,707,777,1075,291,388,1777
723,362,978,950,1227,1230,1582,1759,857,888,487,1156,620,669,969,399,470,1841
724,391,954,949,1193,1218,1565,1733,822,937,438,1138,583,677,956,412,508,1797
725,449,1007,888,1136,1155,1503,1672,765,980,466,1194,626,739,1013,358,475,1748
726,511,1049,834,1075,1096,1442,1611,705,1035,485,1241,659,799,1063,320,464,1691
727,580,1109,767,1010,1025,1371,1542,640,1091,526,1304,712,869,1128,274,447,1634
728,516,1098,800,1084,1075,1427,1608,716,1011,546,1286,714,822,1105,266,400,1714
729,578,1147,741,1025,1013,1364,1546,659,1065,576,1338,755,883,1159,224,390,1662
730,764,1304,566,860,827,1178,1365,504,1226,700,1503,899,1068,1329,176,407,1518
731,759,1296,574,861,833,1183,1369,504,1224,692,1495,890,1062,1321,181,412,1518
734,729,1319,572,930,857,1216,1419,582,1160,735,1512,923,1048,1332,91,320,1597
735,818,1380,494,842,768,1125,1326,501,1251,779,1578,977,1131,1402,152,380,1515
736,855,1382,486,780,736,1087,1276,434,1309,768,1584,972,1158,1412,220,448,1449
737,797,1290,578,805,812,1154,1325,442,1282,672,1494,879,1085,1325,252,484,1453
738,875,1358,515,733,736,1076,1247,376,1353,734,1564,944,1164,1398,288,518,1391
739,985,1447,448,628,636,969,1137,283,1459,817,1657,1031,1271,1495,371,593,1296
740,691,1204,664,905,914,1258,1430,538,1186,601,1404,799,982,1232,234,448,1542
741,677,1197,673,919,925,1271,1444,553,1171,596,1396,792,970,1222,229,439,1557
743,635,1139,731,953,979,1321,1487,583,1147,540,1338,734,918,1165,273,469,1578
744,644,1188,688,959,951,1300,1479,593,1130,599,1384,789,944,1208,208,407,1599
745,658,1240,650,972,928,1284,1477,613,1113,661,1431,845,971,1252,141,343,1626
746,749,1236,631,844,866,1206,1372,477,1247,621,1440,826,1033,1271,261,486,1482
747,654,1263,642,998,932,1291,1493,644,1089,695,1451,874,977,1269,105,298,1658
748,712,1269,608,911,876,1229,1418,553,1174,675,1465,868,1020,1289,156,379,1567
749,605,1171,715,1002,986,1338,1520,637,1086,594,1363,777,910,1184,205,384,1643
750,727,1364,565,990,872,1237,1457,653,1115,799,1550,978,1060,1366,0,232,1666
751,717,1365,577,1012,887,1253,1476,676,1096,807,1549,982,1053,1364,22,210,1689
752,726,1366,567,995,875,1240,1461,659,1111,802,1551,980,1060,1367,6,226,1672
753,727,1367,566,996,874,1240,1461,660,1111,804,1553,982,1061,1369,7,225,1672
754,668,1305,624,1022,926,1290,1503,676,1072,747,1489,921,999,1305,62,241,1691
755,572,1226,720,1099,1021,1384,1591,743,988,691,1405,853,905,1219,156,254,1757
756,609,1285,688,1107,999,1365,1584,760,989,756,1462,916,950,1274,128,191,1775
757,648,1321,651,1085,964,1331,1554,742,1019,784,1499,949,989,1312,97,175,1757
758,679,1371,636,1107,959,1327,1560,774,1014,843,1546,1004,1025,1357,121,118,1786
759,613,1323,707,1166,1029,1397,1628,826,945,815,1492,966,961,1302,176,125,1840
760,749,1387,544,982,854,1220,1443,649,1129,821,1573,1000,1083,1389,23,230,1661
761,751,1389,541,978,850,1216,1439,646,1133,821,1575,1001,1085,1391,25,233,1657
762,743,1367,549,964,852,1216,1433,626,1139,795,1555,977,1073,1373,27,258,1639
763,820,1407,478,869,767,1129,1340,537,1233,813,1602,1007,1141,1424,121,340,1548
764,817,1447,476,936,788,1155,1384,616,1190,870,1635,1056,1150,1453,90,261,1621
765,794,1473,527,1040,855,1224,1468,727,1115,923,1652,1096,1139,1465,130,158,1728
766,755,1424,552,1033,873,1242,1477,709,1099,873,1605,1046,1097,1418,82,167,1717
767,761,1434,549,1038,872,1241,1479,717,1099,884,1614,1057,1104,1428,94,160,1723
768,880,1533,429,956,757,1126,1372,659,1213,962,1718,1145,1220,1534,169,252,1648
769,957,1597,351,904,681,1050,1302,628,1289,1014,1785,1203,1295,1603,237,324,1599
770,708,1441,670,1196,1004,1374,1624,876,968,941,1606,1090,1060,1414,232,0,1882
772,710,1442,667,1193,1001,1371,1621,873,971,940,1607,1089,1062,1415,229,3,1879
773,698,1425,665,1181,998,1367,1614,857,973,919,1591,1070,1049,1399,211,23,1865
774,726,1458,657,1190,991,1361,1613,873,982,954,1624,1105,1078,1432,234,18,1877
775,701,1440,687,1215,1022,1391,1642,894,951,945,1603,1091,1053,1410,249,19,1901
776,624,1368,746,1243,1077,1446,1689,910,893,888,1529,1026,977,1336,257,86,1923
777,631,1373,739,1238,1070,1439,1682,906,900,890,1534,1030,983,1341,252,79,1918
778,735,1440,604,1116,935,1304,1549,796,1035,914,1613,1075,1084,1423,160,80,1802
779,817,1547,598,1171,937,1304,1568,872,1050,1033,1714,1189,1169,1522,271,109,1864
780,940,1654,493,1108,832,1196,1471,838,1173,1116,1827,1284,1291,1637,322,233,1804
781,868,1578,522,1103,861,1228,1493,814,1124,1042,1751,1209,1218,1561,254,166,1797
782,886,1590,500,1084,838,1206,1471,799,1146,1050,1765,1219,1236,1576,256,187,1779
783,895,1635,593,1203,931,1294,1571,923,1086,1124,1799,1280,1247,1607,355,194,1899
784,880,1623,608,1215,947,1310,1586,931,1069,1116,1786,1270,1232,1594,353,182,1910
785,969,1727,641,1282,975,1330,1620,1018,1102,1230,1885,1381,1321,1692,466,291,1978
786,828,1523,522,1070,857,1226,1480,769,1116,981,1699,1150,1176,1511,190,148,1762
787,822,1518,526,1071,860,1230,1483,769,1112,976,1693,1145,1170,1505,186,144,1763
788,979,1672,423,1042,762,1127,1401,782,1236,1118,1851,1294,1328,1663,318,281,1738
789,782,1496,584,1128,920,1289,1543,819,1054,971,1667,1132,1132,1477,205,87,1818
790,990,1504,368,675,601,952,1148,360,1428,881,1709,1091,1293,1541,317,524,1358
791,1000,1517,356,670,590,941,1140,360,1436,894,1722,1104,1305,1553,324,527,1356
792,931,1487,382,764,654,1014,1224,449,1348,876,1687,1079,1246,1513,234,434,1449
793,1023,1591,279,735,566,931,1159,460,1415,979,1791,1183,1344,1617,306,470,1429
794,1008,1575,295,741,580,945,1170,459,1403,964,1775,1167,1328,1601,293,462,1434
795,924,1532,368,850,678,1046,1279,553,1297,938,1725,1133,1254,1546,198,350,1541
796,897,1517,396,884,711,1079,1314,582,1263,930,1708,1121,1229,1527,170,315,1574
797,1047,1656,249,812,574,944,1196,561,1395,1057,1851,1255,1379,1672,320,431,1508
798,1239,1837,76,754,414,779,1056,591,1569,1227,2035,1430,1571,1859,512,601,1440
799,1292,1867,0,689,339,706,980,556,1638,1249,2069,1457,1619,1895,565,670,1371
800,1212,1549,556,372,581,834,930,1,1723,918,1768,1136,1462,1626,653,876,1016
801,1210,1551,549,373,576,831,929,6,1719,920,1771,1137,1461,1627,648,871,1020
802,1213,1550,556,371,580,833,929,0,1723,919,1770,1137,1462,1627,653,876,1015
803,1215,1552,555,369,578,832,927,2,1725,921,1771,1138,1464,1628,655,877,1014
804,1244,1578,556,340,562,807,898,31,1753,948,1798,1165,1494,1656,679,900,988
805,1228,1541,599,359,610,848,927,45,1748,913,1761,1130,1470,1622,688,913,984
806,1208,1527,592,378,614,860,944,37,1727,898,1747,1115,1451,1607,669,894,1005
807,1136,1449,620,454,676,935,1023,102,1664,820,1669,1037,1374,1528,626,856,1063
808,1146,1510,524,439,592,871,987,74,1651,876,1727,1094,1403,1580,580,804,1089
809,1190,1560,497,399,545,820,939,62,1687,926,1778,1144,1451,1630,605,824,1062
810,1147,1546,456,451,542,838,976,121,1634,911,1762,1129,1416,1610,545,763,1121
811,1260,1674,392,375,419,711,862,173,1727,1039,1890,1257,1538,1737,620,822,1066
812,1250,1630,465,350,481,751,874,101,1737,996,1848,1214,1516,1700,642,854,1029
813,1359,1769,396,309,342,613,763,238,1820,1134,1986,1353,1638,1835,708,900,1004
814,1352,1730,463,268,407,651,770,183,1831,1097,1949,1315,1621,1802,726,929,961
815,1391,1744,517,212,432,643,738,195,1879,1114,1964,1331,1652,1822,779,985,903
816,1326,1663,545,260,502,726,812,117,1827,1034,1883,1251,1579,1742,740,954,929
820,1232,1513,657,370,662,886,947,102,1763,890,1734,1105,1461,1600,722,949,963
821,1588,1755,916,274,773,834,753,446,2136,1173,1978,1373,1787,1868,1097,1321,590
822,1239,1478,732,398,731,939,978,176,1784,864,1700,1075,1453,1572,768,998,942
823,1355,1622,681,254,622,802,834,173,1883,1005,1844,1218,1584,1714,826,1049,847
824,1483,1651,881,308,780,887,839,372,2036,1065,1873,1266,1679,1761,1013,1240,693
825,1452,1672,781,230,682,809,793,290,1990,1069,1895,1277,1666,1774,942,1166,736
826,1342,1562,766,322,717,888,898,227,1887,956,1784,1164,1553,1661,859,1087,839
827,1317,1481,862,426,831,999,991,309,1880,890,1703,1092,1505,1588,895,1126,860
828,1414,1568,892,374,822,954,920,355,1974,985,1790,1184,1602,1679,974,1204,763
829,1496,1761,711,120,578,696,696,292,2015,1148,1984,1359,1729,1856,939,1155,728
830,1567,1772,844,201,698,769,711,396,2105,1176,1994,1381,1779,1878,1049,1270,622
831,1548,1787,775,133,626,711,678,354,2074,1182,2010,1390,1773,1888,1004,1222,662
832,1639,1864,835,151,652,687,615,444,2165,1265,2087,1471,1861,1968,1092,1307,576
833,1728,1955,872,187,657,641,535,525,2248,1357,2178,1563,1952,2060,1166,1377,510
834,1635,1834,878,205,708,746,661,456,2170,1242,2056,1446,1847,1942,1109,1328,559
835,1893,2018,1136,447,917,848,647,737,2441,1460,2238,1651,2083,2141,1390,1609,284
836,1846,2045,987,309,749,676,503,649,2372,1458,2267,1660,2063,2156,1292,1502,387
837,1837,2039,976,298,739,669,502,639,2362,1451,2262,1654,2055,2150,1281,1491,398
838,1926,2012,1219,531,1009,940,728,797,2485,1472,2231,1657,2102,2141,1450,1673,259
840,1576,1871,681,9,498,581,586,363,2077,1253,2093,1466,1821,1962,982,1188,704
841,1584,1876,689,0,503,580,580,371,2085,1259,2098,1472,1828,1968,990,1196,696
843,1598,1863,747,63,566,628,597,389,2112,1252,2085,1463,1833,1960,1025,1236,649
844,1592,1871,717,30,533,601,586,380,2099,1257,2093,1469,1832,1965,1008,1216,672
845,1489,1845,534,155,380,549,637,297,1967,1215,2065,1432,1753,1923,860,1057,848
846,1568,1882,644,48,457,551,577,358,2062,1260,2104,1475,1820,1970,961,1163,736
847,1626,2007,549,224,293,385,496,457,2081,1376,2226,1593,1901,2083,966,1146,832
850,1593,2084,348,499,9,361,637,581,1978,1450,2296,1666,1901,2136,880,1013,1106
851,1582,2090,319,543,41,387,675,604,1955,1457,2301,1673,1895,2138,864,988,1153
852,1585,2079,339,503,0,369,646,580,1970,1445,2291,1662,1894,2131,872,1004,1113
853,1618,2106,372,501,34,336,615,599,2003,1472,2319,1689,1926,2160,905,1038,1096
855,1504,2008,262,511,82,451,718,532,1888,1375,2219,1591,1815,2056,790,923,1152
856,1526,2068,239,624,143,479,779,631,1875,1440,2275,1653,1847,2107,801,907,1254
857,1545,2073,268,586,98,441,736,614,1906,1442,2282,1657,1863,2116,823,938,1210
859,1468,1956,265,463,123,476,721,471,1867,1323,2168,1539,1774,2008,761,907,1120
860,1541,1989,382,367,140,403,614,460,1962,1354,2204,1572,1836,2050,850,1010,1006
863,1592,2056,386,425,80,350,594,533,1997,1421,2271,1639,1893,2114,890,1037,1035
864,1705,2147,503,418,170,239,478,606,2116,1512,2364,1730,2000,2211,1007,1157,962
865,1431,1880,328,365,214,515,711,366,1861,1245,2095,1463,1725,1939,747,916,1043
870,1282,1767,230,479,315,660,871,335,1702,1134,1978,1350,1583,1816,588,758,1173
871,1274,1760,229,484,322,668,878,333,1694,1127,1971,1343,1575,1809,580,751,1178
873,1383,1846,284,405,236,560,765,354,1808,1211,2059,1428,1680,1901,694,863,1090
874,1362,1791,355,342,306,596,765,274,1811,1156,2007,1374,1648,1853,697,882,1036
875,1236,1706,276,470,373,708,901,280,1672,1073,1918,1289,1532,1757,557,740,1166
877,1235,1701,285,464,378,710,900,271,1673,1068,1913,1284,1529,1753,559,744,1160
878,1293,1806,160,537,293,654,889,406,1691,1177,2015,1390,1603,1849,583,735,1227
879,1274,1760,229,484,322,668,878,334,1695,1128,1971,1343,1576,1809,580,751,1178
880,1300,1785,226,474,296,642,855,346,1718,1153,1996,1368,1602,1835,605,772,1167
881,1261,1736,257,468,344,682,882,303,1690,1103,1948,1319,1559,1787,575,753,1164
882,1303,1779,248,454,300,638,845,328,1728,1146,1991,1362,1603,1831,613,785,1147
883,1290,1748,291,425,331,656,845,282,1728,1114,1962,1331,1583,1803,613,794,1120
884,1360,1789,357,340,309,598,766,271,1810,1154,2004,1372,1646,1851,696,881,1035
890,1752,2158,591,360,269,230,393,608,2183,1526,2377,1744,2037,2231,1070,1231,860
891,1748,2156,583,363,261,229,400,607,2178,1524,2375,1742,2034,2228,1064,1225,868
893,1750,2078,715,205,441,397,382,548,2226,1456,2299,1671,2010,2165,1114,1302,673
894,1964,2271,895,397,584,381,192,759,2438,1656,2493,1869,2221,2365,1326,1508,575
895,1994,2299,919,426,605,385,169,788,2467,1684,2521,1897,2250,2393,1354,1535,570
897,1994,2306,909,432,591,365,155,790,2464,1691,2529,1904,2253,2400,1350,1529,590
898,1786,2066,815,203,556,492,398,574,2282,1455,2289,1666,2031,2163,1179,1376,561
900,1942,2381,706,580,369,0,336,833,2339,1747,2598,1965,2239,2448,1237,1374,955
902,1944,2385,706,586,370,7,341,838,2339,1751,2602,1969,2242,2452,1239,1374,962
903,1945,2386,707,587,371,7,340,839,2341,1752,2603,1970,2243,2453,1240,1375,961
904,1950,2389,713,587,377,8,333,841,2347,1755,2606,1973,2247,2456,1245,1381,956
905,1945,2388,706,591,370,12,345,841,2340,1754,2605,1972,2244,2455,1240,1374,966
906,1928,2372,690,580,354,18,353,826,2323,1738,2589,1956,2227,2439,1223,1358,967
907,1938,2382,698,588,362,15,351,835,2332,1748,2599,1966,2237,2448,1232,1366,970
908,1937,2382,696,590,361,18,353,836,2331,1748,2599,1966,2237,2448,1231,1365,972
910,1930,2369,697,569,360,12,338,821,2329,1735,2587,1953,2228,2436,1227,1364,951
911,1932,2370,699,570,361,10,337,823,2331,1736,2588,1955,2230,2438,1229,1366,951
912,1939,2376,706,574,369,7,331,828,2338,1743,2594,1961,2236,2444,1236,1373,948
913,1955,2389,724,580,387,20,317,840,2356,1755,2607,1973,2252,2458,1253,1391,940
914,1948,2384,715,579,378,11,326,836,2347,1751,2602,1969,2245,2453,1245,1382,946
915,1942,2378,709,574,372,9,328,830,2341,1744,2596,1962,2239,2446,1239,1376,946
916,1946,2382,713,577,376,9,327,834,2345,1748,2600,1966,2243,2450,1243,1380,946
917,1917,2358,682,565,345,25,351,811,2314,1724,2575,1942,2215,2425,1212,1349,959
918,1932,2371,697,573,361,10,340,824,2330,1737,2589,1955,2230,2439,1228,1365,954
919,1886,2361,623,622,300,117,453,827,2261,1726,2576,1944,2193,2420,1171,1293,1060
920,1889,2357,632,606,304,96,432,819,2269,1722,2572,1940,2194,2417,1176,1302,1037
921,1892,2365,631,620,307,108,444,829,2268,1730,2580,1948,2199,2424,1178,1301,1053
922,1826,2288,580,546,246,126,441,750,2215,1653,2504,1871,2129,2349,1117,1249,1014
923,1882,2322,652,535,314,60,363,776,2282,1688,2540,1906,2179,2389,1179,1318,952
924,1886,2329,652,545,314,56,369,783,2283,1695,2546,1913,2184,2395,1181,1319,962
925,1886,2336,646,561,310,60,385,792,2280,1702,2553,1920,2187,2401,1180,1314,981
926,1919,2369,675,587,341,38,373,825,2310,1735,2586,1953,2220,2434,1211,1344,986
927,1921,2370,679,584,344,32,368,824,2313,1735,2587,1953,2221,2435,1214,1347,981
928,1920,2367,680,580,344,29,364,822,2314,1733,2584,1951,2220,2433,1214,1348,975
930,1986,2415,755,597,418,50,296,866,2387,1782,2634,2000,2281,2485,1284,1422,932
931,2016,2439,789,610,452,84,270,889,2420,1807,2658,2025,2310,2511,1316,1456,916
932,1980,2369,794,516,456,148,197,821,2407,1740,2590,1957,2263,2448,1295,1450,810
933,1970,2376,766,537,427,99,241,826,2387,1745,2595,1962,2258,2451,1278,1426,858
934,2057,2458,847,608,508,150,202,909,2472,1828,2678,2046,2345,2535,1364,1510,859
935,1925,2343,715,521,375,70,289,793,2338,1711,2562,1929,2217,2415,1230,1376,888
936,2001,2371,837,505,501,207,145,828,2439,1745,2592,1961,2279,2454,1325,1486,754
937,2002,2373,836,507,501,205,146,829,2440,1746,2594,1963,2280,2455,1326,1486,756
939,2108,2473,934,600,596,262,86,932,2544,1848,2694,2064,2385,2557,1431,1588,755
940,2130,2473,978,597,642,322,26,942,2577,1853,2695,2067,2401,2562,1462,1626,697
941,2140,2476,995,599,660,344,19,948,2590,1856,2698,2071,2408,2566,1475,1641,677
943,2127,2472,974,596,638,317,29,940,2573,1851,2694,2065,2398,2560,1458,1622,700
944,2136,2477,985,601,649,329,25,946,2583,1857,2699,2071,2406,2566,1468,1632,692
945,2121,2457,980,580,646,336,0,929,2572,1837,2679,2051,2389,2547,1457,1624,671
946,2132,2468,989,591,654,341,11,940,2583,1848,2690,2063,2400,2558,1468,1634,674
947,2133,2467,991,591,656,343,11,940,2584,1848,2689,2062,2401,2558,1469,1635,671
948,2134,2467,993,591,659,347,13,940,2585,1848,2689,2062,2401,2558,1470,1637,668
949,2147,2477,1009,601,675,362,29,952,2600,1859,2699,2073,2414,2568,1485,1652,661
950,2116,2467,956,592,620,296,47,932,2559,1845,2689,2060,2389,2554,1445,1606,717
951,2114,2462,959,587,623,303,37,928,2559,1841,2684,2055,2386,2550,1445,1608,707
952,2074,2410,941,533,610,319,48,881,2528,1790,2632,2004,2342,2500,1413,1582,661
953,2058,2403,914,528,581,286,67,870,2506,1781,2625,1996,2328,2491,1391,1557,690
954,2161,2475,1039,602,708,404,68,960,2621,1861,2698,2073,2423,2570,1506,1677,619
955,2215,2478,1151,633,829,552,219,1003,2698,1877,2701,2085,2460,2582,1587,1770,485
956,2081,2401,966,526,638,359,65,881,2542,1785,2623,1998,2343,2494,1427,1600,619
957,2073,2393,961,518,634,359,73,874,2535,1777,2615,1990,2336,2486,1420,1594,616
958,2084,2406,968,530,639,358,61,885,2545,1789,2628,2002,2347,2498,1430,1603,622
959,2090,2390,1000,521,677,413,112,884,2561,1778,2613,1990,2346,2487,1447,1625,563
960,2129,2396,1078,547,763,512,200,917,2615,1793,2618,2001,2374,2498,1504,1690,471
961,2024,2324,950,453,634,403,155,817,2498,1711,2546,1923,2279,2420,1385,1567,554
967,4491,4866,3219,2993,2907,2550,2414,3339,4843,4251,5089,4465,4786,4961,3777,3881,2695
968,4501,4866,3234,2994,2919,2560,2417,3343,4861,4253,5089,4466,4794,4962,3790,3897,2683
970,2167,2315,1282,631,1005,820,527,978,2700,1753,2536,1947,2371,2438,1619,1827,146
971,2196,2343,1305,658,1025,832,532,1006,2728,1782,2563,1976,2400,2466,1647,1854,150
972,2173,2319,1288,637,1011,825,531,983,2705,1758,2539,1951,2376,2442,1625,1833,143
973,2188,2351,1274,637,988,787,486,991,2714,1783,2572,1980,2398,2472,1627,1832,193
974,2189,2378,1236,621,941,724,415,983,2705,1801,2600,2000,2408,2494,1610,1810,266
975,2164,2389,1165,583,860,628,317,953,2667,1799,2611,2003,2396,2499,1563,1757,360
976,2092,2322,1104,512,805,597,310,881,2596,1730,2545,1935,2324,2431,1493,1689,364
977,2078,2265,1158,519,879,703,430,876,2599,1687,2487,1886,2295,2381,1510,1714,252
978,1973,2126,1140,463,893,778,547,791,2510,1559,2347,1754,2176,2246,1439,1653,233
979,1890,2084,1022,350,776,681,487,693,2416,1500,2306,1701,2106,2197,1335,1545,350
980,2176,2269,1371,696,1113,955,671,1015,2725,1730,2487,1916,2359,2400,1666,1882,0
981,2181,2273,1376,701,1117,958,673,1020,2730,1735,2491,1920,2364,2404,1672,1888,5
982,2189,2266,1407,728,1154,1000,717,1039,2743,1735,2483,1917,2367,2399,1692,1910,46
983,2191,2287,1379,706,1117,953,665,1028,2740,1748,2505,1934,2377,2418,1679,1894,19
984,2181,2283,1362,690,1100,936,649,1015,2728,1741,2502,1928,2369,2413,1665,1880,25
985,2205,2314,1369,703,1102,927,633,1033,2749,1769,2532,1956,2395,2442,1682,1895,55
986,2172,2312,1297,643,1022,840,548,986,2707,1754,2532,1946,2373,2436,1629,1838,126
988,2069,2158,1305,620,1066,945,689,921,2623,1619,2376,1804,2249,2288,1574,1793,112
989,2082,2200,1268,591,1015,875,611,913,2627,1649,2419,1838,2273,2326,1563,1778,105
990,1959,2045,1240,551,1022,941,718,826,2517,1506,2264,1690,2136,2175,1479,1701,225
991,1979,2067,1250,561,1028,938,709,843,2536,1527,2286,1712,2158,2197,1496,1717,204
992,1959,2045,1239,550,1022,940,718,826,2517,1506,2264,1690,2136,2175,1479,1701,225
993,2007,2134,1204,523,961,845,603,839,2551,1577,2354,1769,2200,2258,1490,1706,177
994,1918,2041,1156,467,933,854,643,761,2467,1484,2261,1675,2108,2164,1414,1634,258
995,3447,3244,2843,2160,2580,2363,2033,2435,4043,2898,3422,3018,3528,3413,3082,3309,1473
996,3524,3326,2902,2221,2633,2408,2076,2502,4119,2977,3504,3099,3607,3495,3150,3377,1530
997,3485,3202,2999,2310,2758,2572,2249,2552,4088,2917,3366,3016,3531,3377,3185,3416,1645
998,2870,2723,2270,1583,2024,1843,1526,1847,3462,2333,2915,2467,2969,2887,2493,2720,911
999,2741,2642,2092,1407,1840,1655,1338,1683,3326,2218,2841,2363,2858,2800,2333,2559,727
