semaine,jour_semaine,date,units_daily__expected_min,units_daily__expected_median,units_daily__expected_max,units_daily__optimistic_min,units_daily__optimistic_median,units_daily__optimistic_max,units_daily__conservative_min,units_daily__conservative_median,units_daily__conservative_max
1,1,2026-01-01,244.53296703296698,255.16483516483513,265.7967032967033,254.76923076923072,265.8461538461538,276.9230769230769,236.57142857142853,246.8571428571428,257.14285714285717
2,2,2026-01-02,244.53296703296698,255.16483516483513,265.7967032967033,254.76923076923072,265.8461538461538,276.9230769230769,236.57142857142853,246.8571428571428,257.14285714285717
3,3,2026-01-03,244.53296703296698,255.16483516483513,265.7967032967033,254.76923076923072,265.8461538461538,276.9230769230769,236.57142857142853,246.8571428571428,257.14285714285717
4,4,2026-01-04,244.53296703296698,255.16483516483513,265.7967032967033,254.76923076923072,265.8461538461538,276.9230769230769,236.57142857142853,246.8571428571428,257.14285714285717
5,5,2026-01-05,244.53296703296698,255.16483516483513,265.7967032967033,254.76923076923072,265.8461538461538,276.9230769230769,236.57142857142853,246.8571428571428,257.14285714285717
6,6,2026-01-06,244.53296703296698,255.16483516483513,265.7967032967033,254.76923076923072,265.8461538461538,276.9230769230769,236.57142857142853,246.8571428571428,257.14285714285717
7,7,2026-01-07,244.53296703296698,255.16483516483513,265.7967032967033,254.76923076923072,265.8461538461538,276.9230769230769,236.57142857142853,246.8571428571428,257.14285714285717
8,1,2026-01-08,244.53296703296698,255.16483516483513,265.7967032967033,254.76923076923072,265.8461538461538,276.9230769230769,236.57142857142853,246.8571428571428,257.14285714285717
9,2,2026-01-09,244.53296703296698,255.16483516483513,265.7967032967033,254.76923076923072,265.8461538461538,276.9230769230769,236.57142857142853,246.8571428571428,257.14285714285717
10,3,2026-01-10,244.53296703296698,255.16483516483513,265.7967032967033,254.76923076923072,265.8461538461538,276.9230769230769,236.57142857142853,246.8571428571428,257.14285714285717
11,4,2026-01-11,244.53296703296698,255.16483516483513,265.7967032967033,254.76923076923072,265.8461538461538,276.9230769230769,236.57142857142853,246.8571428571428,257.14285714285717
12,5,2026-01-12,244.53296703296698,255.16483516483513,265.7967032967033,254.76923076923072,265.8461538461538,276.9230769230769,236.57142857142853,246.8571428571428,257.14285714285717
13,6,2026-01-13,244.53296703296698,255.16483516483513,265.7967032967033,254.76923076923072,265.8461538461538,276.9230769230769,236.57142857142853,246.8571428571428,257.14285714285717
14,7,2026-01-14,244.53296703296698,255.16483516483513,265.7967032967033,254.76923076923072,265.8461538461538,276.9230769230769,236.57142857142853,246.8571428571428,257.14285714285717
15,1,2026-01-15,244.53296703296698,255.16483516483513,265.7967032967033,254.76923076923072,265.8461538461538,276.9230769230769,236.57142857142853,246.8571428571428,257.14285714285717
16,2,2026-01-16,244.53296703296698,255.16483516483513,265.7967032967033,254.76923076923072,265.8461538461538,276.9230769230769,236.57142857142853,246.8571428571428,257.14285714285717
17,3,2026-01-17,244.53296703296698,255.16483516483513,265.7967032967033,254.76923076923072,265.8461538461538,276.9230769230769,236.57142857142853,246.8571428571428,257.14285714285717
18,4,2026-01-18,244.53296703296698,255.16483516483513,265.7967032967033,254.76923076923072,265.8461538461538,276.9230769230769,236.57142857142853,246.8571428571428,257.14285714285717
19,5,2026-01-19,244.53296703296698,255.16483516483513,265.7967032967033,254.76923076923072,265.8461538461538,276.9230769230769,236.57142857142853,246.8571428571428,257.14285714285717
20,6,2026-01-20,244.53296703296698,255.16483516483513,265.7967032967033,254.76923076923072,265.8461538461538,276.9230769230769,236.57142857142853,246.8571428571428,257.14285714285717
21,7,2026-01-21,244.53296703296698,255.16483516483513,265.7967032967033,254.76923076923072,265.8461538461538,276.9230769230769,236.57142857142853,246.8571428571428,257.14285714285717
22,1,2026-01-22,244.53296703296698,255.16483516483513,265.7967032967033,254.76923076923072,265.8461538461538,276.9230769230769,236.57142857142853,246.8571428571428,257.14285714285717
23,2,2026-01-23,244.53296703296698,255.16483516483513,265.7967032967033,254.76923076923072,265.8461538461538,276.9230769230769,236.57142857142853,246.8571428571428,257.14285714285717
24,3,2026-01-24,244.53296703296698,255.16483516483513,265.7967032967033,254.76923076923072,265.8461538461538,276.9230769230769,236.57142857142853,246.8571428571428,257.14285714285717
25,4,2026-01-25,244.53296703296698,255.16483516483513,265.7967032967033,254.76923076923072,265.8461538461538,276.9230769230769,236.57142857142853,246.8571428571428,257.14285714285717
26,5,2026-01-26,244.53296703296698,255.16483516483513,265.7967032967033,254.76923076923072,265.8461538461538,276.9230769230769,236.57142857142853,246.8571428571428,257.14285714285717
27,6,2026-01-27,244.53296703296698,255.16483516483513,265.7967032967033,254.76923076923072,265.8461538461538,276.9230769230769,236.57142857142853,246.8571428571428,257.14285714285717
28,7,2026-01-28,244.53296703296698,255.16483516483513,265.7967032967033,254.76923076923072,265.8461538461538,276.9230769230769,236.57142857142853,246.8571428571428,257.14285714285717
29,1,2026-01-29,244.53296703296698,255.16483516483513,265.7967032967033,254.76923076923072,265.8461538461538,276.9230769230769,236.57142857142853,246.8571428571428,257.14285714285717
30,2,2026-01-30,244.53296703296698,255.16483516483513,265.7967032967033,254.76923076923072,265.8461538461538,276.9230769230769,236.57142857142853,246.8571428571428,257.14285714285717
31,3,2026-01-31,244.53296703296698,255.16483516483513,265.7967032967033,254.76923076923072,265.8461538461538,276.9230769230769,236.57142857142853,246.8571428571428,257.14285714285717
32,4,2026-02-01,244.53296703296698,255.16483516483513,265.7967032967033,254.76923076923072,265.8461538461538,276.9230769230769,236.57142857142853,246.8571428571428,257.14285714285717
33,5,2026-02-02,244.53296703296698,255.16483516483513,265.7967032967033,254.76923076923072,265.8461538461538,276.9230769230769,236.57142857142853,246.8571428571428,257.14285714285717
34,6,2026-02-03,244.53296703296698,255.16483516483513,265.7967032967033,254.76923076923072,265.8461538461538,276.9230769230769,236.57142857142853,246.8571428571428,257.14285714285717
35,7,2026-02-04,244.53296703296698,255.16483516483513,265.7967032967033,254.76923076923072,265.8461538461538,276.9230769230769,236.57142857142853,246.8571428571428,257.14285714285717
36,1,2026-02-05,244.53296703296698,255.16483516483513,265.7967032967033,254.76923076923072,265.8461538461538,276.9230769230769,236.57142857142853,246.8571428571428,257.14285714285717
37,2,2026-02-06,244.53296703296698,255.16483516483513,265.7967032967033,254.76923076923072,265.8461538461538,276.9230769230769,236.57142857142853,246.8571428571428,257.14285714285717
38,3,2026-02-07,244.53296703296698,255.16483516483513,265.7967032967033,254.76923076923072,265.8461538461538,276.9230769230769,236.57142857142853,246.8571428571428,257.14285714285717
39,4,2026-02-08,244.53296703296698,255.16483516483513,265.7967032967033,254.76923076923072,265.8461538461538,276.9230769230769,236.57142857142853,246.8571428571428,257.14285714285717
40,5,2026-02-09,244.53296703296698,255.16483516483513,265.7967032967033,254.76923076923072,265.8461538461538,276.9230769230769,236.57142857142853,246.8571428571428,257.14285714285717
41,6,2026-02-10,244.53296703296698,255.16483516483513,265.7967032967033,254.76923076923072,265.8461538461538,276.9230769230769,236.57142857142853,246.8571428571428,257.14285714285717
42,7,2026-02-11,244.53296703296698,255.16483516483513,265.7967032967033,254.76923076923072,265.8461538461538,276.9230769230769,236.57142857142853,246.8571428571428,257.14285714285717
43,1,2026-02-12,244.53296703296698,255.16483516483513,265.7967032967033,254.76923076923072,265.8461538461538,276.9230769230769,236.57142857142853,246.8571428571428,257.14285714285717
44,2,2026-02-13,244.53296703296698,255.16483516483513,265.7967032967033,254.76923076923072,265.8461538461538,276.9230769230769,236.57142857142853,246.8571428571428,257.14285714285717
45,3,2026-02-14,244.53296703296698,255.16483516483513,265.7967032967033,254.76923076923072,265.8461538461538,276.9230769230769,236.57142857142853,246.8571428571428,257.14285714285717
46,4,2026-02-15,244.53296703296698,255.16483516483513,265.7967032967033,254.76923076923072,265.8461538461538,276.9230769230769,236.57142857142853,246.8571428571428,257.14285714285717
47,5,2026-02-16,244.53296703296698,255.16483516483513,265.7967032967033,254.76923076923072,265.8461538461538,276.9230769230769,236.57142857142853,246.8571428571428,257.14285714285717
48,6,2026-02-17,244.53296703296698,255.16483516483513,265.7967032967033,254.76923076923072,265.8461538461538,276.9230769230769,236.57142857142853,246.8571428571428,257.14285714285717
49,7,2026-02-18,244.53296703296698,255.16483516483513,265.7967032967033,254.76923076923072,265.8461538461538,276.9230769230769,236.57142857142853,246.8571428571428,257.14285714285717
50,1,2026-02-19,244.53296703296698,255.16483516483513,265.7967032967033,254.76923076923072,265.8461538461538,276.9230769230769,236.57142857142853,246.8571428571428,257.14285714285717
51,2,2026-02-20,244.53296703296698,255.16483516483513,265.7967032967033,254.76923076923072,265.8461538461538,276.9230769230769,236.57142857142853,246.8571428571428,257.14285714285717
52,3,2026-02-21,244.53296703296698,255.16483516483513,265.7967032967033,254.76923076923072,265.8461538461538,276.9230769230769,236.57142857142853,246.8571428571428,257.14285714285717
1,4,2026-02-22,244.53296703296698,255.16483516483513,265.7967032967033,254.76923076923072,265.8461538461538,276.9230769230769,236.57142857142853,246.8571428571428,257.14285714285717
2,5,2026-02-23,244.53296703296698,255.16483516483513,265.7967032967033,254.76923076923072,265.8461538461538,276.9230769230769,236.57142857142853,246.8571428571428,257.14285714285717
3,6,2026-02-24,244.53296703296698,255.16483516483513,265.7967032967033,254.76923076923072,265.8461538461538,276.9230769230769,236.57142857142853,246.8571428571428,257.14285714285717
4,7,2026-02-25,244.53296703296698,255.16483516483513,265.7967032967033,254.76923076923072,265.8461538461538,276.9230769230769,236.57142857142853,246.8571428571428,257.14285714285717
5,1,2026-02-26,244.53296703296698,255.16483516483513,265.7967032967033,254.76923076923072,265.8461538461538,276.9230769230769,236.57142857142853,246.8571428571428,257.14285714285717
6,2,2026-02-27,244.53296703296698,255.16483516483513,265.7967032967033,254.76923076923072,265.8461538461538,276.9230769230769,236.57142857142853,246.8571428571428,257.14285714285717
7,3,2026-02-28,244.53296703296698,255.16483516483513,265.7967032967033,254.76923076923072,265.8461538461538,276.9230769230769,236.57142857142853,246.8571428571428,257.14285714285717
8,4,2026-03-01,244.53296703296698,255.16483516483513,265.7967032967033,254.76923076923072,265.8461538461538,276.9230769230769,236.57142857142853,246.8571428571428,257.14285714285717
9,5,2026-03-02,244.53296703296698,255.16483516483513,265.7967032967033,254.76923076923072,265.8461538461538,276.9230769230769,236.57142857142853,246.8571428571428,257.14285714285717
10,6,2026-03-03,244.53296703296698,255.16483516483513,265.7967032967033,254.76923076923072,265.8461538461538,276.9230769230769,236.57142857142853,246.8571428571428,257.14285714285717
11,7,2026-03-04,244.53296703296698,255.16483516483513,265.7967032967033,254.76923076923072,265.8461538461538,276.9230769230769,236.57142857142853,246.8571428571428,257.14285714285717
12,1,2026-03-05,244.53296703296698,255.16483516483513,265.7967032967033,254.76923076923072,265.8461538461538,276.9230769230769,236.57142857142853,246.8571428571428,257.14285714285717
13,2,2026-03-06,244.53296703296698,255.16483516483513,265.7967032967033,254.76923076923072,265.8461538461538,276.9230769230769,236.57142857142853,246.8571428571428,257.14285714285717
14,3,2026-03-07,244.53296703296698,255.16483516483513,265.7967032967033,254.76923076923072,265.8461538461538,276.9230769230769,236.57142857142853,246.8571428571428,257.14285714285717
15,4,2026-03-08,244.53296703296698,255.16483516483513,265.7967032967033,254.76923076923072,265.8461538461538,276.9230769230769,236.57142857142853,246.8571428571428,257.14285714285717
16,5,2026-03-09,244.53296703296698,255.16483516483513,265.7967032967033,254.76923076923072,265.8461538461538,276.9230769230769,236.57142857142853,246.8571428571428,257.14285714285717
17,6,2026-03-10,244.53296703296698,255.16483516483513,265.7967032967033,254.76923076923072,265.8461538461538,276.9230769230769,236.57142857142853,246.8571428571428,257.14285714285717
18,7,2026-03-11,244.53296703296698,255.16483516483513,265.7967032967033,254.76923076923072,265.8461538461538,276.9230769230769,236.57142857142853,246.8571428571428,257.14285714285717
19,1,2026-03-12,244.53296703296698,255.16483516483513,265.7967032967033,254.76923076923072,265.8461538461538,276.9230769230769,236.57142857142853,246.8571428571428,257.14285714285717
20,2,2026-03-13,244.53296703296698,255.16483516483513,265.7967032967033,254.76923076923072,265.8461538461538,276.9230769230769,236.57142857142853,246.8571428571428,257.14285714285717
21,3,2026-03-14,244.53296703296698,255.16483516483513,265.7967032967033,254.76923076923072,265.8461538461538,276.9230769230769,236.57142857142853,246.8571428571428,257.14285714285717
22,4,2026-03-15,244.53296703296698,255.16483516483513,265.7967032967033,254.76923076923072,265.8461538461538,276.9230769230769,236.57142857142853,246.8571428571428,257.14285714285717
23,5,2026-03-16,244.53296703296698,255.16483516483513,265.7967032967033,254.76923076923072,265.8461538461538,276.9230769230769,236.57142857142853,246.8571428571428,257.14285714285717
24,6,2026-03-17,244.53296703296698,255.16483516483513,265.7967032967033,254.76923076923072,265.8461538461538,276.9230769230769,236.57142857142853,246.8571428571428,257.14285714285717
25,7,2026-03-18,244.53296703296698,255.16483516483513,265.7967032967033,254.76923076923072,265.8461538461538,276.9230769230769,236.57142857142853,246.8571428571428,257.14285714285717
26,1,2026-03-19,244.53296703296698,255.16483516483513,265.7967032967033,254.76923076923072,265.8461538461538,276.9230769230769,236.57142857142853,246.8571428571428,257.14285714285717
27,2,2026-03-20,244.53296703296698,255.16483516483513,265.7967032967033,254.76923076923072,265.8461538461538,276.9230769230769,236.57142857142853,246.8571428571428,257.14285714285717
28,3,2026-03-21,244.53296703296698,255.16483516483513,265.7967032967033,254.76923076923072,265.8461538461538,276.9230769230769,236.57142857142853,246.8571428571428,257.14285714285717
29,4,2026-03-22,244.53296703296698,255.16483516483513,265.7967032967033,254.76923076923072,265.8461538461538,276.9230769230769,236.57142857142853,246.8571428571428,257.14285714285717
30,5,2026-03-23,244.53296703296698,255.16483516483513,265.7967032967033,254.76923076923072,265.8461538461538,276.9230769230769,236.57142857142853,246.8571428571428,257.14285714285717
31,6,2026-03-24,244.53296703296698,255.16483516483513,265.7967032967033,254.76923076923072,265.8461538461538,276.9230769230769,236.57142857142853,246.8571428571428,257.14285714285717
32,7,2026-03-25,244.53296703296698,255.16483516483513,265.7967032967033,254.76923076923072,265.8461538461538,276.9230769230769,236.57142857142853,246.8571428571428,257.14285714285717
33,1,2026-03-26,244.53296703296698,255.16483516483513,265.7967032967033,254.76923076923072,265.8461538461538,276.9230769230769,236.57142857142853,246.8571428571428,257.14285714285717
34,2,2026-03-27,244.53296703296698,255.16483516483513,265.7967032967033,254.76923076923072,265.8461538461538,276.9230769230769,236.57142857142853,246.8571428571428,257.14285714285717
35,3,2026-03-28,244.53296703296698,255.16483516483513,265.7967032967033,254.76923076923072,265.8461538461538,276.9230769230769,236.57142857142853,246.8571428571428,257.14285714285717
36,4,2026-03-29,244.53296703296698,255.16483516483513,265.7967032967033,254.76923076923072,265.8461538461538,276.9230769230769,236.57142857142853,246.8571428571428,257.14285714285717
37,5,2026-03-30,244.53296703296698,255.16483516483513,265.7967032967033,254.76923076923072,265.8461538461538,276.9230769230769,236.57142857142853,246.8571428571428,257.14285714285717
38,6,2026-03-31,244.53296703296698,255.16483516483513,265.7967032967033,254.76923076923072,265.8461538461538,276.9230769230769,236.57142857142853,246.8571428571428,257.14285714285717
39,7,2026-04-01,244.53296703296698,255.16483516483513,265.7967032967033,254.76923076923072,265.8461538461538,276.9230769230769,236.57142857142853,246.8571428571428,257.14285714285717
40,1,2026-04-02,244.53296703296698,255.16483516483513,265.7967032967033,254.76923076923072,265.8461538461538,276.9230769230769,236.57142857142853,246.8571428571428,257.14285714285717
41,2,2026-04-03,244.53296703296698,255.16483516483513,265.7967032967033,254.76923076923072,265.8461538461538,276.9230769230769,236.57142857142853,246.8571428571428,257.14285714285717
42,3,2026-04-04,244.53296703296698,255.16483516483513,265.7967032967033,254.76923076923072,265.8461538461538,276.9230769230769,236.57142857142853,246.8571428571428,257.14285714285717
43,4,2026-04-05,244.53296703296698,255.16483516483513,265.7967032967033,254.76923076923072,265.8461538461538,276.9230769230769,236.57142857142853,246.8571428571428,257.14285714285717
44,5,2026-04-06,244.53296703296698,255.16483516483513,265.7967032967033,254.76923076923072,265.8461538461538,276.9230769230769,236.57142857142853,246.8571428571428,257.14285714285717
45,6,2026-04-07,244.53296703296698,255.16483516483513,265.7967032967033,254.76923076923072,265.8461538461538,276.9230769230769,236.57142857142853,246.8571428571428,257.14285714285717
46,7,2026-04-08,244.53296703296698,255.16483516483513,265.7967032967033,254.76923076923072,265.8461538461538,276.9230769230769,236.57142857142853,246.8571428571428,257.14285714285717
47,1,2026-04-09,244.53296703296698,255.16483516483513,265.7967032967033,254.76923076923072,265.8461538461538,276.9230769230769,236.57142857142853,246.8571428571428,257.14285714285717
48,2,2026-04-10,244.53296703296698,255.16483516483513,265.7967032967033,254.76923076923072,265.8461538461538,276.9230769230769,236.57142857142853,246.8571428571428,257.14285714285717
49,3,2026-04-11,244.53296703296698,255.16483516483513,265.7967032967033,254.76923076923072,265.8461538461538,276.9230769230769,236.57142857142853,246.8571428571428,257.14285714285717
50,4,2026-04-12,244.53296703296698,255.16483516483513,265.7967032967033,254.76923076923072,265.8461538461538,276.9230769230769,236.57142857142853,246.8571428571428,257.14285714285717
51,5,2026-04-13,244.53296703296698,255.16483516483513,265.7967032967033,254.76923076923072,265.8461538461538,276.9230769230769,236.57142857142853,246.8571428571428,257.14285714285717
52,6,2026-04-14,244.53296703296698,255.16483516483513,265.7967032967033,254.76923076923072,265.8461538461538,276.9230769230769,236.57142857142853,246.8571428571428,257.14285714285717
1,7,2026-04-15,244.53296703296698,255.16483516483513,265.7967032967033,254.76923076923072,265.8461538461538,276.9230769230769,236.57142857142853,246.8571428571428,257.14285714285717
2,1,2026-04-16,244.53296703296698,255.16483516483513,265.7967032967033,254.76923076923072,265.8461538461538,276.9230769230769,236.57142857142853,246.8571428571428,257.14285714285717
3,2,2026-04-17,244.53296703296698,255.16483516483513,265.7967032967033,254.76923076923072,265.8461538461538,276.9230769230769,236.57142857142853,246.8571428571428,257.14285714285717
4,3,2026-04-18,244.53296703296698,255.16483516483513,265.7967032967033,254.76923076923072,265.8461538461538,276.9230769230769,236.57142857142853,246.8571428571428,257.14285714285717
5,4,2026-04-19,244.53296703296698,255.16483516483513,265.7967032967033,254.76923076923072,265.8461538461538,276.9230769230769,236.57142857142853,246.8571428571428,257.14285714285717
6,5,2026-04-20,244.53296703296698,255.16483516483513,265.7967032967033,254.76923076923072,265.8461538461538,276.9230769230769,236.57142857142853,246.8571428571428,257.14285714285717
7,6,2026-04-21,244.53296703296698,255.16483516483513,265.7967032967033,254.76923076923072,265.8461538461538,276.9230769230769,236.57142857142853,246.8571428571428,257.14285714285717
8,7,2026-04-22,244.53296703296698,255.16483516483513,265.7967032967033,254.76923076923072,265.8461538461538,276.9230769230769,236.57142857142853,246.8571428571428,257.14285714285717
9,1,2026-04-23,244.53296703296698,255.16483516483513,265.7967032967033,254.76923076923072,265.8461538461538,276.9230769230769,236.57142857142853,246.8571428571428,257.14285714285717
10,2,2026-04-24,244.53296703296698,255.16483516483513,265.7967032967033,254.76923076923072,265.8461538461538,276.9230769230769,236.57142857142853,246.8571428571428,257.14285714285717
11,3,2026-04-25,244.53296703296698,255.16483516483513,265.7967032967033,254.76923076923072,265.8461538461538,276.9230769230769,236.57142857142853,246.8571428571428,257.14285714285717
12,4,2026-04-26,244.53296703296698,255.16483516483513,265.7967032967033,254.76923076923072,265.8461538461538,276.9230769230769,236.57142857142853,246.8571428571428,257.14285714285717
13,5,2026-04-27,244.53296703296698,255.16483516483513,265.7967032967033,254.76923076923072,265.8461538461538,276.9230769230769,236.57142857142853,246.8571428571428,257.14285714285717
14,6,2026-04-28,244.53296703296698,255.16483516483513,265.7967032967033,254.76923076923072,265.8461538461538,276.9230769230769,236.57142857142853,246.8571428571428,257.14285714285717
15,7,2026-04-29,244.53296703296698,255.16483516483513,265.7967032967033,254.76923076923072,265.8461538461538,276.9230769230769,236.57142857142853,246.8571428571428,257.14285714285717
16,1,2026-04-30,244.53296703296698,255.16483516483513,265.7967032967033,254.76923076923072,265.8461538461538,276.9230769230769,236.57142857142853,246.8571428571428,257.14285714285717
17,2,2026-05-01,244.53296703296698,255.16483516483513,265.7967032967033,254.76923076923072,265.8461538461538,276.9230769230769,236.57142857142853,246.8571428571428,257.14285714285717
18,3,2026-05-02,244.53296703296698,255.16483516483513,265.7967032967033,254.76923076923072,265.8461538461538,276.9230769230769,236.57142857142853,246.8571428571428,257.14285714285717
19,4,2026-05-03,244.53296703296698,255.16483516483513,265.7967032967033,254.76923076923072,265.8461538461538,276.9230769230769,236.57142857142853,246.8571428571428,257.14285714285717
20,5,2026-05-04,244.53296703296698,255.16483516483513,265.7967032967033,254.76923076923072,265.8461538461538,276.9230769230769,236.57142857142853,246.8571428571428,257.14285714285717
21,6,2026-05-05,244.53296703296698,255.16483516483513,265.7967032967033,254.76923076923072,265.8461538461538,276.9230769230769,236.57142857142853,246.8571428571428,257.14285714285717
22,7,2026-05-06,244.53296703296698,255.16483516483513,265.7967032967033,254.76923076923072,265.8461538461538,276.9230769230769,236.57142857142853,246.8571428571428,257.14285714285717
23,1,2026-05-07,244.53296703296698,255.16483516483513,265.7967032967033,254.76923076923072,265.8461538461538,276.9230769230769,236.57142857142853,246.8571428571428,257.14285714285717
24,2,2026-05-08,244.53296703296698,255.16483516483513,265.7967032967033,254.76923076923072,265.8461538461538,276.9230769230769,236.57142857142853,246.8571428571428,257.14285714285717
25,3,2026-05-09,244.53296703296698,255.16483516483513,265.7967032967033,254.76923076923072,265.8461538461538,276.9230769230769,236.57142857142853,246.8571428571428,257.14285714285717
26,4,2026-05-10,244.53296703296698,255.16483516483513,265.7967032967033,254.76923076923072,265.8461538461538,276.9230769230769,236.57142857142853,246.8571428571428,257.14285714285717
27,5,2026-05-11,244.53296703296698,255.16483516483513,265.7967032967033,254.76923076923072,265.8461538461538,276.9230769230769,236.57142857142853,246.8571428571428,257.14285714285717
28,6,2026-05-12,244.53296703296698,255.16483516483513,265.7967032967033,254.76923076923072,265.8461538461538,276.9230769230769,236.57142857142853,246.8571428571428,257.14285714285717
29,7,2026-05-13,244.53296703296698,255.16483516483513,265.7967032967033,254.76923076923072,265.8461538461538,276.9230769230769,236.57142857142853,246.8571428571428,257.14285714285717
30,1,2026-05-14,244.53296703296698,255.16483516483513,265.7967032967033,254.76923076923072,265.8461538461538,276.9230769230769,236.57142857142853,246.8571428571428,257.14285714285717
31,2,2026-05-15,244.53296703296698,255.16483516483513,265.7967032967033,254.76923076923072,265.8461538461538,276.9230769230769,236.57142857142853,246.8571428571428,257.14285714285717
32,3,2026-05-16,244.53296703296698,255.16483516483513,265.7967032967033,254.76923076923072,265.8461538461538,276.9230769230769,236.57142857142853,246.8571428571428,257.14285714285717
33,4,2026-05-17,244.53296703296698,255.16483516483513,265.7967032967033,254.76923076923072,265.8461538461538,276.9230769230769,236.57142857142853,246.8571428571428,257.14285714285717
34,5,2026-05-18,244.53296703296698,255.16483516483513,265.7967032967033,254.76923076923072,265.8461538461538,276.9230769230769,236.57142857142853,246.8571428571428,257.14285714285717
35,6,2026-05-19,244.53296703296698,255.16483516483513,265.7967032967033,254.76923076923072,265.8461538461538,276.9230769230769,236.57142857142853,246.8571428571428,257.14285714285717
36,7,2026-05-20,244.53296703296698,255.16483516483513,265.7967032967033,254.76923076923072,265.8461538461538,276.9230769230769,236.57142857142853,246.8571428571428,257.14285714285717
37,1,2026-05-21,244.53296703296698,255.16483516483513,265.7967032967033,254.76923076923072,265.8461538461538,276.9230769230769,236.57142857142853,246.8571428571428,257.14285714285717
38,2,2026-05-22,244.53296703296698,255.16483516483513,265.7967032967033,254.76923076923072,265.8461538461538,276.9230769230769,236.57142857142853,246.8571428571428,257.14285714285717
39,3,2026-05-23,244.53296703296698,255.16483516483513,265.7967032967033,254.76923076923072,265.8461538461538,276.9230769230769,236.57142857142853,246.8571428571428,257.14285714285717
40,4,2026-05-24,244.53296703296698,255.16483516483513,265.7967032967033,254.76923076923072,265.8461538461538,276.9230769230769,236.57142857142853,246.8571428571428,257.14285714285717
41,5,2026-05-25,244.53296703296698,255.16483516483513,265.7967032967033,254.76923076923072,265.8461538461538,276.9230769230769,236.57142857142853,246.8571428571428,257.14285714285717
42,6,2026-05-26,244.53296703296698,255.16483516483513,265.7967032967033,254.76923076923072,265.8461538461538,276.9230769230769,236.57142857142853,246.8571428571428,257.14285714285717
43,7,2026-05-27,244.53296703296698,255.16483516483513,265.7967032967033,254.76923076923072,265.8461538461538,276.9230769230769,236.57142857142853,246.8571428571428,257.14285714285717
44,1,2026-05-28,244.53296703296698,255.16483516483513,265.7967032967033,254.76923076923072,265.8461538461538,276.9230769230769,236.57142857142853,246.8571428571428,257.14285714285717
45,2,2026-05-29,244.53296703296698,255.16483516483513,265.7967032967033,254.76923076923072,265.8461538461538,276.9230769230769,236.57142857142853,246.8571428571428,257.14285714285717
46,3,2026-05-30,244.53296703296698,255.16483516483513,265.7967032967033,254.76923076923072,265.8461538461538,276.9230769230769,236.57142857142853,246.8571428571428,257.14285714285717
47,4,2026-05-31,244.53296703296698,255.16483516483513,265.7967032967033,254.76923076923072,265.8461538461538,276.9230769230769,236.57142857142853,246.8571428571428,257.14285714285717
48,5,2026-06-01,244.53296703296698,255.16483516483513,265.7967032967033,254.76923076923072,265.8461538461538,276.9230769230769,236.57142857142853,246.8571428571428,257.14285714285717
49,6,2026-06-02,244.53296703296698,255.16483516483513,265.7967032967033,254.76923076923072,265.8461538461538,276.9230769230769,236.57142857142853,246.8571428571428,257.14285714285717
50,7,2026-06-03,244.53296703296698,255.16483516483513,265.7967032967033,254.76923076923072,265.8461538461538,276.9230769230769,236.57142857142853,246.8571428571428,257.14285714285717
51,1,2026-06-04,244.53296703296698,255.16483516483513,265.7967032967033,254.76923076923072,265.8461538461538,276.9230769230769,236.57142857142853,246.8571428571428,257.14285714285717
52,2,2026-06-05,244.53296703296698,255.16483516483513,265.7967032967033,254.76923076923072,265.8461538461538,276.9230769230769,236.57142857142853,246.8571428571428,257.14285714285717
1,3,2026-06-06,244.53296703296698,255.16483516483513,265.7967032967033,254.76923076923072,265.8461538461538,276.9230769230769,236.57142857142853,246.8571428571428,257.14285714285717
2,4,2026-06-07,244.53296703296698,255.16483516483513,265.7967032967033,254.76923076923072,265.8461538461538,276.9230769230769,236.57142857142853,246.8571428571428,257.14285714285717
3,5,2026-06-08,244.53296703296698,255.16483516483513,265.7967032967033,254.76923076923072,265.8461538461538,276.9230769230769,236.57142857142853,246.8571428571428,257.14285714285717
4,6,2026-06-09,244.53296703296698,255.16483516483513,265.7967032967033,254.76923076923072,265.8461538461538,276.9230769230769,236.57142857142853,246.8571428571428,257.14285714285717
5,7,2026-06-10,244.53296703296698,255.16483516483513,265.7967032967033,254.76923076923072,265.8461538461538,276.9230769230769,236.57142857142853,246.8571428571428,257.14285714285717
6,1,2026-06-11,244.53296703296698,255.16483516483513,265.7967032967033,254.76923076923072,265.8461538461538,276.9230769230769,236.57142857142853,246.8571428571428,257.14285714285717
7,2,2026-06-12,244.53296703296698,255.16483516483513,265.7967032967033,254.76923076923072,265.8461538461538,276.9230769230769,236.57142857142853,246.8571428571428,257.14285714285717
8,3,2026-06-13,244.53296703296698,255.16483516483513,265.7967032967033,254.76923076923072,265.8461538461538,276.9230769230769,236.57142857142853,246.8571428571428,257.14285714285717
9,4,2026-06-14,244.53296703296698,255.16483516483513,265.7967032967033,254.76923076923072,265.8461538461538,276.9230769230769,236.57142857142853,246.8571428571428,257.14285714285717
10,5,2026-06-15,244.53296703296698,255.16483516483513,265.7967032967033,254.76923076923072,265.8461538461538,276.9230769230769,236.57142857142853,246.8571428571428,257.14285714285717
11,6,2026-06-16,244.53296703296698,255.16483516483513,265.7967032967033,254.76923076923072,265.8461538461538,276.9230769230769,236.57142857142853,246.8571428571428,257.14285714285717
12,7,2026-06-17,244.53296703296698,255.16483516483513,265.7967032967033,254.76923076923072,265.8461538461538,276.9230769230769,236.57142857142853,246.8571428571428,257.14285714285717
13,1,2026-06-18,244.53296703296698,255.16483516483513,265.7967032967033,254.76923076923072,265.8461538461538,276.9230769230769,236.57142857142853,246.8571428571428,257.14285714285717
14,2,2026-06-19,244.53296703296698,255.16483516483513,265.7967032967033,254.76923076923072,265.8461538461538,276.9230769230769,236.57142857142853,246.8571428571428,257.14285714285717
15,3,2026-06-20,244.53296703296698,255.16483516483513,265.7967032967033,254.76923076923072,265.8461538461538,276.9230769230769,236.57142857142853,246.8571428571428,257.14285714285717
16,4,2026-06-21,244.53296703296698,255.16483516483513,265.7967032967033,254.76923076923072,265.8461538461538,276.9230769230769,236.57142857142853,246.8571428571428,257.14285714285717
17,5,2026-06-22,244.53296703296698,255.16483516483513,265.7967032967033,254.76923076923072,265.8461538461538,276.9230769230769,236.57142857142853,246.8571428571428,257.14285714285717
18,6,2026-06-23,244.53296703296698,255.16483516483513,265.7967032967033,254.76923076923072,265.8461538461538,276.9230769230769,236.57142857142853,246.8571428571428,257.14285714285717
19,7,2026-06-24,244.53296703296698,255.16483516483513,265.7967032967033,254.76923076923072,265.8461538461538,276.9230769230769,236.57142857142853,246.8571428571428,257.14285714285717
20,1,2026-06-25,244.53296703296698,255.16483516483513,265.7967032967033,254.76923076923072,265.8461538461538,276.9230769230769,236.57142857142853,246.8571428571428,257.14285714285717
21,2,2026-06-26,244.53296703296698,255.16483516483513,265.7967032967033,254.76923076923072,265.8461538461538,276.9230769230769,236.57142857142853,246.8571428571428,257.14285714285717
22,3,2026-06-27,244.53296703296698,255.16483516483513,265.7967032967033,254.76923076923072,265.8461538461538,276.9230769230769,236.57142857142853,246.8571428571428,257.14285714285717
23,4,2026-06-28,244.53296703296698,255.16483516483513,265.7967032967033,254.76923076923072,265.8461538461538,276.9230769230769,236.57142857142853,246.8571428571428,257.14285714285717
24,5,2026-06-29,244.53296703296698,255.16483516483513,265.7967032967033,254.76923076923072,265.8461538461538,276.9230769230769,236.57142857142853,246.8571428571428,257.14285714285717
25,6,2026-06-30,244.53296703296698,255.16483516483513,265.7967032967033,254.76923076923072,265.8461538461538,276.9230769230769,236.57142857142853,246.8571428571428,257.14285714285717
26,7,2026-07-01,244.53296703296698,255.16483516483513,265.7967032967033,254.76923076923072,265.8461538461538,276.9230769230769,236.57142857142853,246.8571428571428,257.14285714285717
27,1,2026-07-02,244.53296703296698,255.16483516483513,265.7967032967033,254.76923076923072,265.8461538461538,276.9230769230769,236.57142857142853,246.8571428571428,257.14285714285717
28,2,2026-07-03,244.53296703296698,255.16483516483513,265.7967032967033,254.76923076923072,265.8461538461538,276.9230769230769,236.57142857142853,246.8571428571428,257.14285714285717
29,3,2026-07-04,244.53296703296698,255.16483516483513,265.7967032967033,254.76923076923072,265.8461538461538,276.9230769230769,236.57142857142853,246.8571428571428,257.14285714285717
30,4,2026-07-05,244.53296703296698,255.16483516483513,265.7967032967033,254.76923076923072,265.8461538461538,276.9230769230769,236.57142857142853,246.8571428571428,257.14285714285717
31,5,2026-07-06,244.53296703296698,255.16483516483513,265.7967032967033,254.76923076923072,265.8461538461538,276.9230769230769,236.57142857142853,246.8571428571428,257.14285714285717
32,6,2026-07-07,244.53296703296698,255.16483516483513,265.7967032967033,254.76923076923072,265.8461538461538,276.9230769230769,236.57142857142853,246.8571428571428,257.14285714285717
33,7,2026-07-08,244.53296703296698,255.16483516483513,265.7967032967033,254.76923076923072,265.8461538461538,276.9230769230769,236.57142857142853,246.8571428571428,257.14285714285717
34,1,2026-07-09,244.53296703296698,255.16483516483513,265.7967032967033,254.76923076923072,265.8461538461538,276.9230769230769,236.57142857142853,246.8571428571428,257.14285714285717
35,2,2026-07-10,244.53296703296698,255.16483516483513,265.7967032967033,254.76923076923072,265.8461538461538,276.9230769230769,236.57142857142853,246.8571428571428,257.14285714285717
36,3,2026-07-11,244.53296703296698,255.16483516483513,265.7967032967033,254.76923076923072,265.8461538461538,276.9230769230769,236.57142857142853,246.8571428571428,257.14285714285717
37,4,2026-07-12,244.53296703296698,255.16483516483513,265.7967032967033,254.76923076923072,265.8461538461538,276.9230769230769,236.57142857142853,246.8571428571428,257.14285714285717
38,5,2026-07-13,244.53296703296698,255.16483516483513,265.7967032967033,254.76923076923072,265.8461538461538,276.9230769230769,236.57142857142853,246.8571428571428,257.14285714285717
39,6,2026-07-14,244.53296703296698,255.16483516483513,265.7967032967033,254.76923076923072,265.8461538461538,276.9230769230769,236.57142857142853,246.8571428571428,257.14285714285717
40,7,2026-07-15,244.53296703296698,255.16483516483513,265.7967032967033,254.76923076923072,265.8461538461538,276.9230769230769,236.57142857142853,246.8571428571428,257.14285714285717
41,1,2026-07-16,244.53296703296698,255.16483516483513,265.7967032967033,254.76923076923072,265.8461538461538,276.9230769230769,236.57142857142853,246.8571428571428,257.14285714285717
42,2,2026-07-17,244.53296703296698,255.16483516483513,265.7967032967033,254.76923076923072,265.8461538461538,276.9230769230769,236.57142857142853,246.8571428571428,257.14285714285717
43,3,2026-07-18,244.53296703296698,255.16483516483513,265.7967032967033,254.76923076923072,265.8461538461538,276.9230769230769,236.57142857142853,246.8571428571428,257.14285714285717
44,4,2026-07-19,244.53296703296698,255.16483516483513,265.7967032967033,254.76923076923072,265.8461538461538,276.9230769230769,236.57142857142853,246.8571428571428,257.14285714285717
45,5,2026-07-20,244.53296703296698,255.16483516483513,265.7967032967033,254.76923076923072,265.8461538461538,276.9230769230769,236.57142857142853,246.8571428571428,257.14285714285717
46,6,2026-07-21,244.53296703296698,255.16483516483513,265.7967032967033,254.76923076923072,265.8461538461538,276.9230769230769,236.57142857142853,246.8571428571428,257.14285714285717
47,7,2026-07-22,244.53296703296698,255.16483516483513,265.7967032967033,254.76923076923072,265.8461538461538,276.9230769230769,236.57142857142853,246.8571428571428,257.14285714285717
48,1,2026-07-23,244.53296703296698,255.16483516483513,265.7967032967033,254.76923076923072,265.8461538461538,276.9230769230769,236.57142857142853,246.8571428571428,257.14285714285717
49,2,2026-07-24,244.53296703296698,255.16483516483513,265.7967032967033,254.76923076923072,265.8461538461538,276.9230769230769,236.57142857142853,246.8571428571428,257.14285714285717
50,3,2026-07-25,244.53296703296698,255.16483516483513,265.7967032967033,254.76923076923072,265.8461538461538,276.9230769230769,236.57142857142853,246.8571428571428,257.14285714285717
51,4,2026-07-26,244.53296703296698,255.16483516483513,265.7967032967033,254.76923076923072,265.8461538461538,276.9230769230769,236.57142857142853,246.8571428571428,257.14285714285717
52,5,2026-07-27,244.53296703296698,255.16483516483513,265.7967032967033,254.76923076923072,265.8461538461538,276.9230769230769,236.57142857142853,246.8571428571428,257.14285714285717
1,6,2026-07-28,244.53296703296698,255.16483516483513,265.7967032967033,254.76923076923072,265.8461538461538,276.9230769230769,236.57142857142853,246.8571428571428,257.14285714285717
2,7,2026-07-29,244.53296703296698,255.16483516483513,265.7967032967033,254.76923076923072,265.8461538461538,276.9230769230769,236.57142857142853,246.8571428571428,257.14285714285717
3,1,2026-07-30,244.53296703296698,255.16483516483513,265.7967032967033,254.76923076923072,265.8461538461538,276.9230769230769,236.57142857142853,246.8571428571428,257.14285714285717
4,2,2026-07-31,244.53296703296698,255.16483516483513,265.7967032967033,254.76923076923072,265.8461538461538,276.9230769230769,236.57142857142853,246.8571428571428,257.14285714285717
5,3,2026-08-01,244.53296703296698,255.16483516483513,265.7967032967033,254.76923076923072,265.8461538461538,276.9230769230769,236.57142857142853,246.8571428571428,257.14285714285717
6,4,2026-08-02,244.53296703296698,255.16483516483513,265.7967032967033,254.76923076923072,265.8461538461538,276.9230769230769,236.57142857142853,246.8571428571428,257.14285714285717
7,5,2026-08-03,244.53296703296698,255.16483516483513,265.7967032967033,254.76923076923072,265.8461538461538,276.9230769230769,236.57142857142853,246.8571428571428,257.14285714285717
8,6,2026-08-04,244.53296703296698,255.16483516483513,265.7967032967033,254.76923076923072,265.8461538461538,276.9230769230769,236.57142857142853,246.8571428571428,257.14285714285717
9,7,2026-08-05,244.53296703296698,255.16483516483513,265.7967032967033,254.76923076923072,265.8461538461538,276.9230769230769,236.57142857142853,246.8571428571428,257.14285714285717
10,1,2026-08-06,244.53296703296698,255.16483516483513,265.7967032967033,254.76923076923072,265.8461538461538,276.9230769230769,236.57142857142853,246.8571428571428,257.14285714285717
11,2,2026-08-07,244.53296703296698,255.16483516483513,265.7967032967033,254.76923076923072,265.8461538461538,276.9230769230769,236.57142857142853,246.8571428571428,257.14285714285717
12,3,2026-08-08,244.53296703296698,255.16483516483513,265.7967032967033,254.76923076923072,265.8461538461538,276.9230769230769,236.57142857142853,246.8571428571428,257.14285714285717
13,4,2026-08-09,244.53296703296698,255.16483516483513,265.7967032967033,254.76923076923072,265.8461538461538,276.9230769230769,236.57142857142853,246.8571428571428,257.14285714285717
14,5,2026-08-10,244.53296703296698,255.16483516483513,265.7967032967033,254.76923076923072,265.8461538461538,276.9230769230769,236.57142857142853,246.8571428571428,257.14285714285717
15,6,2026-08-11,244.53296703296698,255.16483516483513,265.7967032967033,254.76923076923072,265.8461538461538,276.9230769230769,236.57142857142853,246.8571428571428,257.14285714285717
16,7,2026-08-12,244.53296703296698,255.16483516483513,265.7967032967033,254.76923076923072,265.8461538461538,276.9230769230769,236.57142857142853,246.8571428571428,257.14285714285717
17,1,2026-08-13,244.53296703296698,255.16483516483513,265.7967032967033,254.76923076923072,265.8461538461538,276.9230769230769,236.57142857142853,246.8571428571428,257.14285714285717
18,2,2026-08-14,244.53296703296698,255.16483516483513,265.7967032967033,254.76923076923072,265.8461538461538,276.9230769230769,236.57142857142853,246.8571428571428,257.14285714285717
19,3,2026-08-15,244.53296703296698,255.16483516483513,265.7967032967033,254.76923076923072,265.8461538461538,276.9230769230769,236.57142857142853,246.8571428571428,257.14285714285717
20,4,2026-08-16,244.53296703296698,255.16483516483513,265.7967032967033,254.76923076923072,265.8461538461538,276.9230769230769,236.57142857142853,246.8571428571428,257.14285714285717
21,5,2026-08-17,244.53296703296698,255.16483516483513,265.7967032967033,254.76923076923072,265.8461538461538,276.9230769230769,236.57142857142853,246.8571428571428,257.14285714285717
22,6,2026-08-18,244.53296703296698,255.16483516483513,265.7967032967033,254.76923076923072,265.8461538461538,276.9230769230769,236.57142857142853,246.8571428571428,257.14285714285717
23,7,2026-08-19,244.53296703296698,255.16483516483513,265.7967032967033,254.76923076923072,265.8461538461538,276.9230769230769,236.57142857142853,246.8571428571428,257.14285714285717
24,1,2026-08-20,244.53296703296698,255.16483516483513,265.7967032967033,254.76923076923072,265.8461538461538,276.9230769230769,236.57142857142853,246.8571428571428,257.14285714285717
25,2,2026-08-21,244.53296703296698,255.16483516483513,265.7967032967033,254.76923076923072,265.8461538461538,276.9230769230769,236.57142857142853,246.8571428571428,257.14285714285717
26,3,2026-08-22,244.53296703296698,255.16483516483513,265.7967032967033,254.76923076923072,265.8461538461538,276.9230769230769,236.57142857142853,246.8571428571428,257.14285714285717
27,4,2026-08-23,244.53296703296698,255.16483516483513,265.7967032967033,254.76923076923072,265.8461538461538,276.9230769230769,236.57142857142853,246.8571428571428,257.14285714285717
28,5,2026-08-24,244.53296703296698,255.16483516483513,265.7967032967033,254.76923076923072,265.8461538461538,276.9230769230769,236.57142857142853,246.8571428571428,257.14285714285717
29,6,2026-08-25,244.53296703296698,255.16483516483513,265.7967032967033,254.76923076923072,265.8461538461538,276.9230769230769,236.57142857142853,246.8571428571428,257.14285714285717
30,7,2026-08-26,244.53296703296698,255.16483516483513,265.7967032967033,254.76923076923072,265.8461538461538,276.9230769230769,236.57142857142853,246.8571428571428,257.14285714285717
31,1,2026-08-27,244.53296703296698,255.16483516483513,265.7967032967033,254.76923076923072,265.8461538461538,276.9230769230769,236.57142857142853,246.8571428571428,257.14285714285717
32,2,2026-08-28,244.53296703296698,255.16483516483513,265.7967032967033,254.76923076923072,265.8461538461538,276.9230769230769,236.57142857142853,246.8571428571428,257.14285714285717
33,3,2026-08-29,244.53296703296698,255.16483516483513,265.7967032967033,254.76923076923072,265.8461538461538,276.9230769230769,236.57142857142853,246.8571428571428,257.14285714285717
34,4,2026-08-30,244.53296703296698,255.16483516483513,265.7967032967033,254.76923076923072,265.8461538461538,276.9230769230769,236.57142857142853,246.8571428571428,257.14285714285717
35,5,2026-08-31,244.53296703296698,255.16483516483513,265.7967032967033,254.76923076923072,265.8461538461538,276.9230769230769,236.57142857142853,246.8571428571428,257.14285714285717
36,6,2026-09-01,244.53296703296698,255.16483516483513,265.7967032967033,254.76923076923072,265.8461538461538,276.9230769230769,236.57142857142853,246.8571428571428,257.14285714285717
37,7,2026-09-02,244.53296703296698,255.16483516483513,265.7967032967033,254.76923076923072,265.8461538461538,276.9230769230769,236.57142857142853,246.8571428571428,257.14285714285717
38,1,2026-09-03,244.53296703296698,255.16483516483513,265.7967032967033,254.76923076923072,265.8461538461538,276.9230769230769,236.57142857142853,246.8571428571428,257.14285714285717
39,2,2026-09-04,244.53296703296698,255.16483516483513,265.7967032967033,254.76923076923072,265.8461538461538,276.9230769230769,236.57142857142853,246.8571428571428,257.14285714285717
40,3,2026-09-05,244.53296703296698,255.16483516483513,265.7967032967033,254.76923076923072,265.8461538461538,276.9230769230769,236.57142857142853,246.8571428571428,257.14285714285717
41,4,2026-09-06,244.53296703296698,255.16483516483513,265.7967032967033,254.76923076923072,265.8461538461538,276.9230769230769,236.57142857142853,246.8571428571428,257.14285714285717
42,5,2026-09-07,244.53296703296698,255.16483516483513,265.7967032967033,254.76923076923072,265.8461538461538,276.9230769230769,236.57142857142853,246.8571428571428,257.14285714285717
43,6,2026-09-08,244.53296703296698,255.16483516483513,265.7967032967033,254.76923076923072,265.8461538461538,276.9230769230769,236.57142857142853,246.8571428571428,257.14285714285717
44,7,2026-09-09,244.53296703296698,255.16483516483513,265.7967032967033,254.76923076923072,265.8461538461538,276.9230769230769,236.57142857142853,246.8571428571428,257.14285714285717
45,1,2026-09-10,244.53296703296698,255.16483516483513,265.7967032967033,254.76923076923072,265.8461538461538,276.9230769230769,236.57142857142853,246.8571428571428,257.14285714285717
46,2,2026-09-11,244.53296703296698,255.16483516483513,265.7967032967033,254.76923076923072,265.8461538461538,276.9230769230769,236.57142857142853,246.8571428571428,257.14285714285717
47,3,2026-09-12,244.53296703296698,255.16483516483513,265.7967032967033,254.76923076923072,265.8461538461538,276.9230769230769,236.57142857142853,246.8571428571428,257.14285714285717
48,4,2026-09-13,244.53296703296698,255.16483516483513,265.7967032967033,254.76923076923072,265.8461538461538,276.9230769230769,236.57142857142853,246.8571428571428,257.14285714285717
49,5,2026-09-14,244.53296703296698,255.16483516483513,265.7967032967033,254.76923076923072,265.8461538461538,276.9230769230769,236.57142857142853,246.8571428571428,257.14285714285717
50,6,2026-09-15,244.53296703296698,255.16483516483513,265.7967032967033,254.76923076923072,265.8461538461538,276.9230769230769,236.57142857142853,246.8571428571428,257.14285714285717
51,7,2026-09-16,244.53296703296698,255.16483516483513,265.7967032967033,254.76923076923072,265.8461538461538,276.9230769230769,236.57142857142853,246.8571428571428,257.14285714285717
52,1,2026-09-17,244.53296703296698,255.16483516483513,265.7967032967033,254.76923076923072,265.8461538461538,276.9230769230769,236.57142857142853,246.8571428571428,257.14285714285717
1,2,2026-09-18,244.53296703296698,255.16483516483513,265.7967032967033,254.76923076923072,265.8461538461538,276.9230769230769,236.57142857142853,246.8571428571428,257.14285714285717
2,3,2026-09-19,244.53296703296698,255.16483516483513,265.7967032967033,254.76923076923072,265.8461538461538,276.9230769230769,236.57142857142853,246.8571428571428,257.14285714285717
3,4,2026-09-20,244.53296703296698,255.16483516483513,265.7967032967033,254.76923076923072,265.8461538461538,276.9230769230769,236.57142857142853,246.8571428571428,257.14285714285717
4,5,2026-09-21,244.53296703296698,255.16483516483513,265.7967032967033,254.76923076923072,265.8461538461538,276.9230769230769,236.57142857142853,246.8571428571428,257.14285714285717
5,6,2026-09-22,244.53296703296698,255.16483516483513,265.7967032967033,254.76923076923072,265.8461538461538,276.9230769230769,236.57142857142853,246.8571428571428,257.14285714285717
6,7,2026-09-23,244.53296703296698,255.16483516483513,265.7967032967033,254.76923076923072,265.8461538461538,276.9230769230769,236.57142857142853,246.8571428571428,257.14285714285717
7,1,2026-09-24,244.53296703296698,255.16483516483513,265.7967032967033,254.76923076923072,265.8461538461538,276.9230769230769,236.57142857142853,246.8571428571428,257.14285714285717
8,2,2026-09-25,244.53296703296698,255.16483516483513,265.7967032967033,254.76923076923072,265.8461538461538,276.9230769230769,236.57142857142853,246.8571428571428,257.14285714285717
9,3,2026-09-26,244.53296703296698,255.16483516483513,265.7967032967033,254.76923076923072,265.8461538461538,276.9230769230769,236.57142857142853,246.8571428571428,257.14285714285717
10,4,2026-09-27,244.53296703296698,255.16483516483513,265.7967032967033,254.76923076923072,265.8461538461538,276.9230769230769,236.57142857142853,246.8571428571428,257.14285714285717
11,5,2026-09-28,244.53296703296698,255.16483516483513,265.7967032967033,254.76923076923072,265.8461538461538,276.9230769230769,236.57142857142853,246.8571428571428,257.14285714285717
12,6,2026-09-29,244.53296703296698,255.16483516483513,265.7967032967033,254.76923076923072,265.8461538461538,276.9230769230769,236.57142857142853,246.8571428571428,257.14285714285717
13,7,2026-09-30,244.53296703296698,255.16483516483513,265.7967032967033,254.76923076923072,265.8461538461538,276.9230769230769,236.57142857142853,246.8571428571428,257.14285714285717
14,1,2026-10-01,244.53296703296698,255.16483516483513,265.7967032967033,254.76923076923072,265.8461538461538,276.9230769230769,236.57142857142853,246.8571428571428,257.14285714285717
15,2,2026-10-02,244.53296703296698,255.16483516483513,265.7967032967033,254.76923076923072,265.8461538461538,276.9230769230769,236.57142857142853,246.8571428571428,257.14285714285717
16,3,2026-10-03,244.53296703296698,255.16483516483513,265.7967032967033,254.76923076923072,265.8461538461538,276.9230769230769,236.57142857142853,246.8571428571428,257.14285714285717
17,4,2026-10-04,244.53296703296698,255.16483516483513,265.7967032967033,254.76923076923072,265.8461538461538,276.9230769230769,236.57142857142853,246.8571428571428,257.14285714285717
18,5,2026-10-05,244.53296703296698,255.16483516483513,265.7967032967033,254.76923076923072,265.8461538461538,276.9230769230769,236.57142857142853,246.8571428571428,257.14285714285717
19,6,2026-10-06,244.53296703296698,255.16483516483513,265.7967032967033,254.76923076923072,265.8461538461538,276.9230769230769,236.57142857142853,246.8571428571428,257.14285714285717
20,7,2026-10-07,244.53296703296698,255.16483516483513,265.7967032967033,254.76923076923072,265.8461538461538,276.9230769230769,236.57142857142853,246.8571428571428,257.14285714285717
21,1,2026-10-08,244.53296703296698,255.16483516483513,265.7967032967033,254.76923076923072,265.8461538461538,276.9230769230769,236.57142857142853,246.8571428571428,257.14285714285717
22,2,2026-10-09,244.53296703296698,255.16483516483513,265.7967032967033,254.76923076923072,265.8461538461538,276.9230769230769,236.57142857142853,246.8571428571428,257.14285714285717
23,3,2026-10-10,244.53296703296698,255.16483516483513,265.7967032967033,254.76923076923072,265.8461538461538,276.9230769230769,236.57142857142853,246.8571428571428,257.14285714285717
24,4,2026-10-11,244.53296703296698,255.16483516483513,265.7967032967033,254.76923076923072,265.8461538461538,276.9230769230769,236.57142857142853,246.8571428571428,257.14285714285717
25,5,2026-10-12,244.53296703296698,255.16483516483513,265.7967032967033,254.76923076923072,265.8461538461538,276.9230769230769,236.57142857142853,246.8571428571428,257.14285714285717
26,6,2026-10-13,244.53296703296698,255.16483516483513,265.7967032967033,254.76923076923072,265.8461538461538,276.9230769230769,236.57142857142853,246.8571428571428,257.14285714285717
27,7,2026-10-14,244.53296703296698,255.16483516483513,265.7967032967033,254.76923076923072,265.8461538461538,276.9230769230769,236.57142857142853,246.8571428571428,257.14285714285717
28,1,2026-10-15,244.53296703296698,255.16483516483513,265.7967032967033,254.76923076923072,265.8461538461538,276.9230769230769,236.57142857142853,246.8571428571428,257.14285714285717
29,2,2026-10-16,244.53296703296698,255.16483516483513,265.7967032967033,254.76923076923072,265.8461538461538,276.9230769230769,236.57142857142853,246.8571428571428,257.14285714285717
30,3,2026-10-17,244.53296703296698,255.16483516483513,265.7967032967033,254.76923076923072,265.8461538461538,276.9230769230769,236.57142857142853,246.8571428571428,257.14285714285717
31,4,2026-10-18,244.53296703296698,255.16483516483513,265.7967032967033,254.76923076923072,265.8461538461538,276.9230769230769,236.57142857142853,246.8571428571428,257.14285714285717
32,5,2026-10-19,244.53296703296698,255.16483516483513,265.7967032967033,254.76923076923072,265.8461538461538,276.9230769230769,236.57142857142853,246.8571428571428,257.14285714285717
33,6,2026-10-20,244.53296703296698,255.16483516483513,265.7967032967033,254.76923076923072,265.8461538461538,276.9230769230769,236.57142857142853,246.8571428571428,257.14285714285717
34,7,2026-10-21,244.53296703296698,255.16483516483513,265.7967032967033,254.76923076923072,265.8461538461538,276.9230769230769,236.57142857142853,246.8571428571428,257.14285714285717
35,1,2026-10-22,244.53296703296698,255.16483516483513,265.7967032967033,254.76923076923072,265.8461538461538,276.9230769230769,236.57142857142853,246.8571428571428,257.14285714285717
36,2,2026-10-23,244.53296703296698,255.16483516483513,265.7967032967033,254.76923076923072,265.8461538461538,276.9230769230769,236.57142857142853,246.8571428571428,257.14285714285717
37,3,2026-10-24,244.53296703296698,255.16483516483513,265.7967032967033,254.76923076923072,265.8461538461538,276.9230769230769,236.57142857142853,246.8571428571428,257.14285714285717
38,4,2026-10-25,244.53296703296698,255.16483516483513,265.7967032967033,254.76923076923072,265.8461538461538,276.9230769230769,236.57142857142853,246.8571428571428,257.14285714285717
39,5,2026-10-26,244.53296703296698,255.16483516483513,265.7967032967033,254.76923076923072,265.8461538461538,276.9230769230769,236.57142857142853,246.8571428571428,257.14285714285717
40,6,2026-10-27,244.53296703296698,255.16483516483513,265.7967032967033,254.76923076923072,265.8461538461538,276.9230769230769,236.57142857142853,246.8571428571428,257.14285714285717
41,7,2026-10-28,244.53296703296698,255.16483516483513,265.7967032967033,254.76923076923072,265.8461538461538,276.9230769230769,236.57142857142853,246.8571428571428,257.14285714285717
42,1,2026-10-29,244.53296703296698,255.16483516483513,265.7967032967033,254.76923076923072,265.8461538461538,276.9230769230769,236.57142857142853,246.8571428571428,257.14285714285717
43,2,2026-10-30,244.53296703296698,255.16483516483513,265.7967032967033,254.76923076923072,265.8461538461538,276.9230769230769,236.57142857142853,246.8571428571428,257.14285714285717
44,3,2026-10-31,244.53296703296698,255.16483516483513,265.7967032967033,254.76923076923072,265.8461538461538,276.9230769230769,236.57142857142853,246.8571428571428,257.14285714285717
45,4,2026-11-01,244.53296703296698,255.16483516483513,265.7967032967033,254.76923076923072,265.8461538461538,276.9230769230769,236.57142857142853,246.8571428571428,257.14285714285717
46,5,2026-11-02,244.53296703296698,255.16483516483513,265.7967032967033,254.76923076923072,265.8461538461538,276.9230769230769,236.57142857142853,246.8571428571428,257.14285714285717
47,6,2026-11-03,244.53296703296698,255.16483516483513,265.7967032967033,254.76923076923072,265.8461538461538,276.9230769230769,236.57142857142853,246.8571428571428,257.14285714285717
48,7,2026-11-04,244.53296703296698,255.16483516483513,265.7967032967033,254.76923076923072,265.8461538461538,276.9230769230769,236.57142857142853,246.8571428571428,257.14285714285717
49,1,2026-11-05,244.53296703296698,255.16483516483513,265.7967032967033,254.76923076923072,265.8461538461538,276.9230769230769,236.57142857142853,246.8571428571428,257.14285714285717
50,2,2026-11-06,244.53296703296698,255.16483516483513,265.7967032967033,254.76923076923072,265.8461538461538,276.9230769230769,236.57142857142853,246.8571428571428,257.14285714285717
51,3,2026-11-07,244.53296703296698,255.16483516483513,265.7967032967033,254.76923076923072,265.8461538461538,276.9230769230769,236.57142857142853,246.8571428571428,257.14285714285717
52,4,2026-11-08,244.53296703296698,255.16483516483513,265.7967032967033,254.76923076923072,265.8461538461538,276.9230769230769,236.57142857142853,246.8571428571428,257.14285714285717
1,5,2026-11-09,244.53296703296698,255.16483516483513,265.7967032967033,254.76923076923072,265.8461538461538,276.9230769230769,236.57142857142853,246.8571428571428,257.14285714285717
2,6,2026-11-10,244.53296703296698,255.16483516483513,265.7967032967033,254.76923076923072,265.8461538461538,276.9230769230769,236.57142857142853,246.8571428571428,257.14285714285717
3,7,2026-11-11,244.53296703296698,255.16483516483513,265.7967032967033,254.76923076923072,265.8461538461538,276.9230769230769,236.57142857142853,246.8571428571428,257.14285714285717
4,1,2026-11-12,244.53296703296698,255.16483516483513,265.7967032967033,254.76923076923072,265.8461538461538,276.9230769230769,236.57142857142853,246.8571428571428,257.14285714285717
5,2,2026-11-13,244.53296703296698,255.16483516483513,265.7967032967033,254.76923076923072,265.8461538461538,276.9230769230769,236.57142857142853,246.8571428571428,257.14285714285717
6,3,2026-11-14,244.53296703296698,255.16483516483513,265.7967032967033,254.76923076923072,265.8461538461538,276.9230769230769,236.57142857142853,246.8571428571428,257.14285714285717
7,4,2026-11-15,244.53296703296698,255.16483516483513,265.7967032967033,254.76923076923072,265.8461538461538,276.9230769230769,236.57142857142853,246.8571428571428,257.14285714285717
8,5,2026-11-16,244.53296703296698,255.16483516483513,265.7967032967033,254.76923076923072,265.8461538461538,276.9230769230769,236.57142857142853,246.8571428571428,257.14285714285717
9,6,2026-11-17,244.53296703296698,255.16483516483513,265.7967032967033,254.76923076923072,265.8461538461538,276.9230769230769,236.57142857142853,246.8571428571428,257.14285714285717
10,7,2026-11-18,244.53296703296698,255.16483516483513,265.7967032967033,254.76923076923072,265.8461538461538,276.9230769230769,236.57142857142853,246.8571428571428,257.14285714285717
11,1,2026-11-19,244.53296703296698,255.16483516483513,265.7967032967033,254.76923076923072,265.8461538461538,276.9230769230769,236.57142857142853,246.8571428571428,257.14285714285717
12,2,2026-11-20,244.53296703296698,255.16483516483513,265.7967032967033,254.76923076923072,265.8461538461538,276.9230769230769,236.57142857142853,246.8571428571428,257.14285714285717
13,3,2026-11-21,244.53296703296698,255.16483516483513,265.7967032967033,254.76923076923072,265.8461538461538,276.9230769230769,236.57142857142853,246.8571428571428,257.14285714285717
14,4,2026-11-22,244.53296703296698,255.16483516483513,265.7967032967033,254.76923076923072,265.8461538461538,276.9230769230769,236.57142857142853,246.8571428571428,257.14285714285717
15,5,2026-11-23,244.53296703296698,255.16483516483513,265.7967032967033,254.76923076923072,265.8461538461538,276.9230769230769,236.57142857142853,246.8571428571428,257.14285714285717
16,6,2026-11-24,244.53296703296698,255.16483516483513,265.7967032967033,254.76923076923072,265.8461538461538,276.9230769230769,236.57142857142853,246.8571428571428,257.14285714285717
17,7,2026-11-25,244.53296703296698,255.16483516483513,265.7967032967033,254.76923076923072,265.8461538461538,276.9230769230769,236.57142857142853,246.8571428571428,257.14285714285717
18,1,2026-11-26,244.53296703296698,255.16483516483513,265.7967032967033,254.76923076923072,265.8461538461538,276.9230769230769,236.57142857142853,246.8571428571428,257.14285714285717
19,2,2026-11-27,244.53296703296698,255.16483516483513,265.7967032967033,254.76923076923072,265.8461538461538,276.9230769230769,236.57142857142853,246.8571428571428,257.14285714285717
20,3,2026-11-28,244.53296703296698,255.16483516483513,265.7967032967033,254.76923076923072,265.8461538461538,276.9230769230769,236.57142857142853,246.8571428571428,257.14285714285717
21,4,2026-11-29,244.53296703296698,255.16483516483513,265.7967032967033,254.76923076923072,265.8461538461538,276.9230769230769,236.57142857142853,246.8571428571428,257.14285714285717
22,5,2026-11-30,244.53296703296698,255.16483516483513,265.7967032967033,254.76923076923072,265.8461538461538,276.9230769230769,236.57142857142853,246.8571428571428,257.14285714285717
23,6,2026-12-01,244.53296703296698,255.16483516483513,265.7967032967033,254.76923076923072,265.8461538461538,276.9230769230769,236.57142857142853,246.8571428571428,257.14285714285717
24,7,2026-12-02,244.53296703296698,255.16483516483513,265.7967032967033,254.76923076923072,265.8461538461538,276.9230769230769,236.57142857142853,246.8571428571428,257.14285714285717
25,1,2026-12-03,244.53296703296698,255.16483516483513,265.7967032967033,254.76923076923072,265.8461538461538,276.9230769230769,236.57142857142853,246.8571428571428,257.14285714285717
26,2,2026-12-04,244.53296703296698,255.16483516483513,265.7967032967033,254.76923076923072,265.8461538461538,276.9230769230769,236.57142857142853,246.8571428571428,257.14285714285717
27,3,2026-12-05,244.53296703296698,255.16483516483513,265.7967032967033,254.76923076923072,265.8461538461538,276.9230769230769,236.57142857142853,246.8571428571428,257.14285714285717
28,4,2026-12-06,244.53296703296698,255.16483516483513,265.7967032967033,254.76923076923072,265.8461538461538,276.9230769230769,236.57142857142853,246.8571428571428,257.14285714285717
29,5,2026-12-07,244.53296703296698,255.16483516483513,265.7967032967033,254.76923076923072,265.8461538461538,276.9230769230769,236.57142857142853,246.8571428571428,257.14285714285717
30,6,2026-12-08,244.53296703296698,255.16483516483513,265.7967032967033,254.76923076923072,265.8461538461538,276.9230769230769,236.57142857142853,246.8571428571428,257.14285714285717
31,7,2026-12-09,244.53296703296698,255.16483516483513,265.7967032967033,254.76923076923072,265.8461538461538,276.9230769230769,236.57142857142853,246.8571428571428,257.14285714285717
32,1,2026-12-10,244.53296703296698,255.16483516483513,265.7967032967033,254.76923076923072,265.8461538461538,276.9230769230769,236.57142857142853,246.8571428571428,257.14285714285717
33,2,2026-12-11,244.53296703296698,255.16483516483513,265.7967032967033,254.76923076923072,265.8461538461538,276.9230769230769,236.57142857142853,246.8571428571428,257.14285714285717
34,3,2026-12-12,244.53296703296698,255.16483516483513,265.7967032967033,254.76923076923072,265.8461538461538,276.9230769230769,236.57142857142853,246.8571428571428,257.14285714285717
35,4,2026-12-13,244.53296703296698,255.16483516483513,265.7967032967033,254.76923076923072,265.8461538461538,276.9230769230769,236.57142857142853,246.8571428571428,257.14285714285717
36,5,2026-12-14,244.53296703296698,255.16483516483513,265.7967032967033,254.76923076923072,265.8461538461538,276.9230769230769,236.57142857142853,246.8571428571428,257.14285714285717
37,6,2026-12-15,244.53296703296698,255.16483516483513,265.7967032967033,254.76923076923072,265.8461538461538,276.9230769230769,236.57142857142853,246.8571428571428,257.14285714285717
38,7,2026-12-16,244.53296703296698,255.16483516483513,265.7967032967033,254.76923076923072,265.8461538461538,276.9230769230769,236.57142857142853,246.8571428571428,257.14285714285717
39,1,2026-12-17,244.53296703296698,255.16483516483513,265.7967032967033,254.76923076923072,265.8461538461538,276.9230769230769,236.57142857142853,246.8571428571428,257.14285714285717
40,2,2026-12-18,244.53296703296698,255.16483516483513,265.7967032967033,254.76923076923072,265.8461538461538,276.9230769230769,236.57142857142853,246.8571428571428,257.14285714285717
41,3,2026-12-19,244.53296703296698,255.16483516483513,265.7967032967033,254.76923076923072,265.8461538461538,276.9230769230769,236.57142857142853,246.8571428571428,257.14285714285717
42,4,2026-12-20,244.53296703296698,255.16483516483513,265.7967032967033,254.76923076923072,265.8461538461538,276.9230769230769,236.57142857142853,246.8571428571428,257.14285714285717
43,5,2026-12-21,244.53296703296698,255.16483516483513,265.7967032967033,254.76923076923072,265.8461538461538,276.9230769230769,236.57142857142853,246.8571428571428,257.14285714285717
44,6,2026-12-22,244.53296703296698,255.16483516483513,265.7967032967033,254.76923076923072,265.8461538461538,276.9230769230769,236.57142857142853,246.8571428571428,257.14285714285717
45,7,2026-12-23,244.53296703296698,255.16483516483513,265.7967032967033,254.76923076923072,265.8461538461538,276.9230769230769,236.57142857142853,246.8571428571428,257.14285714285717
46,1,2026-12-24,244.53296703296698,255.16483516483513,265.7967032967033,254.76923076923072,265.8461538461538,276.9230769230769,236.57142857142853,246.8571428571428,257.14285714285717
47,2,2026-12-25,244.53296703296698,255.16483516483513,265.7967032967033,254.76923076923072,265.8461538461538,276.9230769230769,236.57142857142853,246.8571428571428,257.14285714285717
48,3,2026-12-26,244.53296703296698,255.16483516483513,265.7967032967033,254.76923076923072,265.8461538461538,276.9230769230769,236.57142857142853,246.8571428571428,257.14285714285717
49,4,2026-12-27,244.53296703296698,255.16483516483513,265.7967032967033,254.76923076923072,265.8461538461538,276.9230769230769,236.57142857142853,246.8571428571428,257.14285714285717
50,5,2026-12-28,244.53296703296698,255.16483516483513,265.7967032967033,254.76923076923072,265.8461538461538,276.9230769230769,236.57142857142853,246.8571428571428,257.14285714285717
51,6,2026-12-29,244.53296703296698,255.16483516483513,265.7967032967033,254.76923076923072,265.8461538461538,276.9230769230769,236.57142857142853,246.8571428571428,257.14285714285717
52,7,2026-12-30,244.53296703296698,255.16483516483513,265.7967032967033,254.76923076923072,265.8461538461538,276.9230769230769,236.57142857142853,246.8571428571428,257.14285714285717
