semaine,jour_semaine,date,pmf_daily,units_2026_expected_distnormal_68,units_2026_optimistic_distnormal_68,units_2026_conservative_distnormal_68,units_2026_expected_distnormal_95,units_2026_optimistic_distnormal_95,units_2026_conservative_distnormal_95,units_2026_expected_distnormal_99,units_2026_optimistic_distnormal_99,units_2026_conservative_distnormal_99
1,1,2026-01-01,0.0008269062321386885,76.27816002489108,77.92217406765457,74.88284859968942,78.3312618215634,68.16652725704554,83.13015635980416,86.85345023064733,85.89631296488784,67.41751948083255
2,2,2026-01-02,0.0013481535300069953,124.36073971050685,127.04107183159907,122.08588199359316,127.70803149169063,111.1358710070657,135.53194956173306,141.60225303767632,140.04177624673775,109.9147198798181
3,3,2026-01-03,0.0019827418174545833,182.89848565862326,186.84047480367906,179.55283145552917,187.82137852064074,163.4485494124725,199.32808690995242,208.2557381592357,205.96073056574213,161.65259119886082
4,4,2026-01-04,0.0028649575935051374,264.27868758069695,269.9746544661592,259.4443933069715,271.39200872159853,236.17455316891707,288.0185968562702,300.9185831346832,297.6024179263595,233.57948805433233
5,5,2026-01-05,0.001579331326705198,145.68578998269987,148.82573835697232,143.02084568952267,149.60706649311257,130.193155820477,158.77260931191063,165.8838323505173,164.05576913244087,128.76260493218646
6,6,2026-01-06,0.0012352513087892018,113.94604773879112,116.40191325178779,111.86169984399885,117.01301782904868,101.82870649323857,124.18171547421171,129.74365641529107,128.31386303090403,100.70982166700206
7,7,2026-01-07,0.0005200029219283048,47.96779193412296,49.00163600579854,47.09034538709642,49.258892293258704,42.866762848903036,52.276694173233466,54.618100752101135,54.016201581993144,42.39574664774269
8,1,2026-01-08,0.0008095869824999013,74.68054176527096,76.29012253312412,73.31445462930269,76.69064209313291,66.73880418919478,81.38902553438623,85.03433637218234,84.09724599759382,66.00548410785389
9,2,2026-01-09,0.001447049240734858,133.48339782515757,136.36034950344572,131.0416646999825,137.07623493359498,119.2884001559875,145.47408758971483,151.98968677065403,150.31473899560328,117.97766975905934
10,3,2026-01-10,0.0019897178902485925,183.54199513556895,187.497853763271,180.18456959287892,188.48220868889393,164.02362629274955,200.02940224608608,208.98846451643436,206.6853821751879,162.22134918520882
11,4,2026-01-11,0.00276497516182325,255.05578463584453,260.5529713992976,250.3901994899779,261.9208622611653,227.9324395052653,277.967209098009,290.417006515092,287.21657016158235,225.42793800709055
12,5,2026-01-12,0.0030729285470717095,283.4630171456718,289.5724615874297,278.2777952379013,291.0927034097613,253.31876749936583,308.9262369445204,322.7626498050926,319.2057599025805,250.53532327310734
13,6,2026-01-13,0.0026454020153132323,244.02573159031235,249.28518894218334,239.56191270401453,250.59392447539054,218.07535313441457,265.9463366224169,277.8577344650201,274.7957030600532,215.6791604300079
14,7,2026-01-14,0.0013774748652405808,127.06549318092912,129.80412052946437,124.74115900288419,130.4855860654414,113.55299343247506,138.47966852660522,144.68199658226146,143.08758058329283,112.30528317766822
15,1,2026-01-15,0.002439119321376159,224.99713593225152,229.8464722420613,220.88139593142458,231.05315542561488,201.0703115318742,245.20841987343005,256.1909928261658,253.36773196854108,198.86096872150864
16,2,2026-01-16,0.0034901789539903906,321.9523791463394,328.89138019519766,316.0630940240036,330.6180444934398,287.7150631502919,350.87306261861244,366.58822039887053,362.5483665300786,284.55367546773385
17,3,2026-01-17,0.004148898263898905,382.7160969414428,390.96473111874917,375.7152969418528,393.017277593801,342.0169973339128,417.09512879930713,435.7762886168761,430.97397248249194,338.25894479833136
18,4,2026-01-18,0.00350643426813754,323.4518544260991,330.42317348598294,317.53514028621777,332.1578796270545,289.05508003711304,352.5072343713579,368.2955846239671,364.2369153607179,285.87896836744767
19,5,2026-01-19,0.002502883597297171,230.87908657373427,235.85519586089805,226.65575151647369,237.09342456122525,206.32675909951865,251.6187406830504,262.88842374390737,259.99135625339477,204.05965890790088
20,6,2026-01-20,0.0015503018069547756,143.00795510021095,146.0901884201405,140.39199486230098,146.85715504759912,127.80008938511094,155.85422700674752,162.83473941728127,161.04027763317683,126.39583329928737
21,7,2026-01-21,0.0013166826332023478,121.4576994269876,124.0754626687144,119.23594531501264,124.72685301999326,108.5415481425624,132.36813186333794,138.29673197240774,136.77268248960627,107.34890320563593
22,1,2026-01-22,0.0021014225563076114,193.8462183497771,198.0241626656814,190.30030372483967,199.0637802186291,173.23206960555092,211.25924427011924,220.7212768680782,218.2888972806763,171.32861093682993
23,2,2026-01-23,0.0038598975714669846,356.05716004165527,363.73121734644536,349.5440162627694,365.6407891533304,318.19304630742994,388.04144433520474,405.4213266137012,400.95352643990117,314.6967692399117
24,3,2026-01-24,0.009613564281647353,886.8055000486248,905.9187127271174,870.583689693659,910.674743418609,792.5001241644568,966.4664152323562,1009.7532155679123,998.6255927817828,783.7922028497827
25,4,2026-01-25,0.012827891983101051,1183.311915473492,1208.8156953938906,1161.6662880134347,1215.1619210175377,1057.4752185080088,1289.607726820246,1347.367615112523,1332.5194340480175,1045.8557742780233
26,5,2026-01-26,0.006085421285265664,561.351118875737,573.4498522753307,551.0826537022003,576.4604370652647,501.6554716727461,611.7767689947325,639.1774716286051,632.1336457828266,496.1433256916869
27,6,2026-01-27,0.002924403276485601,269.7622685998472,275.57642244992905,264.8276664104019,277.0231857241723,241.074994853485,293.99476287003955,307.1624140159875,303.777440911124,238.42608411882375
28,7,2026-01-28,0.001597360770353858,147.3489202559297,150.52471387769162,144.653553300865,151.31496155551602,131.67942417127549,160.5851370343308,167.7775408821063,165.92860872904507,130.23254229771868
29,1,2026-01-29,0.002406630332724404,222.00018152665234,226.78492483727706,217.9392630464491,227.9755350407541,198.392061635564,241.94225183451346,252.77853727892546,249.9928821625043,196.21214719832668
30,2,2026-01-30,0.0024963379280655822,230.27527977471453,235.23837528629196,226.0629897993622,236.47336570757406,205.78716280341058,250.96069447955986,262.20090448871724,259.3114135573203,203.52599164819918
31,3,2026-01-31,0.002077131426073777,191.6054773235913,195.73512721666148,188.1005512536181,196.76272744101612,171.2296152439403,208.81721955678225,218.16987697675816,215.76561417584375,169.34815936674633
32,4,2026-02-01,0.0015032268802352942,138.66551740424453,141.65415868485815,136.1289908198001,142.39783636456355,123.919438652745,151.1217121619925,157.8902612575664,156.15028831983284,122.55782281415523
33,5,2026-02-02,0.0013175085466548722,121.53388600782328,124.15329128979755,119.31073825962727,124.80509023768155,108.60963282941724,132.45116221403495,138.38348114680704,136.85847567587416,107.41623978396964
34,6,2026-02-03,0.0009769713449982059,90.12095168368194,92.06331775631446,88.47242222920565,92.54664585038978,80.53723775418717,98.21643314828415,102.61542215023321,101.48458573186636,79.65230170448741
35,7,2026-02-04,0.0011282727950799316,104.07778956055054,106.3209656875244,102.17395589654787,106.87914576356751,93.00986647576714,113.4270008207859,118.5072517843022,117.2012851630076,91.98788228413912
36,1,2026-02-05,0.0008437264404661558,77.8297441012817,79.50719924972056,76.40605046302926,79.92460831138777,69.5531115453971,84.82111779402918,88.62014767475824,87.64354115410342,68.78886810358486
37,2,2026-02-06,0.0009991014763963322,92.16235086360132,94.14871496814203,90.4764792970682,94.6429912996299,82.36154883871093,100.44120932227808,104.93984321671088,103.78339135050479,81.45656742006656
38,3,2026-02-07,0.0020116946501973704,185.56924653004188,189.56879826412768,182.17473767239588,190.56402555110938,165.83529410688044,202.2387597521949,211.2967763325218,208.9682560696464,164.01311055353264
39,4,2026-02-08,0.0024051109035427088,221.86002142413616,226.64174388086641,217.80166681008194,227.83160239104743,198.26680655015812,241.78950128004578,252.61894522158897,249.83504883213828,196.08826840472787
40,5,2026-02-09,0.002099964417707449,193.7117120113813,197.88675732829174,190.16825783161798,198.92565350967197,173.11186704718412,211.1126553521566,220.56812241910154,218.1374306153184,171.2097291535497
41,6,2026-02-10,0.0047927168925490345,442.10529788647074,451.6339403952611,434.0181262362647,454.00499736942714,395.09058463167065,481.81920655672747,503.39927541720914,497.85174443509374,390.7493642100733
42,7,2026-02-11,0.005213162384724429,480.8893912787188,491.25394270497515,472.0927650663074,493.8330028303452,429.7502691140934,524.0872390698181,547.5604392953778,541.5262460616782,425.0282111429971
43,1,2026-02-12,0.004571455047964854,421.69494695110126,430.78368761191143,413.9811298212875,433.04528173828567,376.85072747062065,459.57541273603135,480.159210389727,474.8677882004967,372.7099249872751
44,2,2026-02-13,0.003093239547581767,285.3366101686253,291.48643593629816,280.1171157279272,293.01672603406337,254.993117402747,310.96813309017904,324.8959998795894,321.315600158506,252.1912755677471
45,3,2026-02-14,0.0031202188756608426,287.8253246378066,294.02878937021626,282.56030561009993,295.57242670409715,257.2171750182308,313.68040647079596,327.7297525319449,324.1181244571425,254.390895434738
46,4,2026-02-15,0.004308974552567165,397.4823718691909,406.04926180060306,390.2114611051615,408.1810013532255,355.21298530765137,433.1878445018751,452.58977656822054,447.60217342632086,351.30993642261717
47,5,2026-02-16,0.0028762669945564404,265.32192594273687,271.0403776196071,260.468548324509,272.4633268715458,237.10685064723043,289.15554835232916,302.1064572408044,298.77720149236995,234.50154153036044
48,6,2026-02-17,0.0018437696330198153,170.07896379348148,173.7446553199145,166.9678095484123,174.65680659968726,151.99229133863696,185.35699929117126,193.6589033125187,191.52475489683357,150.32221347611386
49,7,2026-02-18,0.0012428692471042986,114.64876625181503,117.1197773727176,112.55156394142591,117.73465070289583,102.45669595518211,124.94755853919315,130.5438006161627,129.10518952988124,101.33091083624619
50,1,2026-02-19,0.0022188639205417662,204.6796246374829,209.0910600609616,200.93554089621972,210.18877830543062,182.9134211845162,223.06580539210213,233.0566388318513,230.48832181662348,180.90358468038704
51,2,2026-02-20,0.0016329985851812417,150.6363388732859,153.8829858345832,147.88083710696304,154.69086428244574,134.61724950309005,164.16786141561866,171.52073092728673,169.6305482922291,133.13808706446372
52,3,2026-02-21,0.001882247652153989,173.62837772565882,177.3705693452532,170.4522961434499,178.3017565033525,155.16425067110316,189.22525378329962,197.70041199869746,195.5217255875365,153.45931959980663
1,4,2026-02-22,0.001842458653896914,169.95803221570472,173.62111731833292,166.84909010071428,174.53262002939985,151.88421996289762,185.2252045419778,193.521205644296,191.3885746763267,150.2153295790986
2,5,2026-02-23,0.0015387874522244356,141.9458107378053,145.00515178756643,139.34927968071972,145.7664220236674,126.85089642336122,154.69667120185323,161.62533816156323,159.84420414979286,125.45706998590154
3,6,2026-02-24,0.001188553155668741,109.63836561215317,112.00138816845497,107.63281560768066,112.58939019571775,97.97911532580174,119.4870782593275,124.83875237626718,123.46301172586199,96.90252946704493
4,7,2026-02-25,0.0009421494700385543,86.90879963148461,88.7819345758416,85.31902818134998,89.24803556234357,77.66667493058954,94.71573645786196,98.95793371176335,97.86740333160509,76.8132803714644
5,1,2026-02-26,0.001008405138907511,93.02056940188686,95.02543058774471,91.31899894944198,95.52430963505681,83.12850201853924,101.37652083549862,105.917046141869,104.74982536166588,82.21509338614646
6,2,2026-02-27,0.001528714299040744,141.0166103513073,144.0559244564824,138.43707660924818,144.81221129367967,126.02050980348466,153.68400160686087,160.56731238463485,158.79783796608208,124.63580758080572
7,3,2026-02-28,0.0013126173984808157,121.08270089320492,123.69238183646839,118.8678064083952,124.341761031371,108.206428001147,131.95944755923466,137.86974321861726,136.35039921207755,107.01746533471288
8,4,2026-03-01,0.0018038690289361088,166.39832317777945,169.98468629806572,163.35449672223055,170.87709791707672,148.70306033500802,181.34573014430524,189.46797452728768,187.3800107376345,147.06912425201534
9,5,2026-03-02,0.0016516673841903914,152.3584466322387,155.64220997570808,149.57144336364163,156.45932426768212,136.15622350891186,166.04466451657785,173.4815936497909,171.56980203109748,134.66015095994058
10,6,2026-03-03,0.0011927349574850454,110.02411690503125,112.39545351272469,108.01151057950874,112.98552436453592,98.32384474785168,119.90748123289801,125.27798466381137,123.8974036116764,97.24347103267628
11,7,2026-03-04,0.0009092699624200806,83.87582171187822,85.68358724656936,82.34153073927779,86.13342205511971,74.95623236145309,91.41030894610188,95.50446030987183,94.45198769345791,74.13261990569968
12,1,2026-03-05,0.0019620689376353547,180.99151099361433,184.89239934222402,177.68073995415173,185.8630757545127,161.74436776416837,197.249810480308,206.084378374149,203.81329947159583,159.96713494787443
13,2,2026-03-06,0.0032738794597874554,301.99978138995044,308.5087464902434,296.47547737889016,310.1284029188916,269.8842804155493,329.1281415202057,343.8693719677972,340.0798830115191,266.9188157976052
14,3,2026-03-07,0.0034770909889888925,320.74507673406663,327.6580569387017,314.87787608320946,329.3782463477755,286.63614865147815,349.5573093509267,365.2135362174029,361.18883156208767,283.486615986067
15,4,2026-03-08,0.005434686941388227,501.323976151711,512.1289517371013,492.1535521217692,514.8176046794064,448.0117831080949,546.3574437402664,570.8280980809491,564.5374919672603,443.08906923538063
16,5,2026-03-09,0.003983703236225886,367.4776427293267,375.39784432899154,360.7555907915363,377.3686653795622,328.39904294085335,400.4878183854015,418.4251579122008,413.8140536842683,324.7906232844423
17,6,2026-03-10,0.0024870540786980496,229.41888890452836,234.36352672630017,225.22226438263243,235.5939242337333,205.02184293234683,250.0273748121681,261.2257826216268,258.34703767067356,202.76908104423148
18,7,2026-03-11,0.001153100902763811,106.36806419801215,108.66060233980838,104.42233588988779,109.23106539838498,95.05658690596239,115.92300870373626,121.11505268267696,119.78034772784596,94.01211353115843
19,1,2026-03-12,0.0015980944839910122,147.4166018430941,150.59385419799403,144.71999682864498,151.38446485925257,131.73990830926118,160.65889839566702,167.8546059209116,166.00482450025842,130.29236184134245
20,2,2026-03-13,0.0019186124501608674,176.9828570775284,180.79734738863334,173.7454139815685,181.74652497050718,158.1620053114589,192.8810629026551,201.51996015431982,199.2991817840208,156.4241351771478
21,3,2026-03-14,0.0033236361946005068,306.5896031047654,313.197492082489,300.98134019018374,314.84176420526967,273.98600765865297,334.1302626606696,349.09553174597147,345.24844977217685,270.9754736243162
22,4,2026-03-15,0.004682252985745739,431.9155288018628,441.22455243859145,424.01475259196735,443.5409606149061,385.9844240763785,470.71409997055207,491.79678524488475,486.37711534013647,381.74326134206274
23,5,2026-03-16,0.0044057014410029014,406.4049664609964,415.1641640044698,398.97083993281734,417.3437563655424,363.18672624801223,442.9119474863976,462.7494097457216,457.6498460139454,359.19606260233
24,6,2026-03-17,0.005762844190599205,531.5949188484458,543.0523204344747,521.8707663045676,545.9033196099936,475.06362913794254,579.3475971303989,605.2958384418557,598.625392970279,469.84367197218404
25,7,2026-03-18,0.004218488839412136,389.1354959602329,397.52248667536804,382.0172696777997,399.60946105907925,347.7537395160185,424.0911764752586,443.08568036160636,438.20281369974936,343.93265216441483
26,1,2026-03-19,0.00388554953144706,358.42343112810187,366.1484883900728,351.86700254684314,368.0707507563995,320.3076815117818,390.6202753576337,408.11566019453016,403.61816808483405,316.78816901955224
27,2,2026-03-20,0.003619164030117254,333.85063785480384,341.046080647862,327.74370489840237,342.8365565525835,298.34802776686433,363.8401308662115,380.1360671249814,375.9469140753518,295.06980600895463
28,3,2026-03-21,0.004032137994613571,371.94551841761046,379.96201560660865,365.14173826309053,381.95679834201104,332.39179223877954,405.3570392009272,423.5124649290775,418.84529786063285,328.7395006060048
29,4,2026-03-22,0.005362297091159422,494.6463573778758,505.30741104599866,485.598083092569,507.9602512200782,442.04428098153255,539.0799806682817,563.2246867028656,557.0178712544587,437.1871374947133
30,5,2026-03-23,0.0028493293936628513,262.8370606076027,268.501956279661,258.0291371664429,269.91157893879273,234.88623283811918,286.4474698698992,299.2770873707851,295.97901167719044,232.30532367345373
31,6,2026-03-24,0.0012451349386316405,114.8577655000643,117.33328115672045,112.75674008960505,117.94927537173659,102.64346963912831,125.17533199597781,130.78177575609973,129.34054215022746,101.51563226746224
32,7,2026-03-25,0.0004943404439116533,45.600550608916585,46.58337381197159,44.76640661226872,46.82793433649814,40.751260583693345,49.696805756397254,51.922662417515575,51.35046735784577,40.303489334432385
33,1,2026-03-26,0.0008412309478930103,77.59954680147058,79.27204053509065,76.18006402675196,79.68821502455131,69.34739406994996,84.57024208438096,88.35803556146328,87.38431755324838,68.58541103357442
34,2,2026-03-27,0.001209073857461256,111.53130257926746,113.93512337919479,109.49112619449765,114.53327742548785,99.67075208424687,121.5500559977013,126.99412826117795,125.59463506466562,98.57557867031325
35,3,2026-03-28,0.002848042652457805,262.71836486226374,268.3807022991458,257.91261265241764,269.78968838057506,234.78015953014605,286.3181117958967,299.14193551333307,295.8453492122606,232.2004158896127
36,4,2026-03-29,0.001879936347483934,173.4151708823233,177.1527672803714,170.2429893672416,178.08281098786009,154.97371683949427,188.99289476706645,197.4576459179421,195.28163482321517,153.27087933709805
37,5,2026-03-30,0.0011403781402920831,105.19444997906118,107.4616933542281,103.27018990414993,108.02586219694227,94.00777810381939,114.64396980851846,119.77872726367924,118.45874880335488,92.97482894742843
38,6,2026-03-31,0.0012059089104216045,111.239351294614,113.63687970348711,109.20451540262674,114.23346798449099,99.40984771533492,121.23187900005522,126.66170052087655,125.26587072492654,98.31754109554537
39,7,2026-04-01,0.0007909275754355588,72.95930036847764,74.53178342675848,71.62469888693118,74.92307178904672,65.20060441415852,79.51316662009538,83.07446012526532,82.15896786321257,64.48418593598316
40,1,2026-04-02,0.00134083005543674,123.68518407493816,126.3509560263674,121.42268389911305,127.01429261089572,110.53215584625669,134.79570939028363,140.8330376062507,139.28103767780706,109.31763828783323
41,2,2026-04-03,0.005931339471378893,547.1378056852163,558.9302012487665,537.1293362729596,561.8645585527881,488.9536419393284,596.2866870691422,622.9936086538996,616.1281312596324,483.5810625406563
42,3,2026-04-04,0.013159325378249478,1213.885067023382,1240.0477864156185,1191.6801829209508,1246.5579790501813,1084.7971356567614,1322.9272362043866,1382.1794629031083,1366.947650368329,1072.877480616149
43,4,2026-04-05,0.010185818641418728,939.5932381657824,959.8441786384693,922.4058128290002,964.8833154931566,839.6742666454342,1023.9960268817159,1069.859505282437,1058.0695027101328,830.4480000229348
44,5,2026-04-06,0.003530635121742044,325.6842678633625,332.7037018625543,319.72671750019305,334.45038067048813,291.0500923888866,354.940183436187,370.8375023800367,366.75082082476723,287.8520596998404
45,6,2026-04-07,0.0018704129596685696,172.53668373163313,176.2553462013897,169.38057186424416,177.18067849036493,154.18865046816407,188.03549393079663,196.45736431707712,194.29237646660704,152.49443920566344
46,7,2026-04-08,0.0014170185626182085,130.71321085351843,133.5304570239526,128.32215112594776,134.23148565150245,116.81280261079593,142.45505729292864,148.83543795038446,147.19525044200523,115.52927386087451
47,1,2026-04-09,0.0018365002765009931,169.40840029030582,173.05963924190712,166.3095122681896,173.96819421944505,151.3930374329071,184.62619969073543,192.89537212835603,190.76963793395964,149.72954411933168
48,2,2026-04-10,0.002281800457995302,210.48522034919617,215.02178308137698,206.63493826722822,216.15063734314154,188.10163361906822,229.39291237946316,239.6671288861736,237.0259633386293,186.03478949529796
49,3,2026-04-11,0.003137312751505624,289.4021532387491,295.6396031690468,284.10829021478236,297.1916971997128,258.62631925782387,315.3988801217884,329.5251944299866,325.8937803323543,255.7845561219817
50,4,2026-04-12,0.004943928190803798,456.0538196868409,465.8830930145723,447.71149594819457,468.3289573707176,407.55578163157406,497.0207111272955,519.281636024547,513.5590791895133,403.0775947271493
51,5,2026-04-13,0.0018639106573893794,171.93687732734534,175.64261224154382,168.79173736500152,176.5647277060095,153.6526291536293,187.38180747378473,195.77440007586006,193.61693858760947,151.96430764595348
52,6,2026-04-14,0.001128312000596087,104.08140608261668,106.32466015605728,102.17750626370733,106.88285962788665,93.01309840676701,113.4309422116734,118.51136970506978,117.20535770370779,91.99107870296683
1,7,2026-04-15,0.0006058977795246074,55.891183291448115,57.09579926760465,54.868798816138934,57.395549532012495,49.94755861994806,60.91183642390422,63.640000030830684,62.93867825880338,49.39873926073201
2,1,2026-04-16,0.0009825178214800047,90.6325877123024,92.5859810149515,88.97469920149798,93.07205306658557,80.9944649772778,98.77402896659765,103.19799197537702,102.06073555540895,80.10450495526536
3,2,2026-04-17,0.0014709219017317158,135.68553705807713,138.60995117937466,133.2035214977912,139.3376469126604,121.25635774693669,147.87404294651586,154.49713307251713,152.7945528857311,119.92400360594833
4,3,2026-04-18,0.0023782208410601836,219.3795412809204,224.1078022463547,215.36656062820302,225.28435768197187,196.05010759939816,239.0862019072551,249.79456851144553,247.0417971515088,193.89592634610327
5,4,2026-04-19,0.0022468627065597557,207.26237924420437,211.7294804682356,203.47105069512102,212.8410502959182,185.22151844643085,225.88056644855257,235.99746945256445,233.396744069311,183.18632077360212
6,5,2026-04-20,0.0017448801854101621,160.95688342164425,164.42596784290296,158.0125940165277,165.2891964511132,143.84027849374283,175.4154909041038,183.27212742127026,181.2524427401887,142.25977422779724
7,6,2026-04-21,0.0007868475549443557,72.58293791789131,74.1473092813734,71.25522101283633,74.53657917245683,64.86426539866511,79.10299587980758,82.64591835970599,81.73514868832363,64.15154258386274
8,7,2026-04-22,0.0005932074713719734,54.720562828801214,55.899948562399324,53.719591823685505,56.19342066677306,48.90142520969491,59.6360602113413,62.307083425890255,61.620450582758124,48.364100671922245
9,1,2026-04-23,0.0010545918071910776,97.28106948934972,99.37775672306579,95.50156421981997,99.89948527816283,86.93592861674128,106.01973769240985,110.76822677054925,109.54754529591993,85.98068431742857
10,2,2026-04-24,0.0014760971888873355,136.16293263993182,139.09763601099974,133.67218436363012,139.82789206674533,121.68298574808762,148.39432253050308,155.04071531670627,153.33214477695742,120.34594385633257
11,3,2026-04-25,0.0022952247425124116,211.72354663435112,216.2867988645698,207.85061257948237,217.42229439977928,189.20827282539653,230.74247636574432,241.07713812527834,238.42043407714223,187.12926904784376
12,4,2026-04-26,0.004371754321331891,403.273506416304,411.9652119766705,395.8966618411308,414.1280099898495,360.38827441827203,439.4991912916387,459.1838005457592,454.1235303300306,356.4283599139378
13,5,2026-04-27,0.0037368181892385136,344.70367345695934,352.13303042585414,338.3982123167518,353.9817122961643,308.04692122410825,375.66808458574667,392.4937798335163,388.1684430477026,304.66212888218234
14,6,2026-04-28,0.002084339691193685,192.2704054362941,196.41438644530047,188.7533162282446,197.44555274870115,171.8238330423736,209.5418775448483,218.92699147355185,216.5143851641481,169.93584795253378
15,7,2026-04-29,0.001787212290074404,164.86181838073634,168.41506539724813,161.84609830186844,169.29923658025376,147.329951753285,179.67120254709914,187.71844697083392,185.6497632214936,145.71110326601826
16,1,2026-04-30,0.0025435997800875155,234.63496043920506,239.6920196257328,230.34292139492646,240.95039147061263,209.6832228388261,255.71200121270138,267.16501620157555,264.2208200592843,207.37924212032104
17,2,2026-05-01,0.003077912247929567,283.9227398043929,290.0420925935266,278.7291084609736,291.564799956582,253.72960196543275,309.42725606308795,323.28610893213636,319.7234504362492,250.94164352637506
18,3,2026-05-02,0.002910715004367605,268.49959071630985,274.2865302212719,263.58808594920237,275.72652162189996,239.94659366581962,292.6186598038896,305.72467704541344,302.3555480046515,237.31008170366826
19,4,2026-05-03,0.0035607701300772463,328.46407880056984,335.54342573179224,322.4556789942659,337.3050129566599,293.5342904602446,357.9697022104381,374.002709443324,369.8811468600001,290.3089616223704
20,5,2026-05-04,0.0021899113849249826,202.0088911745224,206.36276459970233,198.31366158644434,207.44615942114575,180.52670098387435,220.1551624203941,230.0156318669629,227.48082717719598,178.54308955034594
21,6,2026-05-05,0.001992351325125448,183.78491695565538,187.74601124823693,180.42304778728155,188.73166898900013,164.24071512741529,200.29414550785853,209.26506529185852,206.95893477107293,162.43605266694792
22,7,2026-05-06,0.0015397722392496824,142.03665264875318,145.0979516033356,139.43845987413022,145.8597090341106,126.93207795155608,154.79567335736743,161.72877449758386,159.94650060280856,125.53735949864027
23,1,2026-05-07,0.002813046191433423,259.4901080774304,265.08286728266427,254.7434084663084,266.47453988515383,231.8952045962007,282.79986369964973,295.4661095639162,292.2100313830081,229.34716058547835
24,2,2026-05-08,0.007131943317630022,657.8877900866927,672.067166793108,645.8534364826062,675.5954878522786,587.9261634049363,716.9852398021432,749.098095903195,740.8429292817841,581.4660826886511
25,3,2026-05-09,0.010648520637876262,982.2752927420803,1003.4461544225485,964.307109736498,1008.71419960215,877.8173922230895,1070.5121708150186,1118.4590480830836,1106.1334716977665,868.1720123082407
26,4,2026-05-10,0.008657528606168535,798.6157641276998,815.8282339954809,784.0071566354646,820.1112939051139,713.6887312902228,870.3546771667812,909.3367551136679,899.3157358780155,705.8467825942561
27,5,2026-05-11,0.004130927281744797,381.0583594625389,389.2712646226057,374.08788347762817,391.3149204780936,340.53554829261634,415.28847830092303,433.8887205427055,429.10720567459975,336.7937737881544
28,6,2026-05-12,0.002417062219297024,222.96247335905247,227.76795683023147,218.883952241506,228.96372790549924,199.2520206644804,242.99098544928708,253.87424233716817,251.0765123965375,197.06265707344573
29,7,2026-05-13,0.0017634066815083807,162.66586441508224,166.17178229890888,159.6903136278765,167.04417635101356,145.36752167098973,177.2779880743826,185.21804346867168,183.17691451842106,143.77023619200668
30,1,2026-05-14,0.0018193005827371743,167.8218104905138,171.43885386227794,164.75194502051517,172.3388997926999,149.97517002763695,182.89708800145843,191.0888157278382,188.9829900396559,148.32725611578434
31,2,2026-05-15,0.0015409460175251162,142.14492810206028,145.2085607045134,139.54475470838437,145.97089882787438,127.02883909048128,154.91367509417404,161.8520613819547,160.06842884833318,125.63305743472375
32,3,2026-05-16,0.001247838887221926,115.10719187424391,117.5880833876545,113.00160385412646,118.20541530241518,102.86637131542192,125.44716410990195,131.06578288433866,129.62141947987513,101.73608471983917
33,4,2026-05-17,0.0018743760533315539,172.90226023942762,176.6288019358504,169.73946109644174,177.5560948498906,154.51535054817356,188.43390983706007,196.87362476456119,194.70404966527724,152.81754953407105
34,5,2026-05-18,0.0013800413968165204,127.30224349027449,130.04597348985777,124.97357857835448,130.7287087425172,113.76456705210406,138.73768589655347,144.9515702217293,143.35418348325044,112.51453204506586
35,6,2026-05-19,0.0017072571185307306,157.4863347614485,160.8806188633026,154.60553005753223,161.72523455589234,140.73879767977277,171.63318607815836,179.32041797740072,177.34428169148526,139.19237221086902
36,7,2026-05-20,0.0006182224258758571,57.02807319515505,58.25719242317503,55.98489226288727,58.56303994709985,50.963548473190585,62.15085209271688,64.93450963406592,64.21892218371669,50.40356550727116
37,1,2026-05-21,0.0007281329493839529,67.16679530743919,68.61443319824328,65.93815270703995,68.97465574976535,60.024090533894466,73.20032620441218,76.47887562420362,75.63606763316909,59.36455113267973
38,2,2026-05-22,0.001492400924075237,137.6668745299932,140.6339921804034,135.14861553107633,141.37231403387685,123.02699425338491,150.03336212500906,156.75316540799855,155.02572342682998,121.67518451497152
39,3,2026-05-23,0.0019964989669771535,184.16751715455828,188.1368575833806,180.79864930623938,189.12456724904555,164.58262855163207,200.71111432760605,209.700709614202,207.38977823156895,162.77420917668135
40,4,2026-05-24,0.002987550272362878,275.58727809839723,281.52697768020266,270.5461224432865,283.00498108991167,246.2805565585116,300.34302756669445,313.7950094064672,310.33694416536645,243.57444757195876
41,5,2026-05-25,0.006770052928166127,624.5051259270551,637.9650100730128,613.0814217236674,641.3142964111557,558.0935050711726,680.6038418975276,711.0872215033752,703.2509400764562,551.961222967729
42,6,2026-05-26,0.007888348128385823,727.6625299011479,743.3457532138224,714.3518281048421,747.2482835037997,650.2808623366258,793.0277797486694,828.5464844046165,819.4157853416352,643.135633700055
43,7,2026-05-27,0.003349635490827824,308.9879143050965,315.6474937967363,303.33578049722223,317.3046283134419,276.1292757416128,336.74401193068263,351.82634751823963,347.9491715696562,273.0951916670254
44,1,2026-05-28,0.0022543151903404238,207.9498353647544,212.43175324817543,204.14593158602452,213.54700997496747,185.83586856138123,226.62977611450648,236.78023526564203,234.17088369277758,183.7939204637923
45,2,2026-05-29,0.002314773533297596,213.52682944182104,218.1289476103055,209.6209089973578,219.27411433990574,190.81978949815644,232.7077463945049,243.13043009665338,240.45109848152865,188.7230785178465
46,3,2026-05-30,0.0035769091688284483,329.9528282290608,337.06426199832174,323.9171956068872,338.8338335421561,294.8647221128045,359.5921846186482,375.69786077302507,371.5576173830729,291.6247746095297
47,4,2026-05-31,0.004091970402220672,377.464772940974,385.6002259613535,370.5600323163466,387.62460903629574,337.3241138073998,411.37208323669114,429.7969151294862,425.0604925338788,333.61762626120037
48,5,2026-06-01,0.002604455527572533,240.24861319048577,245.42666276208953,235.853886904952,246.71514121408333,214.69990406392245,261.82992318160217,273.556952106773,270.5423159296994,212.34080049554402
49,6,2026-06-02,0.001880659871242769,173.48191250176362,177.220947373938,170.30851012157305,178.15134902371554,155.0333609685513,189.0656317242501,197.53364067083703,195.3567921032198,153.329868101737
50,7,2026-06-03,0.001625824876233413,149.97459840281053,153.20698295104265,147.23120146490345,154.01131241551798,134.0258803640989,163.4466774127235,170.767246011037,168.88536688597944,132.55321583730026
51,1,2026-06-04,0.0011901094175704738,109.78192335759908,112.14803999678625,107.77374733589791,112.73681193925965,98.10740673929028,119.64353166383655,125.00221312958428,123.62467111863356,97.02941122582185
52,2,2026-06-05,0.0013963690439488202,128.80839114327543,131.5845829627453,126.45217516001877,132.27539584287004,115.11054675334383,140.3791293956371,146.66653188542483,145.05024602764428,113.8457222403205
1,3,2026-06-06,0.001529437496534964,141.0833218743914,144.12407380502964,138.50256781775835,144.88071842310586,126.08012703671614,153.75670576416059,160.6432728685808,158.87296135478636,124.69476974514805
2,4,2026-06-07,0.0021891822705360424,201.9416338460921,206.29405768213167,198.2476345566835,207.37709179548492,180.46659598776293,220.08186342856038,229.93904990660147,227.4050891608339,178.4836449826191
3,5,2026-06-08,0.0016789157282220849,154.87197654129156,158.20991369369972,152.03899475146977,159.04050830959008,138.40245762102128,168.7839824850032,176.34360218261244,174.40027082641396,136.88170365017234
4,6,2026-06-09,0.001425622771777746,131.50690815274106,134.34126078595827,129.10132978825786,135.0465460951758,117.52209592048834,143.32005168405186,149.73917433906686,148.08902752827956,116.23077351837496
5,7,2026-06-10,0.0007388872048345972,68.15882413287343,69.62784310207937,66.91203493384353,69.99338600799746,60.91062424087785,74.28146805871059,77.60844044576073,76.75318449115156,60.241343685652126
6,1,2026-06-11,0.001114108303934086,102.77118274069439,104.98619772744786,100.8912500651712,105.53737033439361,91.84220787767167,112.00302272273025,117.01949552009276,115.72992418256709,90.83305381550934
7,2,2026-06-12,0.0009737816911019807,89.82672130922822,91.76274586985716,88.18357403758097,92.24449597564622,80.27429666025537,97.89577233231586,102.2803993445491,101.15325492473092,79.39224978405419
8,3,2026-06-13,0.001497403985624179,138.1283831202206,141.10544760997436,135.60168201666247,141.84624458230917,123.4394247300093,150.536327603653,157.27865807010855,155.5454250857219,122.08308324197378
9,4,2026-06-14,0.0023497728351406354,216.75534827864007,221.4270503267478,212.79037044189022,222.58953194069994,193.7049786167468,236.22628008262427,246.80655442923913,244.08671140572542,191.57656543342566
10,5,2026-06-15,0.0016848228202256822,155.41687763360378,158.76655897396017,152.5739282892492,159.6000759514267,138.88941240794028,169.37783153681252,176.96404897742661,175.0138802100814,137.36330782093498
11,6,2026-06-16,0.0013758708202282557,126.91752767119918,129.65296593683362,124.59590013901716,130.33363791829896,113.42076298867809,138.31841141243657,144.5135169672447,142.92095763738507,112.17450567029972
12,7,2026-06-17,0.0014376638685050802,132.61764195464661,135.47593410039937,130.19174559135942,136.18717639122295,118.51471118491277,144.53056167270913,151.00390152902293,149.33981724630664,117.21248201401185
13,1,2026-06-18,0.0023859633513712755,220.09375096703724,224.83740520825418,216.06770569746618,226.01779102515238,196.6883662309651,239.8645683867455,250.6077970346185,247.84606378171105,194.52717184824266
14,2,2026-06-19,0.002579523589502801,237.9487606946411,243.07724182098846,233.5961042553475,244.353385923392,212.6446243115789,259.3234770701377,270.9382454649178,267.95246780421115,210.3081039754516
15,3,2026-06-20,0.004511370701593573,416.15245227713336,425.1217362143811,408.540020735805,427.35360536185595,371.8976371739777,453.53504090849935,473.84829799800156,468.6264229530128,367.8112588090045
16,4,2026-06-21,0.0056674835002168845,522.7983495176601,534.0661596989771,513.2351074321073,536.8699819527078,467.20251158004885,569.760840139152,595.2797028098147,588.7196365649339,462.0689316791668
17,5,2026-06-22,0.0035131404849248504,324.0704709721868,331.055123000361,318.1424408444226,332.79314684670084,289.60791117038616,353.18142066775334,368.99996686627543,364.9335352114153,286.42572504109353
18,6,2026-06-23,0.0017448260147832964,160.95188643941808,164.42086316131764,158.0076884411523,165.28406497018932,143.83581290457533,175.41004504760105,183.26643765178784,181.2468156727681,142.25535770612882
19,7,2026-06-24,0.0011709694058252998,108.01634846889536,110.34441188407146,106.04046906805465,110.92371486366817,96.52958801980488,117.71935682119496,122.99185694539644,121.63646934300665,95.46892943896162
20,1,2026-06-25,0.0013982613128540994,128.98294393385447,131.7628978687034,126.6235349592761,132.4546468937091,115.26653711222136,140.56936210142263,146.86528487191833,145.24680872820733,113.99999859092277
21,2,2026-06-26,0.002465681224347367,227.447344924102,232.3494902947097,223.28678469426922,233.5693142054748,203.2599584501262,247.87872886541754,258.9809015583498,256.1268955131873,201.0265559929673
22,3,2026-06-27,0.0038867701424484696,358.53602667724033,366.26351069758977,351.9775384519618,368.1863769256284,320.40830333547115,390.74298526047147,408.2438661176948,403.74496116065154,316.8876852195369
23,4,2026-06-28,0.00626784645922101,578.178971987383,590.6403940886454,567.6026848147231,593.7412284156724,516.6938038432946,630.1162525364757,658.3383572902944,651.0833757833068,511.0164179975943
24,5,2026-06-29,0.008140426622691889,750.9155699438872,767.0999632422396,737.1795139907465,771.1272020191486,671.0611090988094,818.369618801459,855.0233521660344,845.6008742877299,663.6875489475964
25,6,2026-06-30,0.006383248033573818,588.8242173773482,601.515075176903,578.0532030047684,604.6730010688676,526.207004080377,641.7177504418725,670.4594715170754,663.0709136225271,520.4250880313501
26,7,2026-07-01,0.0028470529569570332,262.62707016783565,268.28743994110835,257.82298795802825,269.69593639953837,234.698573368732,286.2186161837824,299.0379836194195,295.7425428828726,232.11972618972882
27,1,2026-07-02,0.002637602527681805,243.30626601786958,248.5502168144698,238.8556078912563,249.85509377852756,217.43239754216611,265.16224212520893,277.0385213735083,273.9855178122989,215.04326957697575
28,2,2026-07-03,0.002991292176757429,275.93245095006046,281.8795900009764,270.8849812514091,283.35944460880756,246.58902276421995,300.71920697532937,314.1880374119031,310.72564094677506,243.87952437826434
29,3,2026-07-04,0.00445127939312686,410.60931538303356,419.4591287550253,403.09828117794495,421.66126947930695,366.94397295268703,447.49396917079684,467.53665434802025,462.38433450584205,362.9120250123195
30,4,2026-07-05,0.004053647163880137,373.92963679953897,381.9888974542701,367.08956233684023,383.9943212241716,334.1649139254957,407.5193890959988,425.7716637230745,421.07959996542803,330.49313938835473
31,5,2026-07-06,0.0017588415143715572,162.24474949797445,165.74159114245398,159.27690191775446,166.61172671119303,144.99118929136745,176.81904479503248,184.73854470411746,182.70269989784987,143.3980389193074
32,6,2026-07-07,0.0007480161229855952,69.00092333652192,70.4880919689571,67.7387301130685,70.85815114102105,61.663172261175,75.1992122524211,78.56728923353282,77.7014666301081,60.9856227748205
33,7,2026-07-08,0.000616393907296455,56.8594010683924,58.08488492627589,55.819305555929034,58.38982784393515,50.812813411900194,61.96702830532159,64.74245261325817,64.0289816583536,50.25448670951065
34,1,2026-07-09,0.0008811582553472935,81.28265067587704,83.03452590596352,79.79579505269842,83.47045326690012,72.6388263824668,88.58419576219512,92.55176911436595,91.53183557118393,71.84067737877335
35,2,2026-07-10,0.0021128561861596153,194.90091622677926,199.1015923196443,191.33570863518614,200.14686632766924,174.17460796197108,212.40868467873594,221.92219924925107,219.47658532790788,172.26079276510137
36,3,2026-07-11,0.0015605479856275694,143.95311626367877,147.05572052890784,141.31986674965603,147.82775615458718,128.644739468317,156.88429112049457,163.91093879131446,162.10461713839032,127.23120244203838
37,4,2026-07-12,0.0016223784531290632,149.65668229231375,152.88221483271155,146.91910080644547,153.68483927981976,133.74177234150685,163.1002031930219,170.40525365212926,168.52736373389897,132.27222956854794
38,5,2026-07-13,0.0017034319641941755,157.1334824992893,160.52016161861866,154.25913231384385,161.36288492760423,140.4234687135479,171.24863742470853,178.91864587932952,176.94693717857484,138.88050805145286
39,6,2026-07-14,0.0011967998690502386,110.39908562918137,112.7785038928547,108.37962022178367,113.37058574117003,98.65893824967421,120.31613304959711,125.7049394751282,124.31965332078231,97.57488255671993
40,7,2026-07-15,0.000982464421882263,90.62766185383926,92.58094899005116,88.96986344886055,93.06699462379085,80.99006294837356,98.76866062283958,103.19238319033643,102.0551885799702,80.10015129546562
41,1,2026-07-16,0.004322687740058296,398.7473480771879,407.34150188923155,391.45329784892584,409.4800256416237,356.3434404095285,434.56645234883814,454.03013050555154,449.02665446020774,352.4279701837566
42,2,2026-07-17,0.009762410688311681,900.5358718675755,919.9450136045999,884.0628999132082,924.7746817168934,804.7703698617894,981.4301736110998,1025.387181634167,1014.0872703379797,795.9276241719687
43,3,2026-07-18,0.008455317534611147,779.9627562344516,796.7732000582606,765.6953572220661,800.9562219347239,697.0193363996528,850.0260868830043,888.0976731512891,878.3107115930546,689.3605495413242
44,4,2026-07-19,0.00502291840310784,463.34029041393205,473.32660817212184,454.8646795607094,475.81155063322797,414.0673886926757,504.96171875853054,527.578311277935,521.7643239119802,409.51765282542914
45,5,2026-07-20,0.002642091118332109,243.7203171189534,248.97319190932038,239.26208499957772,250.2802894727593,217.80241729170686,265.61348705249634,277.5099769866116,274.4517779180821,215.40922358221488
46,6,2026-07-21,0.0021441756272681666,197.78998544396174,202.05292929947356,194.17192981191224,203.11369768802052,176.75644548238708,215.5572763028693,225.21181228377588,222.72994636303704,174.8142612830535
47,7,2026-07-22,0.0013456561292933297,124.1303663938243,126.80573330642721,121.85972276021735,127.4714574503153,110.92999623287331,135.2808820237812,141.3399405043322,139.78235443449074,109.71110723944709
48,1,2026-07-23,0.0016629482956811222,153.3990569680576,156.70524846140074,150.59301842789296,157.52794365549454,137.08617243265905,167.17875191325896,174.6664753771694,172.74162619480083,135.57988168711248
49,2,2026-07-24,0.0023274548396301827,214.69661952945876,219.32395004352858,210.7693008043627,220.47539047977486,191.86518083780015,233.9826176402421,244.46240120245608,241.76839107796994,189.75698318985306
50,3,2026-07-25,0.004103988515128253,378.5733865950163,386.73273343263855,371.64836675420025,388.763062118612,338.3148343864115,412.58028262656995,431.05922823188615,426.308894767935,334.5974608900604
51,4,2026-07-26,0.00265172435551214,244.60893735014415,249.88096446587247,240.13445022460624,251.1928277925959,218.5965391634308,266.58193121448534,278.52179652969556,275.45244706715937,216.1946197130053
52,5,2026-07-27,0.0015938208191257914,147.02237662164555,150.19113228758678,144.33298293682748,150.97962867773123,131.38760609989328,160.2292602883857,167.40572486977487,165.56089018158653,129.94393069751084
1,6,2026-07-28,0.0009168202066966138,84.57229577238067,86.39507232904079,83.02526461027306,86.84864240085618,75.57864142341228,92.16934662518621,96.29749432027596,95.23628235726893,74.74818999190126
2,7,2026-07-29,0.0007199188290532136,66.40908184405008,67.84038882737298,65.1942996494623,68.19654768230426,59.346954438342486,72.37454804370522,75.61611191097192,74.78281169768583,58.69485534869314
3,1,2026-07-30,0.0010719899108591678,98.88596165746395,101.0172389397685,97.07709904137975,101.54757469949797,88.37015206532313,107.76879583477229,112.59562300039248,111.35480336169202,87.39914864552942
4,2,2026-07-31,0.001764312978863359,162.74946602792093,166.25718576729128,159.77238596568392,167.13002818359362,145.44223285461612,177.3690995425269,185.31323570348067,183.27105772138268,143.84412645575114
5,3,2026-08-01,0.00186513605920559,172.0499148063228,175.75808600376064,168.90270711599703,176.68080770005426,153.75364591110315,187.50499900460886,195.90310919851538,193.7442293175883,152.06421444022516
6,4,2026-08-02,0.0024823836200299574,228.98806134533464,233.92341359234834,224.79931769806177,235.1515005265,204.6368307801491,249.55784641310606,260.7352246433246,257.861885710449,202.38829937153062
7,5,2026-08-03,0.0011114780432061357,102.5285537207209,104.73833935328061,100.6530593148616,105.28821071540371,91.62538070593634,111.73859856303316,116.74322813891968,115.4567013068815,90.61860912157152
8,6,2026-08-04,0.0008976177416328362,82.80095986260179,84.58555902865393,81.28633070431779,85.0296292406338,73.99567432593742,90.23889325429207,94.28057840054828,93.2415931353126,73.18261639697386
9,7,2026-08-05,0.0007727294939225323,71.28061405575454,72.81691658909074,69.97671979355775,73.19920198102724,63.700434296592405,77.68368547358901,81.1630388473086,80.2686107172027,63.00049955506776
10,1,2026-08-06,0.001075761596908639,99.23388172489544,101.37265768672282,97.41865481207172,101.90485937818003,88.6810733401953,108.14796923901875,112.99177909869171,111.74659376393963,87.70665354491585
11,2,2026-08-07,0.0017027412815109888,157.06977031260246,160.45507625080666,154.19658557663794,161.29745786466822,140.36653185889674,171.1792020314115,178.8461005631645,176.87519132202107,138.82419681392793
12,3,2026-08-08,0.0036290230831187275,334.76008851959716,341.9751325938561,328.6365195181885,343.7704859776571,299.16076490565143,364.8312766403247,381.17160505649525,376.97104023287477,295.87361286389915
13,4,2026-08-09,0.0053162482682529676,490.39857286967134,500.9680745472921,481.42800080285224,503.5981334085688,438.248217752345,534.4506216193146,558.387984555705,552.2344702468168,433.4327850727513
14,5,2026-08-10,0.002944277816951049,271.5956002632496,277.44926769098845,266.6274620181981,278.90586331478113,242.71336490283784,295.99278101557803,309.24992085059955,305.841943126131,240.04645190289096
15,6,2026-08-11,0.0027043379206346746,249.4622880493122,254.83891885109279,244.89902143985847,256.17681120546723,222.93377098201273,271.8712539034326,284.0480212480752,280.9177720100796,220.48419441173561
16,7,2026-08-12,0.0018637681019385787,171.92372726623083,175.62917875873785,168.7788278502047,176.55122369804977,153.64087750677388,187.36747615488252,195.75942687542934,193.60213039395833,151.95268512515497
17,1,2026-08-13,0.002243144841616586,206.91942391739235,211.37913346636046,203.13436884797446,212.4888639887387,184.91503394778206,225.50680376296856,235.6069664121282,233.01054442743177,182.88320389953412
18,2,2026-08-14,0.002159350456994892,199.18979118402962,203.4829048849213,195.54612973058192,204.55118057812697,178.00739196698726,217.08282529365803,226.8056886716946,224.30625800846323,176.05146247825292
19,3,2026-08-15,0.0029558195740041425,272.66027235936775,278.53688653721684,267.67265869514887,279.9991921088676,243.66481679203096,297.15309161815867,310.4622002878852,307.040863073116,240.9874493228251
20,4,2026-08-16,0.003115514862687853,287.39140185385946,293.5855143005028,282.134320319898,295.12682446108795,256.82939679613247,313.207504805813,327.2356702034357,323.62948698554703,254.00737808546808
21,5,2026-08-17,0.002814337718042711,259.6092452535101,265.204572208024,254.86036633624204,266.5968837556553,232.00167239193556,282.92970285770673,295.60176405256504,292.3441909400681,229.45245852248442
22,6,2026-08-18,0.0023299215649250755,214.92416318491607,219.55639792012587,210.99268213783836,220.70905869680638,192.06852686485217,234.23060133112656,244.72149176714868,242.02462642811417,189.95809486873372
23,7,2026-08-19,0.0020611991721012934,190.1358028056872,194.23377697998106,186.65776062548656,195.25349518611043,169.9162300226528,207.21552554067702,216.4964451247788,214.11062377878628,168.0492055061793
24,1,2026-08-20,0.005197673154718787,479.4605836109172,489.7943401167205,470.6900937350751,492.36573739705864,428.4734048478278,522.5300829350388,545.9335401197281,539.9172755442972,423.7653769484263
25,2,2026-08-21,0.007899738679745255,728.7132539924627,744.4191234355712,715.3833319196207,748.3272888687974,651.2198494908371,794.1728894101179,829.7428820699689,820.5989985360526,644.0643033464136
26,3,2026-08-22,0.007186673551448437,662.9363933879441,677.2245820363476,650.809688659168,680.7799792833052,592.4378841180796,722.4873544532398,754.8466432648046,746.5281268410638,585.9282290133926
27,4,2026-08-23,0.005876934304992218,542.1191883057217,553.8034182102621,532.2025215033606,556.7108601441327,484.4687183611984,590.817251947329,617.2792044960861,610.4767006412295,479.1454189063773
28,5,2026-08-24,0.0034142720135944505,314.9503255621668,321.73841218916687,309.18912487923905,323.4275237413469,281.4576275180606,343.2420210583276,358.61539420213467,354.6634020020048,278.3649959851303
29,6,2026-08-25,0.0026683162290167184,246.1394586270508,251.4444728844611,241.63697457783928,252.7645445569453,219.96430052927525,268.2499377974934,280.26451100402716,277.1759565823036,217.54735223785926
30,7,2026-08-26,0.00133305342314,122.96782679822343,125.61813763422705,120.7184488162717,126.27762695661657,109.89108434767493,134.01391257505264,140.01622510696643,138.47322656741554,108.68361082621314
31,1,2026-08-27,0.0011230226309233567,103.59348693211781,105.82622494257404,101.69851233066315,106.38180765294376,92.5770659426795,112.89919373663575,117.95580489280105,116.65591529399136,91.55983732505348
32,2,2026-08-28,0.0009257249395201736,85.39371494772978,87.23419545344724,83.83165804876813,87.69217088225278,76.31270858742913,93.06455312284466,97.2327959772824,96.16127685816045,75.4741912908046
33,3,2026-08-29,0.001555932347523329,143.52734564030152,146.62077332230413,140.90188449735535,147.39052549557795,128.26424648324468,156.42027391710093,163.4261388481184,161.62515975891324,126.85489028025398
34,4,2026-08-30,0.0019633394814528803,181.10871260712884,185.01212698807058,177.79579766762544,185.98343196487642,161.849105830472,197.37754020601065,206.2178289516539,203.94527940492335,160.0707221615634
35,5,2026-08-31,0.002411621907484322,222.46063051532244,227.2552978278253,218.3912893131447,228.44837746740964,198.80354519162273,242.4440625285754,253.30282343512218,250.5113906113482,196.61910940944276
36,6,2026-09-01,0.0009354693669957009,86.29259195390108,88.152445848022,84.71409242763757,88.61524204826952,77.11599650001004,94.04417541639329,98.25629430620769,97.17349609121268,76.26865274680526
37,7,2026-09-02,0.0005335237782516153,49.21502650827242,50.27575207727113,48.31476503426483,50.53969741426225,43.98136301187164,53.63596667184336,56.03825333544195,55.420703883658675,43.4980996826409
38,1,2026-09-03,0.0010876435599212054,100.32993619982456,102.49233529241215,98.49465980847364,103.03041523870881,89.6605703183091,109.34248127037854,114.23979180320987,112.98085319251466,88.67538789681257
39,2,2026-09-04,0.0014811278157644994,136.62698400034952,139.5716890147822,134.1277471060101,140.30443382653175,122.0976885896121,148.90005919402398,155.56910328153592,153.85470983192482,120.75608997969026
40,3,2026-09-05,0.0024799858600195665,228.76687940877957,233.69746454801847,224.5821817123139,234.92436526030008,204.4391699490275,249.31679590842967,260.48337779342376,257.6128142483383,202.19281042015
41,4,2026-09-06,0.00963153151496471,888.4628917152003,907.6118259576807,872.2107636712963,912.3767454141085,793.9812641680745,968.2726888544112,1011.6403898859428,1000.4919701727831,785.2570682179596
42,5,2026-09-07,0.011142851860913634,1027.8749927692784,1050.0286593203157,1009.0726813262384,1055.541260462685,918.5678926783021,1120.208049582731,1170.3807419932712,1157.4829812213713,908.4747498664168
43,6,2026-09-08,0.005068534011576379,467.5481129543388,477.6251214075274,458.995530883353,480.13263086122146,417.8277396214324,509.54752609321423,532.3695110849749,526.5027240217042,413.2366853505607
44,7,2026-09-09,0.001651801032679567,152.37077506858154,155.65480412536215,149.58354628316448,156.4719845360303,136.16724090487065,166.05810040491755,173.4956313144642,171.5836849987271,134.6710472977264
45,1,2026-09-10,0.00168697867010987,155.61574451362523,158.96971200801693,152.7691574146408,159.80429552937028,139.0671312280204,169.59456244413352,177.19048698616766,175.23782284004386,137.53907388232872
46,2,2026-09-11,0.002653574958987452,244.77964670332847,250.0553530972902,240.30203689220392,251.3681319561377,218.74909480679025,266.7679752304614,278.7161732202957,275.6446816992267,216.34549908844002
47,3,2026-09-12,0.003396772543378721,313.3360828130054,320.08937785946415,307.6044105213003,321.76983205886717,280.01504785535906,341.4827723808992,356.77735101613337,352.8456143110324,276.93826726025196
48,4,2026-09-13,0.0037052731727953993,341.7937959899431,349.16043671847586,335.5415635232424,350.9935126114427,305.4464882613139,372.4968155260054,389.18047366991317,384.89164998511774,302.0902692469291
49,5,2026-09-14,0.0026565656085352374,245.05551987481772,250.33717213018727,240.57286367835877,251.65143052572063,218.99563085403724,267.06862983295696,279.0302937596754,275.9553405859791,216.58932621939135
50,6,2026-09-15,0.002460132962115067,226.93554416850625,231.8266587587566,222.78434600825506,233.04373782851494,202.80258401758732,247.3209535228574,258.3981441682969,255.55056019172736,200.5742071502655
51,7,2026-09-16,0.0008720271119885982,80.44034620742073,82.17406735023017,78.96889836345379,82.60547734416427,71.8860949257953,87.66622786492958,91.59268660364141,90.58332228493481,71.0962168688133
52,1,2026-09-17,0.0010176566989633542,93.87398173691587,95.89723641656796,92.15680031560275,96.40069240353331,83.89116010020075,102.30659440868386,106.88877652632603,105.7108471402959,82.96937144821855
1,2,2026-09-18,0.0011346324020497615,104.66443300243809,106.92025298521868,102.74986821570359,107.4815792914266,93.53412461411952,114.0663418986993,119.17522813515399,117.86190032030463,92.50637992040681
2,3,2026-09-19,0.0018172551358076267,167.6331277570303,171.24610447244913,164.56671374907117,172.1451384776278,149.80655234348282,182.69145607310884,190.87397380720665,188.77051570727718,148.16049118783945
3,4,2026-09-20,0.002388538157517952,220.331264566108,225.08003790946492,216.30087460025274,226.26169753664823,196.90062196995632,240.12341761202686,250.8782397871608,248.1135262169945,194.73709533993528
4,5,2026-09-21,0.0020137933946273653,185.76284570399955,189.7665700578831,182.36479545076608,190.7628356374928,166.00830540348514,202.44974976030443,211.5172163144844,209.18626677193112,164.18422081730284
5,6,2026-09-22,0.0011180544685168734,103.13519762150125,105.3580581773616,101.24860623630327,105.91118303420339,92.16751239847282,112.39973672250287,117.43397783486094,116.13983884379462,91.15478391898984
6,7,2026-09-23,0.0008163389284873261,75.30337661218724,76.92638126486297,73.92589632544511,77.33024115332879,67.29540503739435,82.06780905765933,85.74352174530752,84.79861604792933,66.55596907513177
7,1,2026-09-24,0.0007096801992082227,65.46461702397983,66.875568070209,64.26711136770543,67.22666166148207,58.5029266474305,71.345242825237,74.54070542217092,73.7192563399975,57.86010166054348
8,2,2026-09-25,0.0011108679399431793,102.47227460162037,104.68084725706993,100.59780967651749,105.23041678838828,91.5750864656857,111.67726394288643,116.67914641922133,115.39332577676817,90.56886750998723
9,3,2026-09-26,0.0019505624589198703,179.9300931560529,183.8081048931971,176.63873800752395,184.77308881055689,160.79582406658002,196.09304646331054,204.8758043694997,202.61804412285719,159.02901376459272
10,4,2026-09-27,0.002396941982923473,221.10647741877403,225.87195883185234,217.06190694109293,227.05777600668225,197.5933965208111,240.96826711591143,251.76092902475145,248.98648809474926,195.4222577452601
11,5,2026-09-28,0.0019435152303165868,179.28001989473165,183.14402068077155,176.00055615323774,184.10551818720762,160.2148814131066,195.3845777241416,204.13560421745075,201.886001080834,158.45445445764574
12,6,2026-09-29,0.0021754152756876866,200.67169416576252,204.99674714404617,197.0009251344606,206.0729704380082,179.3317052430761,218.6978462451508,228.49304435553108,225.97501879478781,177.3612243171211
13,7,2026-09-30,0.0017482633948518631,161.26896837295044,164.74477912376815,158.31897018175346,165.60968147622862,144.11917545891328,175.75561015699557,183.62748018249525,181.60387946388892,142.5356066977663
14,1,2026-10-01,0.00187992527646419,173.4141496335011,177.15172402069567,170.24198679952218,178.08176225112007,154.97280419312665,188.99178178041015,197.45648308203042,195.28048480191916,153.26997671880804
15,2,2026-10-02,0.0033468169750531652,308.72791965402706,315.3818955121069,303.0805417750715,317.0376356502932,275.89692964853674,336.46066220136214,351.53030691527374,347.65639337586947,272.8653985722828
16,3,2026-10-03,0.00470461671304886,433.9784760910234,443.33196218347666,426.0399636022086,445.6594341619685,387.8279917839704,472.96235990044545,494.14574187479155,488.7001861368361,383.56657209063786
17,4,2026-10-04,0.004998029359013867,461.0443946829779,470.9812292755908,452.61078129722733,473.4538586076509,412.01564493178336,502.4595848444751,524.9641099713209,519.1789314723037,407.4884534436264
18,5,2026-10-05,0.0024646906411034653,227.35596833959994,232.25614428163132,223.19707960777274,233.47547813021214,203.17829910705757,247.77914400711992,258.8768564210299,256.02399696794856,200.9457939155424
19,6,2026-10-06,0.001771863916594138,163.44600405627352,166.96873619630426,160.45618263440315,167.84531421893794,146.06469908190545,178.12820693563398,186.10634255030988,184.05542441895113,144.45975307915526
20,7,2026-10-07,0.001024545942122454,94.50948159375098,96.54643312566681,92.78067534810195,97.05329736486266,84.45907912576014,102.99918062796468,107.61238280064099,106.42647917145709,83.53105022972386
21,1,2026-10-08,0.0017969583516184214,165.76084612194015,169.33346977562948,162.72868065846325,170.22246253848485,148.1333743713137,180.65098911606836,188.7421169328668,186.66215219623237,146.50569794733514
22,2,2026-10-09,0.002883449211185718,265.9844512062901,271.7171822107766,261.1189544038892,273.14368465503,237.6989211222097,289.8775876455361,302.8608357547301,299.5232666487232,235.08710638729414
23,3,2026-10-10,0.005202982100564887,479.9503085701365,490.2946200593031,471.1708604442451,492.8686437858421,428.9110510858884,523.0637994329186,546.4911611000766,540.4687514628314,424.19821436830694
24,4,2026-10-11,0.011581117074509041,1068.3028705584093,1091.3278743150474,1048.7610357739904,1097.0572943963457,954.6965569297472,1164.267526119774,1216.4135863925483,1203.0085371858602,944.2064355485052
25,5,2026-10-12,0.009016791104037648,831.7560178086106,849.6827555928489,816.5411951876943,854.1435501507465,743.3047577532108,906.4718890843039,947.0716109723667,936.6347483054573,735.1373907762503
26,6,2026-10-13,0.004308046288800672,397.3967439595515,405.96178836288783,390.12739953640653,408.0930686840708,355.13646330929043,433.0945247165687,452.4922771085351,447.50574842442626,351.2342552412104
27,7,2026-10-14,0.0019326465960445944,178.27744016799912,182.11983247332577,175.01631602655493,183.0759530397781,159.31891881716336,194.29193719087166,202.99402570572988,200.757002925247,157.56833661951197
28,1,2026-10-15,0.0021800171920349763,201.09619902243998,205.43040130303206,197.41766477398568,206.50890126096036,179.71106706661786,219.16048397919653,228.97640304470335,226.4530508030636,177.73641774647783
29,2,2026-10-16,0.0033022374836895957,304.61567397985453,311.1810190996808,299.0435189873783,312.8147048340139,272.22199167487986,331.9790173141187,346.84793485908637,343.0256217198416,269.23084049225014
30,3,2026-10-17,0.0033649601618185214,310.40154218782993,317.0915894318341,304.723549718248,318.756305382796,277.3925744835885,338.28462469438665,353.4359623662849,349.54104823515956,274.3446093940881
31,4,2026-10-18,0.002502245943310034,230.8202660315967,235.79510756666411,226.59800694384631,237.0330208062689,206.2741936982611,251.55463634619343,262.82144825541343,259.92511884422595,204.00767109062608
32,5,2026-10-19,0.0010566258882528583,97.46870377568568,99.56943506869133,95.6857662227422,100.09216992609991,87.10360934854843,106.22422699257754,110.98187488613732,109.75883897915507,86.14652258817604
33,6,2026-10-20,0.0009327025260555817,86.03736406010714,87.89171705801655,84.46353326728088,88.35314444436278,76.88791025391568,93.76602063773122,97.96568132912657,96.88608571010833,76.04307269222227
34,7,2026-10-21,0.0006456497841887808,59.55811631871725,60.84176526300958,58.46865479872414,61.16118167294807,53.224539738416766,64.908166642388,67.81532079209589,67.06798639666107,52.63971320032565
35,1,2026-10-22,0.0015398237744593713,142.04140652630153,145.10280794063712,139.4431267917984,145.86459086695487,126.93632628847678,154.80085427132474,161.73418745808152,159.95185391171844,125.5415611552104
36,2,2026-10-23,0.0011577121088361178,106.79342598756047,109.09513190103662,104.8399167869158,109.66787621940014,95.43671453373801,116.38658034813747,121.59938711086059,120.25934472235166,94.38806435015981
37,3,2026-10-24,0.0013467474206478518,124.23103282169572,126.9085693857559,121.95854775645358,127.57483341423033,111.0199575113982,135.3905912234578,141.45456343939216,139.89571420864732,109.80008003139531
38,4,2026-10-25,0.0024234165996658875,223.5486346719036,228.36675160762002,219.4593912509276,229.56566632734413,199.77584794474586,243.6298010889601,254.54166971606975,251.7365846316326,197.58072858585712
39,5,2026-10-26,0.0016905647964495347,155.94654758194764,159.30764483523149,153.09390929740013,160.14400248805526,139.36275577331827,169.95508124512418,177.56715296528031,175.610337906966,137.83145013125332
40,6,2026-10-27,0.0014866257391616393,137.13414123824694,140.08977695185644,134.62562721545845,140.82524170094143,122.55091330910537,149.45277389599977,156.14657337135537,154.4258161199453,121.20433470602659
41,7,2026-10-28,0.003167356589519922,292.1735541482445,298.4707357502533,286.8289955208236,300.03769309399445,261.1030016473266,318.41923340334205,332.68082548982704,329.0146358930483,258.2340249443042
42,1,2026-10-29,0.007114725636495821,656.2995410376858,670.4446864026644,644.2942403373848,673.9644895159919,586.5068131996511,715.2543198148339,747.2896502132784,739.054412918317,580.0623281779642
43,2,2026-10-30,0.0062726834317351245,578.6251596554979,591.0961983861055,568.0407106347953,594.1994256642853,517.0925426674927,630.6025208287904,658.8464049203566,651.5858246568633,511.4107755148368
44,3,2026-10-31,0.00416955882917657,384.62193564866647,392.91164613925696,377.5862732648513,394.97441382672133,343.72016382535804,419.1721672291325,437.946354953708,433.12012438236553,339.9433970469127
45,4,2026-11-01,0.003758816089273508,346.73287492366137,354.20596702861303,340.3902947969759,356.0655317187233,309.8603317343361,377.87956733726344,394.80431208204783,390.4535129051267,306.4556137980125
46,5,2026-11-02,0.0030288003254389548,279.3923989540404,285.41410984968775,274.2816384657452,286.9125205207109,249.68103022538963,304.4899588979477,318.1276765126134,314.6218646692025,246.93755713475542
47,6,2026-11-03,0.002036192856770769,187.82908936191345,191.8773472177623,184.3932425312298,192.88469427831976,167.85481893476228,204.7016021686974,213.86992632542925,211.5130495868806,166.01044502111296
48,7,2026-11-04,0.0012184896432712235,112.39986395764191,114.82240475687944,110.34379949148236,115.42521698873041,100.44694821763628,122.4966394387386,127.98310796944949,126.57271607713,99.34324602919749
49,1,2026-11-05,0.0016962206512300389,156.4682732374782,159.84061518129838,153.606091333004,160.6797709034058,139.82899966418844,170.5236730321707,178.16121125459782,176.1978495901875,138.29257097546224
50,2,2026-11-06,0.003044595387163082,280.84941814070186,286.9025319962878,275.71200525914986,288.4087568136705,250.98310591873604,306.077860766148,319.78669848394185,316.2626039845253,248.2253257354747
51,3,2026-11-07,0.00220121447567756,203.05154744157102,207.4278931123353,199.33724515691117,208.51687980844173,181.45847826880498,221.29147953240883,231.20284317578614,228.65495525002814,179.46462854883023
52,4,2026-11-08,0.002267476430612662,209.16389707162452,213.67198148153523,205.33778517762357,214.7937493482998,186.92082355250963,227.95289585795112,238.16261585793958,235.5380302560661,184.86695406537808
1,5,2026-11-09,0.001295073642801191,119.46437302100242,122.03917433755716,117.2790816541634,122.6798742707404,106.76019763880828,130.19574679595294,136.02704854350523,134.52801129206026,105.58712602376222
2,6,2026-11-10,0.0010893522834416417,100.48755780317495,102.65335409529209,98.64939813273155,103.19227938274095,89.80142999973793,109.51426187609748,114.41926624356607,113.15834979923663,88.81469982451254
3,7,2026-11-11,0.0007854775806713413,72.45656431860581,74.01821196704559,71.13115909132163,74.4068041032924,64.75133072119708,78.96527025736302,82.50202418196982,81.59284024471168,64.03984882264835
4,1,2026-11-12,0.0012858097433403825,118.60982243465789,121.16620572482415,116.44016285804757,121.80232261379324,105.99652235065804,129.2644327233927,135.05402209928548,133.5657077364288,104.83184193217639
5,2,2026-11-13,0.0013836745939605555,127.63738861602583,130.38834195834468,125.30259309184525,131.07287462938288,114.06407190830588,139.10293679796277,145.33318024601394,143.73158811126976,112.81074596838118
6,3,2026-11-14,0.0020606435760324223,190.08455171553527,194.18142128122437,186.60744704132085,195.2008646223944,169.8704291166968,207.15967061265368,216.43808852563788,214.05291027759475,168.0039078565296
7,4,2026-11-15,0.0015812632360366256,145.86399941371974,149.0077887145045,143.19579524045236,149.79007260647103,130.35241396242895,158.9668271307547,166.08674893820984,164.25644955073074,128.9201131597516
8,5,2026-11-16,0.0012679487973851931,116.9622352708241,119.48310831227519,114.82271403516174,120.11038901888222,104.52414421155262,127.46884433346281,133.17801159132364,131.7103711287364,103.37564215391892
9,6,2026-11-17,0.0011692632623517534,107.85896486257762,110.18363620774572,105.88596438728995,110.76209512259322,96.38894102613894,117.5478355915613,122.81265349825014,121.45924074311122,95.3298278620302
10,7,2026-11-18,0.000788241202607686,72.71149527463886,74.27863741942616,71.38142674562488,74.66859677706599,64.97915160672211,79.24310142462066,82.79229905350371,81.8799162462396,64.2651664324205
11,1,2026-11-19,0.0012409370425678205,114.4705295895358,116.93769919701398,112.37658765736224,117.55161662532186,102.29741347781903,124.75331104293095,130.34085302183829,128.90447844665692,101.17337854066528
12,2,2026-11-20,0.00269223632036074,248.34597308350888,253.69854408259718,243.80312656580094,255.03044952299956,221.9361680702612,270.6546614001035,282.77693911535874,279.66069738165726,219.4975530725996
13,3,2026-11-21,0.004413053951120079,407.0832004874254,415.8570159275991,399.63666742393235,418.0402457287253,363.79283497211026,443.651106646073,463.5216749031397,458.41360070045823,359.795511457342
14,4,2026-11-22,0.00418872716117112,386.39012294544005,394.7179429649597,379.3221161535232,396.79019362591856,345.30031714213635,421.09918915003675,439.9596857331693,435.1112679728066,341.5061877787171
15,5,2026-11-23,0.003820069340379082,352.38319548998663,359.9780682770382,345.9372573793164,361.86793622759143,314.9097814165226,384.0374509570094,401.2379994695569,396.8163001506324,311.4495805734155
16,6,2026-11-24,0.0028201791031394366,260.14808519673153,265.7550257039736,255.38934959795873,267.1502271066043,232.48321058930165,283.5169462930267,296.2153093737369,292.95097490530566,229.92870562070135
17,7,2026-11-25,0.0016436161995930102,151.61576321392582,154.88351959067452,148.8423454153839,155.69665079376225,135.49251912142716,165.23526653594962,172.63594376405015,170.73347132631358,134.00373929760025
18,1,2026-11-26,0.0015737082309961136,145.16708619542345,148.29585500912393,142.51163024491794,149.0744012825762,129.72961244394335,158.2073108447394,165.29321488467963,163.47166035433938,128.30415492930123
19,2,2026-11-27,0.0021928118480658383,202.27644507967594,206.6360850621132,198.5763212856994,207.7209148031466,180.7658024588237,220.44675044457864,230.32027974753166,227.78211779517292,178.77956379942293
20,3,2026-11-28,0.0025862101393312373,238.56556305747822,243.70733805124163,234.20162381608665,244.98679012925888,213.19583418691968,259.99568621688445,271.64056200356185,268.64704471558986,210.85325720540396
21,4,2026-11-29,0.0040038656584661025,369.3375301148056,377.2978176444233,362.5814563532363,379.2786134656596,330.0611447025623,402.5147777288891,420.54290218417316,415.9084601158132,326.4344620189079
22,5,2026-11-30,0.003291179651679588,303.59564166324446,310.1390021487792,298.04214552075854,311.7672173430628,271.31043244625425,330.8673564410172,345.6864841107275,341.87697032246587,268.3292973958553
23,6,2026-12-01,0.0031189238760563048,287.70586709446263,293.90675717275496,282.4430332331915,295.4497538433309,257.1104209239821,313.5502181671806,327.59373325995256,323.9836041367029,254.28531434504083
24,7,2026-12-02,0.0038084833572890296,351.3144437526791,358.8862818616027,344.88805568764815,360.77041798475534,313.9546837265886,382.8726942428569,400.0210747850224,395.61278614767815,310.50497741247676
25,1,2026-12-03,0.005757233034018287,531.0773163888573,542.523562151098,521.3626320417126,545.3717853704644,474.6010699708318,578.7834989221599,604.7064749930198,598.0425243897351,469.38619536431565
26,2,2026-12-04,0.005331523970676378,491.80768363538886,502.4075557084923,482.8113355358215,505.045171778254,439.5074797401556,535.9863114975727,559.9924560285326,553.8212602178226,434.6782104011469
27,3,2026-12-05,0.004878483254816447,450.01683616193657,459.71599510715487,441.7849434048885,462.12948248895026,402.1607878107158,490.44143097419413,512.407678289431,506.76087343769876,397.74188062152734
28,4,2026-12-06,0.004857372438372469,448.06946392989397,457.72665139474464,439.87319330536195,460.1296948154879,400.4205045855852,488.3191281015552,510.1903201730179,504.56795092032183,396.02071947464964
29,5,2026-12-07,0.003769186143169004,347.6894629862057,355.1831723190434,341.3293845578774,357.0478672910299,310.7151935482277,378.92208481782774,395.8935225933438,391.530720163036,307.30108246585485
30,6,2026-12-08,0.0020171229475370723,186.069981095882,190.0803251020634,182.66631259594152,191.07823788091824,166.28277915921717,202.78447483944225,211.86693330378029,209.53212983070338,164.4556786796678
31,7,2026-12-09,0.0008228707101075783,75.90590234523029,77.54189316283092,74.5174004103648,77.94898445985092,67.83385649966282,82.72445911820523,86.42958232608795,85.47711614439176,67.08850408032694
32,1,2026-12-10,0.0006746570257931608,62.23389614838055,63.57521585470848,61.09548816499038,63.90898275186526,55.615769661019456,67.82430929123707,70.86207375766288,70.08116371502967,55.00466849990128
33,2,2026-12-11,0.0011542879397798004,106.4775627069627,108.77246085700136,104.52983140714936,109.34351116753932,95.15444103737495,116.04234336213985,121.23973218850621,119.90365324794419,94.10889245002443
34,3,2026-12-12,0.0016297814960517184,150.33957772927877,153.57982863319953,147.5895044396608,154.3861155199939,134.35204676871373,163.8444424934163,171.18282648330165,169.29636760285305,132.87579835429128
35,4,2026-12-13,0.003430935127180233,316.48741839713296,323.3086338018184,310.6981005808931,325.00598894371274,282.83126160411007,344.9171895163578,360.3655913227529,356.39431170361865,279.7235367012588
36,5,2026-12-14,0.0013214169059484382,121.89441353082712,124.52158921930342,119.66467086513725,125.17532171401866,108.93182084779284,132.8440755898891,138.79399261254997,137.2644632473925,107.73488762887776
37,6,2026-12-15,0.0008073067721720187,74.47020322684831,76.07525059338727,73.10796368979598,76.47464208580482,66.55083363893615,81.15979248023467,84.79483626137058,83.86038521176687,65.81957896138664
38,7,2026-12-16,0.0007969474557787226,73.51460564772184,75.09905713414516,72.16984629398299,75.49332365675275,65.69685697768692,80.11835445729453,83.70675355523156,82.78429333044264,64.97498572020761
39,1,2026-12-17,0.001079427856314572,99.5720766867779,101.71814172409354,97.75066337283876,102.25215719051982,88.98330370442844,108.51654394050884,113.37686179183126,112.12743279151351,88.00556302862115
40,2,2026-12-18,0.001839808635382909,169.71358063410594,173.37139710108804,166.609110127825,174.28158879274363,151.66576404583506,184.9587941016358,193.24286301949664,191.11329942649212,149.99927403634328
41,3,2026-12-19,0.007995200009991339,737.5191068711703,753.4147678061867,724.0281045215323,757.3701599498398,659.0892633582151,803.7697638817822,839.7695883314947,830.5152090810552,651.8472487897999
42,4,2026-12-20,0.015852568658432105,1462.323927352684,1493.8412197316868,1435.5744976009025,1501.683815970671,1306.8163130834375,1593.683128825381,1665.0621672568645,1646.7129474405465,1292.4571309456924
43,5,2026-12-21,0.007159664193795523,660.4449088336555,674.6793988140099,648.3637793634224,678.2214339685956,590.2113509960825,719.7720621533409,752.0097364796159,743.7224831685825,583.7261608405352
44,6,2026-12-22,0.002499439039686159,230.56134254610956,235.53060353432053,226.3438197930772,236.76712814017904,206.04280486002497,251.27245400426557,262.52662732563533,259.63354688265656,203.77882473249187
45,7,2026-12-23,0.0012360973839576927,114.0240941418619,116.48164177963181,111.93831859021654,117.0931649279191,101.898453223633,124.26677271324944,129.8325232597794,128.40175055023803,100.77880202648787
46,1,2026-12-24,0.001933893009815222,178.39241589965766,182.23728626315145,175.1291885749176,183.19402345648368,159.4216677081099,194.4172410858167,203.12494180260583,200.8864763082794,157.66995651472683
47,2,2026-12-25,0.0025199383425881434,232.4523055675299,237.46232225515138,228.2001925424254,238.7089882935629,207.7326775876793,253.3332804792354,264.679755594793,261.76294737474956,205.45012928798374
48,3,2026-12-26,0.0030757725354608845,283.72536152406326,289.8404602427724,278.535340705197,291.36210904545686,253.5532134431919,309.2121474749878,323.06136590422864,319.5011841081923,250.76719314562547
49,4,2026-12-27,0.0037794084701653135,348.6324239461619,356.1464568035765,342.2550964887469,358.01620897386204,311.5578774037141,379.9497510858234,396.967216725167,392.5925820341619,308.13450698562264
50,5,2026-12-28,0.0034751124961580893,320.5625701971818,327.47161686029676,314.69870803083984,329.1908274677159,286.4730503699112,349.3584084211852,365.0057267682379,360.98331220234854,283.32530981400157
51,6,2026-12-29,0.0013195164334250014,121.71910399556012,124.3425012586298,119.49256816387654,124.99529354996311,108.77515421857291,132.65301816174247,138.59437796543077,137.06704838182534,107.57994243873182
52,7,2026-12-30,0.0007456660867405614,68.78414368993569,70.26664009662424,67.52591588879363,70.63553665675987,61.46944556820061,74.96295949133646,78.32045501205118,77.4573525565448,60.79402473362487
