zip3,pmf,market,state,units_2026,units_2026_conservative,units_2026_optimistic
010,0.002021749781161557,Primary,MA,187.7801196742854,181.66634833605283,195.64068282344152
011,0.0011595770215873562,Primary,MA,107.70151376503362,104.19495285175346,112.20994922496527
012,0.0005647684975610464,Secondary,MA,52.45569805346998,50.74783811684538,54.65151797198733
013,0.00014820113056519604,Primary,MA,13.764921006895406,13.316760788066253,14.341127002532888
014,0.0007430106545923867,Primary,MA,69.01082959854087,66.76396537905349,71.89965502359607
015,0.0014569812836005111,Primary,MA,135.32442162081546,130.91851021920752,140.98916485145423
016,0.0008030917075237944,Primary,MA,74.59115779481,72.16260847125805,77.71357835366253
017,0.0011896180480535003,Primary,MA,110.4917243032091,106.89431932589531,115.11695927404111
018,0.0027948004622192074,Primary,MA,259.5810669309199,251.12959033316906,270.4472511280282
019,0.0022600729911243056,Primary,MA,209.91557941562547,203.08111869046556,218.70274320511678
020,0.001605182414165707,Primary,MA,149.08934262771086,144.23527100727375,155.33029185398712
021,0.005648681976488822,Primary,MA,524.6495819762818,507.56796767937954,546.6116575008703
022,0.00029740426201315485,Primary,MA,27.62290785578182,26.72355736745404,28.779215626488963
023,0.001991708754695413,Primary,MA,184.98990913610993,178.966981861911,192.7336727743657
024,0.0006538895760767165,Primary,MA,60.73326382600543,58.75590174794943,63.2755864977917
025,0.0004756464190444952,Primary,MA,44.17803940085271,42.73968462966216,46.02735267809771
026,0.000624849550492454,Primary,MA,58.03602624973912,56.146481209049945,60.46544130205378
027,0.0021709519126086353,Primary,MA,201.63801364309,195.0730550593615,210.0786746793124
028,0.0027647594357530633,Primary,RI,256.7908563927445,248.43022385902722,267.54024107895236
029,0.0016652644670979955,Primary,RI,154.6697637040618,149.63400395555746,161.14431195213882
030,0.0014569812836005111,Primary,NH,135.32442162081546,130.91851021920752,140.98916485145423
031,0.000386525340528825,Primary,NH,35.90047362831726,34.73162099855809,37.40328415229333
032,0.0007430106545923867,Primary,NH,69.01082959854087,66.76396537905349,71.89965502359607
033,0.00026736323554701056,Primary,NH,24.832697317606335,24.024190893312177,25.872205577413116
034,0.00017824215703134036,Primary,NH,16.55513154507089,16.016127262208116,17.24813705160874
035,0.0001191621049818145,Secondary,NH,11.06777631071093,10.70743010524592,11.531078574880224
037,0.00029740426201315485,Secondary,NH,27.62290785578182,26.72355736745404,28.779215626488963
038,0.0016352234406318512,Primary,NH,151.8795531658863,146.9346374814156,158.23730190306296
039,0.00014820113056519604,Primary,ME,13.764921006895406,13.316760788066253,14.341127002532888
040,0.0011595770215873562,Primary,ME,107.70151376503362,104.19495285175346,112.20994922496527
041,0.0008030917075237944,Primary,ME,74.59115779481,72.16260847125805,77.71357835366253
042,0.00029740426201315485,Secondary,ME,27.62290785578182,26.72355736745404,28.779215626488963
043,0.00020828318349748467,Secondary,ME,19.345342083246372,18.71549373634998,20.155147100684594
044,0.000386525340528825,Secondary,ME,35.90047362831726,34.73162099855809,37.40328415229333
046,0.00014820113056519604,Secondary,ME,13.764921006895406,13.316760788066253,14.341127002532888
047,0.00014820113056519604,Tertiary,ME,13.764921006895406,13.316760788066253,14.341127002532888
048,0.00020828318349748467,Secondary,ME,19.345342083246372,18.71549373634998,20.155147100684594
049,0.00026736323554701056,Secondary,ME,24.832697317606335,24.024190893312177,25.872205577413116
050,0.0001191621049818145,Secondary,VT,11.06777631071093,10.70743010524592,11.531078574880224
051,0.0001191621049818145,Primary,VT,11.06777631071093,10.70743010524592,11.531078574880224
052,8.910007849716916e-05,Secondary,VT,8.27561529081707,8.00617665344163,8.622036396014064
053,8.910007849716916e-05,Primary,VT,8.27561529081707,8.00617665344163,8.622036396014064
054,0.000624849550492454,Secondary,VT,58.03602624973912,56.146481209049945,60.46544130205378
056,0.00032744528847929914,Secondary,VT,30.4131183939573,29.4229238415959,31.686225675564813
057,0.0003564843140626807,Secondary,VT,33.11026309014178,32.03225452441623,34.49627410321748
060,0.0023491950696408566,Primary,CT,218.19323806824272,211.08927217764878,227.32690849900638
061,0.000773051681058531,Primary,CT,71.80104013671635,69.46333185319536,74.80666507267192
062,0.000624849550492454,Primary,CT,58.03602624973912,56.146481209049945,60.46544130205378
063,0.0013378191786186963,Primary,CT,124.25664531010449,120.21108011396156,129.458086276574
064,0.0023191540431747124,Primary,CT,215.40302753006725,208.3899057035069,224.41989844993054
065,0.0010113748910212791,Primary,CT,93.9364998780564,90.87810220760804,97.86872545434713
066,0.0009512938380898713,Primary,CT,88.35617168178723,85.47945911540347,92.05480212428066
067,0.0008621727595742013,Primary,CT,80.0786059092518,77.47139548429942,83.4307335984763
068,0.0018134655976631917,Primary,CT,168.4346847109572,162.95076474362372,175.4854389546717
069,0.0003564843140626807,Primary,CT,33.11026309014178,32.03225452441623,34.49627410321748
070,0.008117038151110612,Primary,NJ,753.9105034751535,729.364580106195,785.4695478066716
071,0.0019626687291111502,Primary,NJ,182.2926715598436,176.35756132301148,189.92352757862776
072,0.0013378191786186963,Primary,NJ,124.25664531010449,120.21108011396156,129.458086276574
073,0.0009212528116237271,Primary,NJ,85.56596114361176,82.7800926412616,89.1477920752048
074,0.001218657073636882,Primary,NJ,113.18886899939358,109.50365000871564,117.92700770169377
075,0.0009512938380898713,Primary,NJ,88.35617168178723,85.47945911540347,92.05480212428066
076,0.002021749781161557,Primary,NJ,187.7801196742854,181.66634833605283,195.64068282344152
077,0.0022600729911243056,Primary,NJ,209.91557941562547,203.08111869046556,218.70274320511678
078,0.0011004969695378303,Primary,NJ,102.21415853067366,98.88625569479126,106.49289074823675
079,0.0007139706290081242,Primary,NJ,66.31359202227456,64.154544840154,69.08950982785815
080,0.004043498562322234,Primary,NJ,375.56014646848905,363.3326068160266,391.2812688787979
081,0.0007139706290081242,Primary,NJ,66.31359202227456,64.154544840154,69.08950982785815
082,0.0006538895760767165,Primary,NJ,60.73326382600543,58.75590174794943,63.2755864977917
083,0.0015160613356500368,Primary,NJ,140.8117768551754,136.22720737616967,146.70622332818274
084,0.00041656636699496935,Primary,NJ,38.690684166492744,37.43098747269996,40.31029420136919
085,0.0009212528116237271,Primary,NJ,85.56596114361176,82.7800926412616,89.1477920752048
086,0.0009813348645560157,Primary,NJ,91.14638221996272,88.17882558954533,94.9618121733565
087,0.001605182414165707,Primary,NJ,149.08934262771086,144.23527100727375,155.33029185398712
088,0.0036269321953272646,Primary,NJ,336.8694623019963,325.9016193433266,350.97097467742867
089,0.00026736323554701056,Primary,NJ,24.832697317606335,24.024190893312177,25.872205577413116
100,0.006630015841043957,Primary,NY,615.7958713161627,595.7467034128457,641.5733729061416
101,0.00029740426201315485,Primary,NY,27.62290785578182,26.72355736745404,28.779215626488963
103,0.003359568959780254,Primary,NY,312.03676498438995,301.87742845001446,325.09876910001555
104,0.006214450474930869,Primary,NY,577.198160111579,558.4056618753881,601.3599435581102
105,0.002051789807626821,Primary,NY,190.5702373323791,184.3656249541156,198.5475961044322
107,0.00044560639257923185,Primary,NY,41.38792174275905,40.04040801159945,43.1204393971071
108,0.0005056874455106396,Primary,NY,46.9682499390282,45.43905110380402,48.934362727173564
109,0.0021108708596772273,Primary,NY,196.05768544682084,189.6744119671569,204.2647513492459
110,0.00044560639257923185,Primary,NY,41.38792174275905,40.04040801159945,43.1204393971071
111,0.0015160613356500368,Primary,NY,140.8117768551754,136.22720737616967,146.70622332818274
112,0.008890089832169143,Primary,NY,825.7115436118698,798.8279119593903,860.2762128793435
113,0.0027647594357530633,Primary,NY,256.7908563927445,248.43022385902722,267.54024107895236
114,0.0024973962002060525,Primary,NY,231.95815907513813,224.406032965715,241.66803550153926
115,0.0026465993316540115,Primary,NY,245.81614592402454,237.81282954510283,256.10612412549534
116,0.00032744528847929914,Primary,NY,30.4131183939573,29.4229238415959,31.686225675564813
117,0.0051730345574434455,Primary,NY,480.47144969534713,464.8281931936382,500.5842080546873
118,0.00026736323554701056,Primary,NY,24.832697317606335,24.024190893312177,25.872205577413116
119,0.0011295359951212119,Primary,NY,104.91130322685814,101.4955863776116,109.3029391758894
120,0.0013678602050848406,Secondary,NY,127.04685584827998,122.91044658810343,132.36509632564983
121,0.001070455943071686,Secondary,NY,99.42394799249817,96.18688922064939,103.5858806991609
122,0.0007139706290081242,Secondary,NY,66.31359202227456,64.154544840154,69.08950982785815
123,0.0007430106545923867,Secondary,NY,69.01082959854087,66.76396537905349,71.89965502359607
124,0.0011595770215873562,Primary,NY,107.70151376503362,104.19495285175346,112.20994922496527
125,0.0024082751216903822,Primary,NY,223.68059330260266,216.39796933461096,233.04396697573486
126,5.9100052067145876e-05,Primary,NY,5.489212835996508,5.310494278545459,5.718993838433572
127,0.00029740426201315485,Primary,NY,27.62290785578182,26.72355736745404,28.779215626488963
128,0.00044560639257923185,Secondary,NY,41.38792174275905,40.04040801159945,43.1204393971071
129,0.000624849550492454,Secondary,NY,58.03602624973912,56.146481209049945,60.46544130205378
130,0.0008030917075237944,Secondary,NY,74.59115779481,72.16260847125805,77.71357835366253
131,0.000238324209963629,Secondary,NY,22.13555262142186,21.41486021049184,23.06215714976045
132,0.0013979012315509852,Secondary,NY,129.8370663864555,125.60981306224531,135.27210637472572
133,0.00029740426201315485,Secondary,NY,27.62290785578182,26.72355736745404,28.779215626488963
134,0.0009212528116237271,Secondary,NY,85.56596114361176,82.7800926412616,89.1477920752048
135,8.910007849716916e-05,Secondary,NY,8.27561529081707,8.00617665344163,8.622036396014064
136,0.0013678602050848406,Secondary,NY,127.04685584827998,122.91044658810343,132.36509632564983
137,0.00041656636699496935,Secondary,NY,38.690684166492744,37.43098747269996,40.31029420136919
138,0.0007139706290081242,Secondary,NY,66.31359202227456,64.154544840154,69.08950982785815
139,0.00032744528847929914,Secondary,NY,30.4131183939573,29.4229238415959,31.686225675564813
140,0.0011295359951212119,Secondary,NY,104.91130322685814,101.4955863776116,109.3029391758894
141,0.0011896180480535003,Secondary,NY,110.4917243032091,106.89431932589531,115.11695927404111
142,0.002853880514268733,Secondary,NY,265.0684221652799,256.43828749013124,276.16430960475674
143,0.00026736323554701056,Secondary,NY,24.832697317606335,24.024190893312177,25.872205577413116
144,0.0011004969695378303,Secondary,NY,102.21415853067366,98.88625569479126,106.49289074823675
145,0.0009212528116237271,Secondary,NY,85.56596114361176,82.7800926412616,89.1477920752048
146,0.002616558305187867,Secondary,NY,243.02593538584904,235.11346307096093,253.19911407641948
147,0.0008030917075237944,Secondary,NY,74.59115779481,72.16260847125805,77.71357835366253
148,0.0008030917075237944,Secondary,NY,74.59115779481,72.16260847125805,77.71357835366253
149,0.00017824215703134036,Secondary,NY,16.55513154507089,16.016127262208116,17.24813705160874
150,0.0010404149166055416,Secondary,PA,96.63373745432268,93.48752274650754,100.67887065008503
151,0.0015761433885823255,Secondary,PA,146.39219793152637,141.6259403244534,152.52024342633445
152,0.0022600729911243056,Secondary,PA,209.91557941562547,203.08111869046556,218.70274320511678
153,0.0005647684975610464,Secondary,PA,52.45569805346998,50.74783811684538,54.65151797198733
154,0.0001191621049818145,Secondary,PA,11.06777631071093,10.70743010524592,11.531078574880224
155,0.00026736323554701056,Secondary,PA,24.832697317606335,24.024190893312177,25.872205577413116
156,0.0007139706290081242,Secondary,PA,66.31359202227456,64.154544840154,69.08950982785815
157,0.0001191621049818145,Secondary,PA,11.06777631071093,10.70743010524592,11.531078574880224
158,0.00014820113056519604,Secondary,PA,13.764921006895406,13.316760788066253,14.341127002532888
159,8.910007849716916e-05,Secondary,PA,8.27561529081707,8.00617665344163,8.622036396014064
160,0.0008621727595742013,Secondary,PA,80.0786059092518,77.47139548429942,83.4307335984763
161,0.00041656636699496935,Secondary,PA,38.690684166492744,37.43098747269996,40.31029420136919
162,0.00017824215703134036,Secondary,PA,16.55513154507089,16.016127262208116,17.24813705160874
163,8.910007849716916e-05,Secondary,PA,8.27561529081707,8.00617665344163,8.622036396014064
164,0.000238324209963629,Secondary,PA,22.13555262142186,21.41486021049184,23.06215714976045
165,0.00041656636699496935,Secondary,PA,38.690684166492744,37.43098747269996,40.31029420136919
166,0.0005948085240263097,Secondary,PA,55.24581571156364,53.44711473490808,57.558431252977925
168,0.0001191621049818145,Secondary,PA,11.06777631071093,10.70743010524592,11.531078574880224
169,3.0000026430023288e-05,Secondary,PA,2.7864024548205624,2.695682374896172,2.903042557580493
170,0.002378234095224238,Primary,PA,220.89038276442722,213.6986028604691,230.13695692665905
171,0.0006538895760767165,Primary,PA,60.73326382600543,58.75590174794943,63.2755864977917
172,0.000624849550492454,Primary,PA,58.03602624973912,56.146481209049945,60.46544130205378
173,0.0011595770215873562,Primary,PA,107.70151376503362,104.19495285175346,112.20994922496527
174,0.00044560639257923185,Primary,PA,41.38792174275905,40.04040801159945,43.1204393971071
175,0.0007430106545923867,Primary,PA,69.01082959854087,66.76396537905349,71.89965502359607
176,0.0008321317331080569,Primary,PA,77.2883953710763,74.77202901015754,80.52372354940043
177,0.0008030917075237944,Secondary,PA,74.59115779481,72.16260847125805,77.71357835366253
178,0.000624849550492454,Secondary,PA,58.03602624973912,56.146481209049945,60.46544130205378
179,0.00032744528847929914,Primary,PA,30.4131183939573,29.4229238415959,31.686225675564813
180,0.002527437226672197,Primary,PA,234.74836961331363,227.1053994398569,244.57504555061513
181,0.0007139706290081242,Primary,PA,66.31359202227456,64.154544840154,69.08950982785815
182,0.0010113748910212791,Primary,PA,93.9364998780564,90.87810220760804,97.86872545434713
183,0.0011004969695378303,Primary,PA,102.21415853067366,98.88625569479126,106.49289074823675
184,0.0012787391265691706,Primary,PA,118.76929007574455,114.90238295699938,123.74102779984548
185,0.00041656636699496935,Primary,PA,38.690684166492744,37.43098747269996,40.31029420136919
186,0.00032744528847929914,Secondary,PA,30.4131183939573,29.4229238415959,31.686225675564813
187,0.000773051681058531,Primary,PA,71.80104013671635,69.46333185319536,74.80666507267192
188,0.00020828318349748467,Secondary,PA,19.345342083246372,18.71549373634998,20.155147100684594
189,0.0011295359951212119,Primary,PA,104.91130322685814,101.4955863776116,109.3029391758894
190,0.003776135326775223,Primary,PA,350.72744915088265,339.3084159227144,365.4090633013847
191,0.00570876302942023,Primary,PA,530.2299101725508,512.9666107715841,552.4255808309367
193,0.0011595770215873562,Primary,PA,107.70151376503362,104.19495285175346,112.20994922496527
194,0.0011004969695378303,Primary,PA,102.21415853067366,98.88625569479126,106.49289074823675
195,0.0009813348645560157,Primary,PA,91.14638221996272,88.17882558954533,94.9618121733565
196,0.0009212528116237271,Primary,PA,85.56596114361176,82.7800926412616,89.1477920752048
197,0.001605182414165707,Primary,DE,149.08934262771086,144.23527100727375,155.33029185398712
198,0.0009212528116237271,Primary,DE,85.56596114361176,82.7800926412616,89.1477920752048
199,0.0015761433885823255,Primary,DE,146.39219793152637,141.6259403244534,152.52024342633445
200,0.0027948004622192074,Primary,DC,259.5810669309199,251.12959033316906,270.4472511280282
201,0.0036269321953272646,Primary,VA,336.8694623019963,325.9016193433266,350.97097467742867
206,0.001218657073636882,Primary,MD,113.18886899939358,109.50365000871564,117.92700770169377
207,0.0032404068547984394,Primary,MD,300.968988673679,291.16999834476854,313.56769052513533
208,0.001843506624129336,Primary,MD,171.22489524913271,165.6501312177656,178.39244900374757
209,0.0004756464190444952,Primary,MD,44.17803940085271,42.73968462966216,46.02735267809771
210,0.002289113016708568,Primary,MD,212.61281699189175,205.69053922936504,221.51288840085465
211,0.001991708754695413,Primary,MD,184.98990913610993,178.966981861911,192.7336727743657
212,0.0039243364573404195,Primary,MD,364.4923701577781,352.6251767107807,379.75019030391763
214,0.00032744528847929914,Primary,MD,30.4131183939573,29.4229238415959,31.686225675564813
215,0.00041656636699496935,Secondary,MD,38.690684166492744,37.43098747269996,40.31029420136919
216,0.0005647684975610464,Primary,MD,52.45569805346998,50.74783811684538,54.65151797198733
217,0.0017844265720798102,Primary,MD,165.73754001477275,160.3414340608034,172.67539052701903
218,0.000386525340528825,Primary,MD,35.90047362831726,34.73162099855809,37.40328415229333
219,0.0005056874455106396,Primary,MD,46.9682499390282,45.43905110380402,48.934362727173564
220,0.0007430106545923867,Primary,VA,69.01082959854087,66.76396537905349,71.89965502359607
221,0.0014269402571343666,Primary,VA,132.53421108263996,128.21914374506562,138.08215480237837
222,0.000534727471094902,Primary,VA,49.665487515294494,48.04847164270351,51.744507922911474
223,0.0009512938380898713,Primary,VA,88.35617168178723,85.47945911540347,92.05480212428066
224,0.0008030917075237944,Primary,VA,74.59115779481,72.16260847125805,77.71357835366253
225,0.0004756464190444952,Primary,VA,44.17803940085271,42.73968462966216,46.02735267809771
226,0.0005948085240263097,Primary,VA,55.24581571156364,53.44711473490808,57.558431252977925
227,0.000238324209963629,Primary,VA,22.13555262142186,21.41486021049184,23.06215714976045
228,0.00032744528847929914,Secondary,VA,30.4131183939573,29.4229238415959,31.686225675564813
229,0.000773051681058531,Secondary,VA,71.80104013671635,69.46333185319536,74.80666507267192
230,0.0013378191786186963,Secondary,VA,124.25664531010449,120.21108011396156,129.458086276574
231,0.0007139706290081242,Secondary,VA,66.31359202227456,64.154544840154,69.08950982785815
232,0.0016943044926822583,Secondary,VA,157.3670012803281,152.24342449445697,163.95445714787675
233,0.0005647684975610464,Secondary,VA,52.45569805346998,50.74783811684538,54.65151797198733
234,0.002289113016708568,Secondary,VA,212.61281699189175,205.69053922936504,221.51288840085465
235,0.000624849550492454,Secondary,VA,58.03602624973912,56.146481209049945,60.46544130205378
236,0.0019326277026450061,Secondary,VA,179.50246102166813,173.65819484886964,187.01651752955192
237,0.000386525340528825,Secondary,VA,35.90047362831726,34.73162099855809,37.40328415229333
238,0.0017243445191475215,Secondary,VA,160.15711893842177,154.94270111251967,166.86137042886733
239,0.00020828318349748467,Primary,VA,19.345342083246372,18.71549373634998,20.155147100684594
240,0.0008922137860403455,Secondary,VA,82.86881644742728,80.17076195844128,86.33774364755214
241,0.0006839296025419799,Secondary,VA,63.523381484099076,61.455178366012134,66.1824997787823
242,0.00032744528847929914,Secondary,VA,30.4131183939573,29.4229238415959,31.686225675564813
243,0.0005948085240263097,Secondary,VA,55.24581571156364,53.44711473490808,57.558431252977925
244,0.00044560639257923185,Secondary,VA,41.38792174275905,40.04040801159945,43.1204393971071
245,0.0007139706290081242,Primary,VA,66.31359202227456,64.154544840154,69.08950982785815
246,0.00020828318349748467,Secondary,VA,19.345342083246372,18.71549373634998,20.155147100684594
247,0.00017824215703134036,Secondary,WV,16.55513154507089,16.016127262208116,17.24813705160874
249,0.00020828318349748467,Secondary,WV,19.345342083246372,18.71549373634998,20.155147100684594
250,0.0003564843140626807,Secondary,WV,33.11026309014178,32.03225452441623,34.49627410321748
251,0.00014820113056519604,Secondary,WV,13.764921006895406,13.316760788066253,14.341127002532888
252,0.00029740426201315485,Secondary,WV,27.62290785578182,26.72355736745404,28.779215626488963
253,0.00026736323554701056,Secondary,WV,24.832697317606335,24.024190893312177,25.872205577413116
254,0.000534727471094902,Primary,WV,49.665487515294494,48.04847164270351,51.744507922911474
255,0.00029740426201315485,Secondary,WV,27.62290785578182,26.72355736745404,28.779215626488963
256,0.0001191621049818145,Secondary,WV,11.06777631071093,10.70743010524592,11.531078574880224
257,0.00032744528847929914,Secondary,WV,30.4131183939573,29.4229238415959,31.686225675564813
258,0.0001191621049818145,Secondary,WV,11.06777631071093,10.70743010524592,11.531078574880224
259,8.910007849716916e-05,Secondary,WV,8.27561529081707,8.00617665344163,8.622036396014064
260,0.00044560639257923185,Secondary,WV,41.38792174275905,40.04040801159945,43.1204393971071
261,0.0005056874455106396,Secondary,WV,46.9682499390282,45.43905110380402,48.934362727173564
262,0.00026736323554701056,Secondary,WV,24.832697317606335,24.024190893312177,25.872205577413116
263,0.0001191621049818145,Secondary,WV,11.06777631071093,10.70743010524592,11.531078574880224
264,0.000238324209963629,Secondary,WV,22.13555262142186,21.41486021049184,23.06215714976045
265,0.0006538895760767165,Secondary,WV,60.73326382600543,58.75590174794943,63.2755864977917
266,3.0000026430023288e-05,Secondary,WV,2.7864024548205624,2.695682374896172,2.903042557580493
268,0.00014820113056519604,Secondary,WV,13.764921006895406,13.316760788066253,14.341127002532888
270,0.000534727471094902,Secondary,NC,49.665487515294494,48.04847164270351,51.744507922911474
271,0.0006839296025419799,Primary,NC,63.523381484099076,61.455178366012134,66.1824997787823
272,0.0014269402571343666,Primary,NC,132.53421108263996,128.21914374506562,138.08215480237837
273,0.0008321317331080569,Primary,NC,77.2883953710763,74.77202901015754,80.52372354940043
274,0.0010404149166055416,Primary,NC,96.63373745432268,93.48752274650754,100.67887065008503
275,0.004221740719353574,Primary,NC,392.1152780135599,379.34873407823466,408.5294059304066
276,0.0014870223100666552,Primary,NC,138.11463215899093,133.61787669334936,143.89617490053007
277,0.0008922137860403455,Primary,NC,82.86881644742728,80.17076195844128,86.33774364755214
278,0.0013077781521525522,Primary,NC,121.46643477192903,117.5117136398197,126.55107622749814
279,0.0007139706290081242,Secondary,NC,66.31359202227456,64.154544840154,69.08950982785815
280,0.0026756383572373926,Secondary,NC,248.51329062020898,240.42216022792311,258.916172553148
281,0.0015160613356500368,Secondary,NC,140.8117768551754,136.22720737616967,146.70622332818274
282,0.0026756383572373926,Secondary,NC,248.51329062020898,240.42216022792311,258.916172553148
283,0.002438316148156527,Primary,NC,226.4708038407782,219.09733580875283,235.95097702481075
284,0.001605182414165707,Secondary,NC,149.08934262771086,144.23527100727375,155.33029185398712
285,0.0017844265720798102,Primary,NC,165.73754001477275,160.3414340608034,172.67539052701903
286,0.0015761433885823255,Secondary,NC,146.39219793152637,141.6259403244534,152.52024342633445
287,0.0015461023621161812,Secondary,NC,143.6019873933509,138.92657385031154,149.6132333772586
288,0.0006839296025419799,Secondary,NC,63.523381484099076,61.455178366012134,66.1824997787823
289,0.00017824215703134036,Primary,NC,16.55513154507089,16.016127262208116,17.24813705160874
290,0.0009512938380898713,Secondary,SC,88.35617168178723,85.47945911540347,92.05480212428066
291,0.0009813348645560157,Secondary,SC,91.14638221996272,88.17882558954533,94.9618121733565
292,0.0005056874455106396,Secondary,SC,46.9682499390282,45.43905110380402,48.934362727173564
293,0.0011295359951212119,Secondary,SC,104.91130322685814,101.4955863776116,109.3029391758894
294,0.003330528934195991,Secondary,SC,309.3395274081236,299.2680079111149,322.28862390427764
295,0.0013979012315509852,Secondary,SC,129.8370663864555,125.60981306224531,135.27210637472572
296,0.003151285776282769,Secondary,SC,292.69142290114354,283.16193471366444,304.94362199933096
297,0.000773051681058531,Secondary,SC,71.80104013671635,69.46333185319536,74.80666507267192
298,0.00014820113056519604,Secondary,SC,13.764921006895406,13.316760788066253,14.341127002532888
299,0.0007430106545923867,Secondary,SC,69.01082959854087,66.76396537905349,71.89965502359607
300,0.007433108548568631,Primary,GA,690.3871219910544,667.9094017401828,719.2870480278892
301,0.002973042619250548,Primary,GA,276.13619847599085,267.14571759537716,287.695388179637
302,0.0026756383572373926,Primary,GA,248.51329062020898,240.42216022792311,258.916172553148
303,0.004430023902851059,Primary,GA,411.4606200968063,398.0642278145847,428.6845530310912
304,0.000534727471094902,Secondary,GA,49.665487515294494,48.04847164270351,51.744507922911474
305,0.0014569812836005111,Primary,GA,135.32442162081546,130.91851021920752,140.98916485145423
306,0.0013378191786186963,Primary,GA,124.25664531010449,120.21108011396156,129.458086276574
307,0.0008922137860403455,Primary,GA,82.86881644742728,80.17076195844128,86.33774364755214
308,0.00044560639257923185,Secondary,GA,41.38792174275905,40.04040801159945,43.1204393971071
309,0.0004756464190444952,Secondary,GA,44.17803940085271,42.73968462966216,46.02735267809771
310,0.0006839296025419799,Primary,GA,63.523381484099076,61.455178366012134,66.1824997787823
312,0.00026736323554701056,Primary,GA,24.832697317606335,24.024190893312177,25.872205577413116
313,0.0009212528116237271,Secondary,GA,85.56596114361176,82.7800926412616,89.1477920752048
314,0.0009813348645560157,Secondary,GA,91.14638221996272,88.17882558954533,94.9618121733565
315,0.0010404149166055416,Secondary,GA,96.63373745432268,93.48752274650754,100.67887065008503
316,0.00041656636699496935,Secondary,GA,38.690684166492744,37.43098747269996,40.31029420136919
317,0.0005056874455106396,Secondary,GA,46.9682499390282,45.43905110380402,48.934362727173564
318,0.00014820113056519604,Primary,GA,13.764921006895406,13.316760788066253,14.341127002532888
319,0.00026736323554701056,Primary,GA,24.832697317606335,24.024190893312177,25.872205577413116
320,0.002080829833211083,Secondary,FL,193.26747490864537,186.97504549301507,201.35774130017006
321,0.0013979012315509852,Primary,FL,129.8370663864555,125.60981306224531,135.27210637472572
322,0.003448690038295924,Secondary,FL,320.31433075692536,309.8854920811185,333.7228376258199
323,0.0006538895760767165,Secondary,FL,60.73326382600543,58.75590174794943,63.2755864977917
324,0.0011595770215873562,Secondary,FL,107.70151376503362,104.19495285175346,112.20994922496527
325,0.001991708754695413,Secondary,FL,184.98990913610993,178.966981861911,192.7336727743657
326,0.0013678602050848406,Primary,FL,127.04685584827998,122.91044658810343,132.36509632564983
327,0.0036569732217934083,Primary,FL,339.6596728401717,328.6009858174684,353.8779847265045
328,0.004965752374827843,Primary,FL,461.21908057401,446.20264539253054,480.5259258073406
329,0.0018134655976631917,Primary,FL,168.4346847109572,162.95076474362372,175.4854389546717
330,0.00648181471047876,Primary,FL,602.0309503092672,582.4299426247793,627.2322459036085
331,0.007819633889097457,Primary,FL,726.2875956193717,702.641022738741,756.6903321801825
333,0.002557478253138341,Primary,FL,237.5385801514891,229.80476591399875,247.48205559969097
334,0.005530520872388889,Primary,FL,513.6747786274799,496.95048350937594,535.177443779328
335,0.0022600729911243056,Primary,FL,209.91557941562547,203.08111869046556,218.70274320511678
336,0.002438316148156527,Primary,FL,226.4708038407782,219.09733580875283,235.95097702481075
337,0.0018134655976631917,Primary,FL,168.4346847109572,162.95076474362372,175.4854389546717
338,0.0027948004622192074,Primary,FL,259.5810669309199,251.12959033316906,270.4472511280282
339,0.0028248414886853515,Secondary,FL,262.3712774690954,253.8289568073109,273.35426117710404
341,0.0008621727595742013,Primary,FL,80.0786059092518,77.47139548429942,83.4307335984763
342,0.001843506624129336,Secondary,FL,171.22489524913271,165.6501312177656,178.39244900374757
344,0.0012787391265691706,Primary,FL,118.76929007574455,114.90238295699938,123.74102779984548
346,0.0016943044926822583,Primary,FL,157.3670012803281,152.24342449445697,163.95445714787675
347,0.004638307086348543,Primary,FL,430.80596218005263,416.77972155093465,448.83970013177577
349,0.0013077781521525522,Secondary,FL,121.46643477192903,117.5117136398197,126.55107622749814
350,0.001070455943071686,Secondary,AL,99.42394799249817,96.18688922064939,103.5858806991609
351,0.00032744528847929914,Secondary,AL,30.4131183939573,29.4229238415959,31.686225675564813
352,0.0007430106545923867,Secondary,AL,69.01082959854087,66.76396537905349,71.89965502359607
354,0.00041656636699496935,Secondary,AL,38.690684166492744,37.43098747269996,40.31029420136919
355,3.0000026430023288e-05,Secondary,AL,2.7864024548205624,2.695682374896172,2.903042557580493
356,0.0010113748910212791,Secondary,AL,93.9364998780564,90.87810220760804,97.86872545434713
357,0.000386525340528825,Primary,AL,35.90047362831726,34.73162099855809,37.40328415229333
358,0.0007139706290081242,Primary,AL,66.31359202227456,64.154544840154,69.08950982785815
359,0.000624849550492454,Primary,AL,58.03602624973912,56.146481209049945,60.46544130205378
360,0.0007430106545923867,Secondary,AL,69.01082959854087,66.76396537905349,71.89965502359607
361,0.0008621727595742013,Secondary,AL,80.0786059092518,77.47139548429942,83.4307335984763
362,0.00017824215703134036,Primary,AL,16.55513154507089,16.016127262208116,17.24813705160874
363,0.00014820113056519604,Secondary,AL,13.764921006895406,13.316760788066253,14.341127002532888
364,8.910007849716916e-05,Secondary,AL,8.27561529081707,8.00617665344163,8.622036396014064
365,0.00041656636699496935,Secondary,AL,38.690684166492744,37.43098747269996,40.31029420136919
366,0.0004756464190444952,Tertiary,AL,44.17803940085271,42.73968462966216,46.02735267809771
367,0.00020828318349748467,Secondary,AL,19.345342083246372,18.71549373634998,20.155147100684594
368,0.00026736323554701056,Secondary,AL,24.832697317606335,24.024190893312177,25.872205577413116
369,3.0000026430023288e-05,Secondary,AL,2.7864024548205624,2.695682374896172,2.903042557580493
370,0.004399983876385796,Primary,TN,408.6705024387127,395.36495119652204,425.77763975010066
371,0.0018134655976631917,Primary,TN,168.4346847109572,162.95076474362372,175.4854389546717
372,0.0021409108861424908,Primary,TN,198.8478031049145,192.3736885852196,207.1716646302365
373,0.0014870223100666552,Secondary,TN,138.11463215899093,133.61787669334936,143.89617490053007
374,0.0005056874455106396,Primary,TN,46.9682499390282,45.43905110380402,48.934362727173564
376,0.0011004969695378303,Secondary,TN,102.21415853067366,98.88625569479126,106.49289074823675
377,0.000773051681058531,Secondary,TN,71.80104013671635,69.46333185319536,74.80666507267192
378,0.0009212528116237271,Secondary,TN,85.56596114361176,82.7800926412616,89.1477920752048
379,0.0017243445191475215,Secondary,TN,160.15711893842177,154.94270111251967,166.86137042886733
380,0.0009813348645560157,Secondary,TN,91.14638221996272,88.17882558954533,94.9618121733565
381,0.0015461023621161812,Secondary,TN,143.6019873933509,138.92657385031154,149.6132333772586
382,0.000386525340528825,Secondary,TN,35.90047362831726,34.73162099855809,37.40328415229333
383,0.0005647684975610464,Secondary,TN,52.45569805346998,50.74783811684538,54.65151797198733
384,0.00017824215703134036,Primary,TN,16.55513154507089,16.016127262208116,17.24813705160874
385,0.00026736323554701056,Primary,TN,24.832697317606335,24.024190893312177,25.872205577413116
386,0.0006538895760767165,Secondary,MS,60.73326382600543,58.75590174794943,63.2755864977917
387,0.00014820113056519604,Secondary,MS,13.764921006895406,13.316760788066253,14.341127002532888
388,0.0004756464190444952,Secondary,MS,44.17803940085271,42.73968462966216,46.02735267809771
389,5.9100052067145876e-05,Secondary,MS,5.489212835996508,5.310494278545459,5.718993838433572
390,0.00017824215703134036,Tertiary,MS,16.55513154507089,16.016127262208116,17.24813705160874
391,0.00029740426201315485,Tertiary,MS,27.62290785578182,26.72355736745404,28.779215626488963
392,0.0001191621049818145,Tertiary,MS,11.06777631071093,10.70743010524592,11.531078574880224
393,0.00029740426201315485,Secondary,MS,27.62290785578182,26.72355736745404,28.779215626488963
394,0.0006538895760767165,Tertiary,MS,60.73326382600543,58.75590174794943,63.2755864977917
395,0.0011004969695378303,Tertiary,MS,102.21415853067366,98.88625569479126,106.49289074823675
396,0.00017824215703134036,Tertiary,MS,16.55513154507089,16.016127262208116,17.24813705160874
397,0.0001191621049818145,Secondary,MS,11.06777631071093,10.70743010524592,11.531078574880224
398,0.00014820113056519604,Secondary,GA,13.764921006895406,13.316760788066253,14.341127002532888
400,0.0008621727595742013,Primary,KY,80.0786059092518,77.47139548429942,83.4307335984763
401,0.0008621727595742013,Secondary,KY,80.0786059092518,77.47139548429942,83.4307335984763
402,0.0027357204101696813,Primary,KY,254.09371169655995,245.82089317620685,264.73019265129966
403,0.000624849550492454,Primary,KY,58.03602624973912,56.146481209049945,60.46544130205378
404,0.000238324209963629,Secondary,KY,22.13555262142186,21.41486021049184,23.06215714976045
405,0.0011295359951212119,Primary,KY,104.91130322685814,101.4955863776116,109.3029391758894
406,0.0001191621049818145,Primary,KY,11.06777631071093,10.70743010524592,11.531078574880224
407,0.00029740426201315485,Secondary,KY,27.62290785578182,26.72355736745404,28.779215626488963
410,0.001843506624129336,Primary,KY,171.22489524913271,165.6501312177656,178.39244900374757
411,8.910007849716916e-05,Primary,KY,8.27561529081707,8.00617665344163,8.622036396014064
413,5.9100052067145876e-05,Secondary,KY,5.489212835996508,5.310494278545459,5.718993838433572
414,0.0001191621049818145,Secondary,KY,11.06777631071093,10.70743010524592,11.531078574880224
415,0.00014820113056519604,Secondary,KY,13.764921006895406,13.316760788066253,14.341127002532888
416,5.9100052067145876e-05,Secondary,KY,5.489212835996508,5.310494278545459,5.718993838433572
417,5.9100052067145876e-05,Secondary,KY,5.489212835996508,5.310494278545459,5.718993838433572
418,0.0001191621049818145,Secondary,KY,11.06777631071093,10.70743010524592,11.531078574880224
420,0.0005056874455106396,Secondary,KY,46.9682499390282,45.43905110380402,48.934362727173564
421,0.0008030917075237944,Primary,KY,74.59115779481,72.16260847125805,77.71357835366253
422,0.00041656636699496935,Primary,KY,38.690684166492744,37.43098747269996,40.31029420136919
423,0.0005056874455106396,Primary,KY,46.9682499390282,45.43905110380402,48.934362727173564
424,0.00032744528847929914,Secondary,KY,30.4131183939573,29.4229238415959,31.686225675564813
425,0.00029740426201315485,Secondary,KY,27.62290785578182,26.72355736745404,28.779215626488963
426,0.0001191621049818145,Secondary,KY,11.06777631071093,10.70743010524592,11.531078574880224
427,0.0005948085240263097,Secondary,KY,55.24581571156364,53.44711473490808,57.558431252977925
430,0.002438316148156527,Secondary,OH,226.4708038407782,219.09733580875283,235.95097702481075
431,0.0015761433885823255,Primary,OH,146.39219793152637,141.6259403244534,152.52024342633445
432,0.002289113016708568,Primary,OH,212.61281699189175,205.69053922936504,221.51288840085465
433,0.0005948085240263097,Secondary,OH,55.24581571156364,53.44711473490808,57.558431252977925
434,0.00044560639257923185,Primary,OH,41.38792174275905,40.04040801159945,43.1204393971071
435,0.0006839296025419799,Primary,OH,63.523381484099076,61.455178366012134,66.1824997787823
436,0.0012486981001030263,Primary,OH,115.97907953756906,112.2030164828575,120.83401775076963
437,0.00026736323554701056,Secondary,OH,24.832697317606335,24.024190893312177,25.872205577413116
438,0.00014820113056519604,Secondary,OH,13.764921006895406,13.316760788066253,14.341127002532888
439,0.00032744528847929914,Secondary,OH,30.4131183939573,29.4229238415959,31.686225675564813
440,0.0030922047242323623,Secondary,OH,287.2039747867018,277.8531477006231,299.2264667545172
441,0.004162660667304048,Primary,OH,386.62792277919993,374.0400369212725,402.81234745367806
442,0.0015761433885823255,Secondary,OH,146.39219793152637,141.6259403244534,152.52024342633445
443,0.0008922137860403455,Secondary,OH,82.86881644742728,80.17076195844128,86.33774364755214
444,0.0009512938380898713,Secondary,OH,88.35617168178723,85.47945911540347,92.05480212428066
445,0.0005647684975610464,Secondary,OH,52.45569805346998,50.74783811684538,54.65151797198733
446,0.001070455943071686,Secondary,OH,99.42394799249817,96.18688922064939,103.5858806991609
447,0.000624849550492454,Secondary,OH,58.03602624973912,56.146481209049945,60.46544130205378
448,0.0005948085240263097,Primary,OH,55.24581571156364,53.44711473490808,57.558431252977925
449,0.00026736323554701056,Secondary,OH,24.832697317606335,24.024190893312177,25.872205577413116
450,0.002289113016708568,Primary,OH,212.61281699189175,205.69053922936504,221.51288840085465
451,0.0005056874455106396,Primary,OH,46.9682499390282,45.43905110380402,48.934362727173564
452,0.0022300329646590417,Primary,OH,207.12546175753175,200.38184207240283,215.7958299241261
453,0.0013378191786186963,Primary,OH,124.25664531010449,120.21108011396156,129.458086276574
454,0.0009813348645560157,Primary,OH,91.14638221996272,88.17882558954533,94.9618121733565
455,0.00017824215703134036,Primary,OH,16.55513154507089,16.016127262208116,17.24813705160874
456,0.0009512938380898713,Primary,OH,88.35617168178723,85.47945911540347,92.05480212428066
457,0.0001191621049818145,Secondary,OH,11.06777631071093,10.70743010524592,11.531078574880224
458,0.0008922137860403455,Secondary,OH,82.86881644742728,80.17076195844128,86.33774364755214
460,0.001843506624129336,Primary,IN,171.22489524913271,165.6501312177656,178.39244900374757
461,0.002021749781161557,Primary,IN,187.7801196742854,181.66634833605283,195.64068282344152
462,0.0027647594357530633,Primary,IN,256.7908563927445,248.43022385902722,267.54024107895236
463,0.0026465993316540115,Primary,IN,245.81614592402454,237.81282954510283,256.10612412549534
464,0.00020828318349748467,Primary,IN,19.345342083246372,18.71549373634998,20.155147100684594
465,0.0013979012315509852,Primary,IN,129.8370663864555,125.60981306224531,135.27210637472572
466,0.0003564843140626807,Primary,IN,33.11026309014178,32.03225452441623,34.49627410321748
467,0.0009512938380898713,Secondary,IN,88.35617168178723,85.47945911540347,92.05480212428066
468,0.0011896180480535003,Secondary,IN,110.4917243032091,106.89431932589531,115.11695927404111
469,0.0005056874455106396,Primary,IN,46.9682499390282,45.43905110380402,48.934362727173564
470,0.000386525340528825,Primary,IN,35.90047362831726,34.73162099855809,37.40328415229333
471,0.0005948085240263097,Primary,IN,55.24581571156364,53.44711473490808,57.558431252977925
472,0.0004756464190444952,Primary,IN,44.17803940085271,42.73968462966216,46.02735267809771
473,0.0006538895760767165,Primary,IN,60.73326382600543,58.75590174794943,63.2755864977917
474,0.0004756464190444952,Primary,IN,44.17803940085271,42.73968462966216,46.02735267809771
475,0.00029740426201315485,Secondary,IN,27.62290785578182,26.72355736745404,28.779215626488963
476,0.0005948085240263097,Secondary,IN,55.24581571156364,53.44711473490808,57.558431252977925
477,0.0007139706290081242,Secondary,IN,66.31359202227456,64.154544840154,69.08950982785815
478,0.000534727471094902,Primary,IN,49.665487515294494,48.04847164270351,51.744507922911474
479,0.0007430106545923867,Primary,IN,69.01082959854087,66.76396537905349,71.89965502359607
480,0.004340902824335388,Primary,MI,403.18305432427076,390.0561641834806,420.06048450528675
481,0.0057978841079358995,Primary,MI,538.5074759450863,520.9746744026882,561.049649356741
482,0.0027647594357530633,Primary,MI,256.7908563927445,248.43022385902722,267.54024107895236
483,0.0032704478812645836,Primary,MI,303.7591992118545,293.86936481891036,316.47470057421117
484,0.002051789807626821,Primary,MI,190.5702373323791,184.3656249541156,198.5475961044322
485,0.0008321317331080569,Primary,MI,77.2883953710763,74.77202901015754,80.52372354940043
486,0.000386525340528825,Secondary,MI,35.90047362831726,34.73162099855809,37.40328415229333
487,0.000386525340528825,Secondary,MI,35.90047362831726,34.73162099855809,37.40328415229333
488,0.0015160613356500368,Primary,MI,140.8117768551754,136.22720737616967,146.70622332818274
489,0.0005056874455106396,Primary,MI,46.9682499390282,45.43905110380402,48.934362727173564
490,0.0024973962002060525,Secondary,MI,231.95815907513813,224.406032965715,241.66803550153926
491,0.00041656636699496935,Primary,MI,38.690684166492744,37.43098747269996,40.31029420136919
492,0.0016352234406318512,Primary,MI,151.8795531658863,146.9346374814156,158.23730190306296
493,0.0007139706290081242,Secondary,MI,66.31359202227456,64.154544840154,69.08950982785815
494,0.0017543855456136658,Secondary,MI,162.94732947659725,157.64206758666154,169.7683804779432
495,0.0010404149166055416,Secondary,MI,96.63373745432268,93.48752274650754,100.67887065008503
496,0.0005647684975610464,Secondary,MI,52.45569805346998,50.74783811684538,54.65151797198733
497,0.00032744528847929914,Secondary,MI,30.4131183939573,29.4229238415959,31.686225675564813
498,0.000386525340528825,Secondary,MI,35.90047362831726,34.73162099855809,37.40328415229333
499,0.00014820113056519604,Secondary,MI,13.764921006895406,13.316760788066253,14.341127002532888
500,0.000773051681058531,Secondary,IA,71.80104013671635,69.46333185319536,74.80666507267192
501,0.000238324209963629,Secondary,IA,22.13555262142186,21.41486021049184,23.06215714976045
502,0.0006538895760767165,Secondary,IA,60.73326382600543,58.75590174794943,63.2755864977917
503,0.000624849550492454,Secondary,IA,58.03602624973912,56.146481209049945,60.46544130205378
504,0.0004756464190444952,Secondary,IA,44.17803940085271,42.73968462966216,46.02735267809771
505,0.00032744528847929914,Secondary,IA,30.4131183939573,29.4229238415959,31.686225675564813
506,0.000386525340528825,Secondary,IA,35.90047362831726,34.73162099855809,37.40328415229333
507,0.00026736323554701056,Secondary,IA,24.832697317606335,24.024190893312177,25.872205577413116
508,0.000386525340528825,Secondary,IA,35.90047362831726,34.73162099855809,37.40328415229333
510,0.0001191621049818145,Secondary,IA,11.06777631071093,10.70743010524592,11.531078574880224
511,0.00026736323554701056,Secondary,IA,24.832697317606335,24.024190893312177,25.872205577413116
513,0.00017824215703134036,Secondary,IA,16.55513154507089,16.016127262208116,17.24813705160874
514,5.9100052067145876e-05,Secondary,IA,5.489212835996508,5.310494278545459,5.718993838433572
515,0.0005056874455106396,Secondary,IA,46.9682499390282,45.43905110380402,48.934362727173564
520,0.00026736323554701056,Secondary,IA,24.832697317606335,24.024190893312177,25.872205577413116
521,3.0000026430023288e-05,Secondary,IA,2.7864024548205624,2.695682374896172,2.903042557580493
522,0.00032744528847929914,Secondary,IA,30.4131183939573,29.4229238415959,31.686225675564813
523,0.000534727471094902,Secondary,IA,49.665487515294494,48.04847164270351,51.744507922911474
524,0.00032744528847929914,Secondary,IA,30.4131183939573,29.4229238415959,31.686225675564813
525,8.910007849716916e-05,Secondary,IA,8.27561529081707,8.00617665344163,8.622036396014064
526,0.00029740426201315485,Secondary,IA,27.62290785578182,26.72355736745404,28.779215626488963
527,0.0005948085240263097,Secondary,IA,55.24581571156364,53.44711473490808,57.558431252977925
528,0.00026736323554701056,Secondary,IA,24.832697317606335,24.024190893312177,25.872205577413116
530,0.0012486981001030263,Secondary,WI,115.97907953756906,112.2030164828575,120.83401775076963
531,0.001605182414165707,Primary,WI,149.08934262771086,144.23527100727375,155.33029185398712
532,0.0019025876761797427,Primary,WI,176.71234336357446,170.95891823080694,184.1096042485613
534,0.00044560639257923185,Primary,WI,41.38792174275905,40.04040801159945,43.1204393971071
535,0.0011595770215873562,Secondary,WI,107.70151376503362,104.19495285175346,112.20994922496527
537,0.0007430106545923867,Secondary,WI,69.01082959854087,66.76396537905349,71.89965502359607
538,8.910007849716916e-05,Secondary,WI,8.27561529081707,8.00617665344163,8.622036396014064
539,0.0010404149166055416,Secondary,WI,96.63373745432268,93.48752274650754,100.67887065008503
540,0.000534727471094902,Primary,WI,49.665487515294494,48.04847164270351,51.744507922911474
541,0.0003564843140626807,Secondary,WI,33.11026309014178,32.03225452441623,34.49627410321748
542,0.00020828318349748467,Secondary,WI,19.345342083246372,18.71549373634998,20.155147100684594
543,0.000624849550492454,Secondary,WI,58.03602624973912,56.146481209049945,60.46544130205378
544,0.0006839296025419799,Secondary,WI,63.523381484099076,61.455178366012134,66.1824997787823
545,3.0000026430023288e-05,Secondary,WI,2.7864024548205624,2.695682374896172,2.903042557580493
546,0.000624849550492454,Secondary,WI,58.03602624973912,56.146481209049945,60.46544130205378
547,0.000386525340528825,Primary,WI,35.90047362831726,34.73162099855809,37.40328415229333
548,0.00044560639257923185,Secondary,WI,41.38792174275905,40.04040801159945,43.1204393971071
549,0.0011295359951212119,Secondary,WI,104.91130322685814,101.4955863776116,109.3029391758894
550,0.0015461023621161812,Primary,MN,143.6019873933509,138.92657385031154,149.6132333772586
551,0.0019025876761797427,Primary,MN,176.71234336357446,170.95891823080694,184.1096042485613
553,0.002438316148156527,Primary,MN,226.4708038407782,219.09733580875283,235.95097702481075
554,0.0027357204101696813,Primary,MN,254.09371169655995,245.82089317620685,264.73019265129966
557,0.00026736323554701056,Secondary,MN,24.832697317606335,24.024190893312177,25.872205577413116
558,0.0005948085240263097,Secondary,MN,55.24581571156364,53.44711473490808,57.558431252977925
559,0.0005056874455106396,Primary,MN,46.9682499390282,45.43905110380402,48.934362727173564
560,0.000386525340528825,Primary,MN,35.90047362831726,34.73162099855809,37.40328415229333
561,0.00014820113056519604,Secondary,MN,13.764921006895406,13.316760788066253,14.341127002532888
562,8.910007849716916e-05,Secondary,MN,8.27561529081707,8.00617665344163,8.622036396014064
563,0.0005056874455106396,Primary,MN,46.9682499390282,45.43905110380402,48.934362727173564
564,0.0004756464190444952,Secondary,MN,44.17803940085271,42.73968462966216,46.02735267809771
565,0.00026736323554701056,Secondary,MN,24.832697317606335,24.024190893312177,25.872205577413116
566,0.0001191621049818145,Secondary,MN,11.06777631071093,10.70743010524592,11.531078574880224
567,0.00029740426201315485,Secondary,MN,27.62290785578182,26.72355736745404,28.779215626488963
570,0.00044560639257923185,Secondary,SD,41.38792174275905,40.04040801159945,43.1204393971071
571,0.0010113748910212791,Secondary,SD,93.9364998780564,90.87810220760804,97.86872545434713
572,5.9100052067145876e-05,Secondary,SD,5.489212835996508,5.310494278545459,5.718993838433572
573,8.910007849716916e-05,Secondary,SD,8.27561529081707,8.00617665344163,8.622036396014064
574,8.910007849716916e-05,Secondary,SD,8.27561529081707,8.00617665344163,8.622036396014064
575,0.0001191621049818145,Tertiary,SD,11.06777631071093,10.70743010524592,11.531078574880224
576,0.0001191621049818145,Tertiary,SD,11.06777631071093,10.70743010524592,11.531078574880224
577,0.00041656636699496935,Tertiary,SD,38.690684166492744,37.43098747269996,40.31029420136919
580,0.0001191621049818145,Secondary,ND,11.06777631071093,10.70743010524592,11.531078574880224
581,0.00032744528847929914,Secondary,ND,30.4131183939573,29.4229238415959,31.686225675564813
582,0.0005056874455106396,Secondary,ND,46.9682499390282,45.43905110380402,48.934362727173564
583,0.00014820113056519604,Tertiary,ND,13.764921006895406,13.316760788066253,14.341127002532888
584,0.0001191621049818145,Secondary,ND,11.06777631071093,10.70743010524592,11.531078574880224
585,0.000624849550492454,Tertiary,ND,58.03602624973912,56.146481209049945,60.46544130205378
586,8.910007849716916e-05,Tertiary,ND,8.27561529081707,8.00617665344163,8.622036396014064
587,0.000624849550492454,Tertiary,ND,58.03602624973912,56.146481209049945,60.46544130205378
588,0.00014820113056519604,Tertiary,ND,13.764921006895406,13.316760788066253,14.341127002532888
590,0.00017824215703134036,Tertiary,MT,16.55513154507089,16.016127262208116,17.24813705160874
591,0.00017824215703134036,Tertiary,MT,16.55513154507089,16.016127262208116,17.24813705160874
592,3.0000026430023288e-05,Tertiary,MT,2.7864024548205624,2.695682374896172,2.903042557580493
593,3.0000026430023288e-05,Tertiary,MT,2.7864024548205624,2.695682374896172,2.903042557580493
594,0.0003564843140626807,Tertiary,MT,33.11026309014178,32.03225452441623,34.49627410321748
595,3.0000026430023288e-05,Tertiary,MT,2.7864024548205624,2.695682374896172,2.903042557580493
596,0.00020828318349748467,Secondary,MT,19.345342083246372,18.71549373634998,20.155147100684594
597,0.0005647684975610464,Secondary,MT,52.45569805346998,50.74783811684538,54.65151797198733
598,0.0008030917075237944,Secondary,MT,74.59115779481,72.16260847125805,77.71357835366253
599,0.00020828318349748467,Tertiary,MT,19.345342083246372,18.71549373634998,20.155147100684594
600,0.004043498562322234,Primary,IL,375.56014646848905,363.3326068160266,391.2812688787979
601,0.00451914598136761,Primary,IL,419.73827874942356,406.0723813017679,437.3087183249808
602,0.00020828318349748467,Primary,IL,19.345342083246372,18.71549373634998,20.155147100684594
603,0.00017824215703134036,Primary,IL,16.55513154507089,16.016127262208116,17.24813705160874
604,0.003776135326775223,Primary,IL,350.72744915088265,339.3084159227144,365.4090633013847
605,0.0032704478812645836,Primary,IL,303.7591992118545,293.86936481891036,316.47470057421117
606,0.008592684570155107,Primary,IL,798.0885428760062,772.1042647358572,831.4969004847693
607,0.0007430106545923867,Primary,IL,69.01082959854087,66.76396537905349,71.89965502359607
608,0.0005647684975610464,Primary,IL,52.45569805346998,50.74783811684538,54.65151797198733
609,0.00029740426201315485,Primary,IL,27.62290785578182,26.72355736745404,28.779215626488963
610,0.0013979012315509852,Primary,IL,129.8370663864555,125.60981306224531,135.27210637472572
611,0.0008321317331080569,Primary,IL,77.2883953710763,74.77202901015754,80.52372354940043
612,0.00026736323554701056,Secondary,IL,24.832697317606335,24.024190893312177,25.872205577413116
613,0.00032744528847929914,Primary,IL,30.4131183939573,29.4229238415959,31.686225675564813
614,0.00032744528847929914,Secondary,IL,30.4131183939573,29.4229238415959,31.686225675564813
615,0.0007430106545923867,Secondary,IL,69.01082959854087,66.76396537905349,71.89965502359607
616,0.0006839296025419799,Secondary,IL,63.523381484099076,61.455178366012134,66.1824997787823
617,0.0005647684975610464,Secondary,IL,52.45569805346998,50.74783811684538,54.65151797198733
618,0.0007139706290081242,Secondary,IL,66.31359202227456,64.154544840154,69.08950982785815
619,0.00029740426201315485,Secondary,IL,27.62290785578182,26.72355736745404,28.779215626488963
620,0.0008030917075237944,Primary,IL,74.59115779481,72.16260847125805,77.71357835366253
622,0.0006538895760767165,Primary,IL,60.73326382600543,58.75590174794943,63.2755864977917
623,0.00020828318349748467,Secondary,IL,19.345342083246372,18.71549373634998,20.155147100684594
624,0.000386525340528825,Secondary,IL,35.90047362831726,34.73162099855809,37.40328415229333
625,0.0001191621049818145,Secondary,IL,11.06777631071093,10.70743010524592,11.531078574880224
626,0.00017824215703134036,Primary,IL,16.55513154507089,16.016127262208116,17.24813705160874
627,0.00044560639257923185,Primary,IL,41.38792174275905,40.04040801159945,43.1204393971071
628,0.0003564843140626807,Primary,IL,33.11026309014178,32.03225452441623,34.49627410321748
629,0.0005056874455106396,Secondary,IL,46.9682499390282,45.43905110380402,48.934362727173564
630,0.002289113016708568,Primary,MO,212.61281699189175,205.69053922936504,221.51288840085465
631,0.002557478253138341,Primary,MO,237.5385801514891,229.80476591399875,247.48205559969097
633,0.002378234095224238,Primary,MO,220.89038276442722,213.6986028604691,230.13695692665905
635,8.910007849716916e-05,Secondary,MO,8.27561529081707,8.00617665344163,8.622036396014064
636,0.000386525340528825,Primary,MO,35.90047362831726,34.73162099855809,37.40328415229333
637,0.000386525340528825,Primary,MO,35.90047362831726,34.73162099855809,37.40328415229333
638,0.00032744528847929914,Secondary,MO,30.4131183939573,29.4229238415959,31.686225675564813
639,0.00017824215703134036,Secondary,MO,16.55513154507089,16.016127262208116,17.24813705160874
640,0.0019326277026450061,Secondary,MO,179.50246102166813,173.65819484886964,187.01651752955192
641,0.0021709519126086353,Secondary,MO,201.63801364309,195.0730550593615,210.0786746793124
644,5.9100052067145876e-05,Secondary,MO,5.489212835996508,5.310494278545459,5.718993838433572
645,0.0001191621049818145,Secondary,MO,11.06777631071093,10.70743010524592,11.531078574880224
646,5.9100052067145876e-05,Secondary,MO,5.489212835996508,5.310494278545459,5.718993838433572
647,0.00020828318349748467,Secondary,MO,19.345342083246372,18.71549373634998,20.155147100684594
648,0.0010113748910212791,Secondary,MO,93.9364998780564,90.87810220760804,97.86872545434713
650,8.910007849716916e-05,Secondary,MO,8.27561529081707,8.00617665344163,8.622036396014064
651,0.00026736323554701056,Primary,MO,24.832697317606335,24.024190893312177,25.872205577413116
652,0.0006538895760767165,Secondary,MO,60.73326382600543,58.75590174794943,63.2755864977917
653,0.0008922137860403455,Secondary,MO,82.86881644742728,80.17076195844128,86.33774364755214
654,0.0003564843140626807,Primary,MO,33.11026309014178,32.03225452441623,34.49627410321748
655,0.00032744528847929914,Secondary,MO,30.4131183939573,29.4229238415959,31.686225675564813
656,0.0004756464190444952,Secondary,MO,44.17803940085271,42.73968462966216,46.02735267809771
657,0.0008030917075237944,Secondary,MO,74.59115779481,72.16260847125805,77.71357835366253
658,0.0011004969695378303,Secondary,MO,102.21415853067366,98.88625569479126,106.49289074823675
660,0.0010404149166055416,Secondary,KS,96.63373745432268,93.48752274650754,100.67887065008503
661,0.00020828318349748467,Secondary,KS,19.345342083246372,18.71549373634998,20.155147100684594
662,0.0005647684975610464,Secondary,KS,52.45569805346998,50.74783811684538,54.65151797198733
664,0.00020828318349748467,Secondary,KS,19.345342083246372,18.71549373634998,20.155147100684594
665,0.000386525340528825,Secondary,KS,35.90047362831726,34.73162099855809,37.40328415229333
666,0.0005056874455106396,Secondary,KS,46.9682499390282,45.43905110380402,48.934362727173564
667,0.00020828318349748467,Secondary,KS,19.345342083246372,18.71549373634998,20.155147100684594
668,8.910007849716916e-05,Secondary,KS,8.27561529081707,8.00617665344163,8.622036396014064
669,5.9100052067145876e-05,Secondary,KS,5.489212835996508,5.310494278545459,5.718993838433572
670,0.0004756464190444952,Secondary,KS,44.17803940085271,42.73968462966216,46.02735267809771
671,0.00014820113056519604,Secondary,KS,13.764921006895406,13.316760788066253,14.341127002532888
672,0.0012787391265691706,Secondary,KS,118.76929007574455,114.90238295699938,123.74102779984548
673,5.9100052067145876e-05,Secondary,KS,5.489212835996508,5.310494278545459,5.718993838433572
674,0.00014820113056519604,Secondary,KS,13.764921006895406,13.316760788066253,14.341127002532888
675,0.0001191621049818145,Secondary,KS,11.06777631071093,10.70743010524592,11.531078574880224
676,0.00017824215703134036,Secondary,KS,16.55513154507089,16.016127262208116,17.24813705160874
677,5.9100052067145876e-05,Secondary,KS,5.489212835996508,5.310494278545459,5.718993838433572
678,0.00014820113056519604,Secondary,KS,13.764921006895406,13.316760788066253,14.341127002532888
679,5.9100052067145876e-05,Secondary,KS,5.489212835996508,5.310494278545459,5.718993838433572
680,0.0006839296025419799,Secondary,NE,63.523381484099076,61.455178366012134,66.1824997787823
681,0.0015461023621161812,Secondary,NE,143.6019873933509,138.92657385031154,149.6132333772586
683,5.9100052067145876e-05,Tertiary,NE,5.489212835996508,5.310494278545459,5.718993838433572
684,3.0000026430023288e-05,Tertiary,NE,2.7864024548205624,2.695682374896172,2.903042557580493
685,0.0010113748910212791,Tertiary,NE,93.9364998780564,90.87810220760804,97.86872545434713
686,3.0000026430023288e-05,Tertiary,NE,2.7864024548205624,2.695682374896172,2.903042557580493
687,0.00014820113056519604,Secondary,NE,13.764921006895406,13.316760788066253,14.341127002532888
688,0.00020828318349748467,Tertiary,NE,19.345342083246372,18.71549373634998,20.155147100684594
689,3.0000026430023288e-05,Tertiary,NE,2.7864024548205624,2.695682374896172,2.903042557580493
690,3.0000026430023288e-05,Secondary,NE,2.7864024548205624,2.695682374896172,2.903042557580493
691,5.9100052067145876e-05,Secondary,NE,5.489212835996508,5.310494278545459,5.718993838433572
693,0.0001191621049818145,Secondary,NE,11.06777631071093,10.70743010524592,11.531078574880224
700,0.0016352234406318512,Tertiary,LA,151.8795531658863,146.9346374814156,158.23730190306296
701,0.001218657073636882,Tertiary,LA,113.18886899939358,109.50365000871564,117.92700770169377
703,0.0005948085240263097,Secondary,LA,55.24581571156364,53.44711473490808,57.558431252977925
704,0.0014269402571343666,Tertiary,LA,132.53421108263996,128.21914374506562,138.08215480237837
705,0.001070455943071686,Secondary,LA,99.42394799249817,96.18688922064939,103.5858806991609
706,0.0008922137860403455,Secondary,LA,82.86881644742728,80.17076195844128,86.33774364755214
707,0.0006839296025419799,Secondary,LA,63.523381484099076,61.455178366012134,66.1824997787823
708,0.0009813348645560157,Secondary,LA,91.14638221996272,88.17882558954533,94.9618121733565
710,0.00020828318349748467,Secondary,LA,19.345342083246372,18.71549373634998,20.155147100684594
711,0.0007430106545923867,Secondary,LA,69.01082959854087,66.76396537905349,71.89965502359607
712,0.0007430106545923867,Secondary,LA,69.01082959854087,66.76396537905349,71.89965502359607
713,0.000238324209963629,Secondary,LA,22.13555262142186,21.41486021049184,23.06215714976045
714,0.0005647684975610464,Secondary,LA,52.45569805346998,50.74783811684538,54.65151797198733
716,0.00014820113056519604,Secondary,AR,13.764921006895406,13.316760788066253,14.341127002532888
718,0.00014820113056519604,Secondary,AR,13.764921006895406,13.316760788066253,14.341127002532888
719,0.00026736323554701056,Secondary,AR,24.832697317606335,24.024190893312177,25.872205577413116
720,0.001070455943071686,Secondary,AR,99.42394799249817,96.18688922064939,103.5858806991609
721,0.0011004969695378303,Secondary,AR,102.21415853067366,98.88625569479126,106.49289074823675
722,0.000773051681058531,Secondary,AR,71.80104013671635,69.46333185319536,74.80666507267192
723,8.910007849716916e-05,Secondary,AR,8.27561529081707,8.00617665344163,8.622036396014064
724,0.0005056874455106396,Secondary,AR,46.9682499390282,45.43905110380402,48.934362727173564
725,0.000238324209963629,Secondary,AR,22.13555262142186,21.41486021049184,23.06215714976045
726,0.00029740426201315485,Secondary,AR,27.62290785578182,26.72355736745404,28.779215626488963
727,0.0013378191786186963,Secondary,AR,124.25664531010449,120.21108011396156,129.458086276574
728,5.9100052067145876e-05,Secondary,AR,5.489212835996508,5.310494278545459,5.718993838433572
729,0.0006538895760767165,Secondary,AR,60.73326382600543,58.75590174794943,63.2755864977917
730,0.001605182414165707,Primary,OK,149.08934262771086,144.23527100727375,155.33029185398712
731,0.0021709519126086353,Primary,OK,201.63801364309,195.0730550593615,210.0786746793124
734,0.00014820113056519604,Primary,OK,13.764921006895406,13.316760788066253,14.341127002532888
735,0.0005056874455106396,Primary,OK,46.9682499390282,45.43905110380402,48.934362727173564
736,0.0001191621049818145,Primary,OK,11.06777631071093,10.70743010524592,11.531078574880224
737,0.00029740426201315485,Primary,OK,27.62290785578182,26.72355736745404,28.779215626488963
739,0.00014820113056519604,Secondary,OK,13.764921006895406,13.316760788066253,14.341127002532888
740,0.002378234095224238,Primary,OK,220.89038276442722,213.6986028604691,230.13695692665905
741,0.001070455943071686,Primary,OK,99.42394799249817,96.18688922064939,103.5858806991609
743,0.00020828318349748467,Secondary,OK,19.345342083246372,18.71549373634998,20.155147100684594
744,0.0003564843140626807,Secondary,OK,33.11026309014178,32.03225452441623,34.49627410321748
745,0.00014820113056519604,Secondary,OK,13.764921006895406,13.316760788066253,14.341127002532888
746,0.0001191621049818145,Primary,OK,11.06777631071093,10.70743010524592,11.531078574880224
747,0.0001191621049818145,Secondary,OK,11.06777631071093,10.70743010524592,11.531078574880224
748,0.00044560639257923185,Primary,OK,41.38792174275905,40.04040801159945,43.1204393971071
749,0.00014820113056519604,Secondary,OK,13.764921006895406,13.316760788066253,14.341127002532888
750,0.005500479845922745,Primary,TX,510.8845680893045,494.2511170352341,532.2704337302521
751,0.001991708754695413,Primary,TX,184.98990913610993,178.966981861911,192.7336727743657
752,0.003895297431757038,Primary,TX,361.79522546159365,350.0158460279603,376.940141876265
754,0.0010113748910212791,Primary,TX,93.9364998780564,90.87810220760804,97.86872545434713
755,0.00020828318349748467,Secondary,TX,19.345342083246372,18.71549373634998,20.155147100684594
756,0.0005647684975610464,Secondary,TX,52.45569805346998,50.74783811684538,54.65151797198733
757,0.0004756464190444952,Primary,TX,44.17803940085271,42.73968462966216,46.02735267809771
758,0.000238324209963629,Secondary,TX,22.13555262142186,21.41486021049184,23.06215714976045
759,0.0003564843140626807,Secondary,TX,33.11026309014178,32.03225452441623,34.49627410321748
760,0.0023491950696408566,Primary,TX,218.19323806824272,211.08927217764878,227.32690849900638
761,0.0014870223100666552,Primary,TX,138.11463215899093,133.61787669334936,143.89617490053007
762,0.0016352234406318512,Primary,TX,151.8795531658863,146.9346374814156,158.23730190306296
763,0.000238324209963629,Secondary,TX,22.13555262142186,21.41486021049184,23.06215714976045
764,0.00017824215703134036,Primary,TX,16.55513154507089,16.016127262208116,17.24813705160874
765,0.0015461023621161812,Secondary,TX,143.6019873933509,138.92657385031154,149.6132333772586
766,3.0000026430023288e-05,Primary,TX,2.7864024548205624,2.695682374896172,2.903042557580493
767,0.0004756464190444952,Primary,TX,44.17803940085271,42.73968462966216,46.02735267809771
768,0.0001191621049818145,Secondary,TX,11.06777631071093,10.70743010524592,11.531078574880224
769,0.000386525340528825,Secondary,TX,35.90047362831726,34.73162099855809,37.40328415229333
770,0.006540894762528286,Primary,TX,607.5183055436271,587.7386397817417,632.9493043803371
773,0.0030922047242323623,Primary,TX,287.2039747867018,277.8531477006231,299.2264667545172
774,0.0038352153788247492,Primary,TX,356.21480438524264,344.6171130796766,371.12612177811326
775,0.002438316148156527,Primary,TX,226.4708038407782,219.09733580875283,235.95097702481075
776,0.0008321317331080569,Primary,TX,77.2883953710763,74.77202901015754,80.52372354940043
777,0.00026736323554701056,Primary,TX,24.832697317606335,24.024190893312177,25.872205577413116
778,0.0006538895760767165,Primary,TX,60.73326382600543,58.75590174794943,63.2755864977917
779,0.00041656636699496935,Primary,TX,38.690684166492744,37.43098747269996,40.31029420136919
780,0.0009813348645560157,Primary,TX,91.14638221996272,88.17882558954533,94.9618121733565
781,0.001070455943071686,Primary,TX,99.42394799249817,96.18688922064939,103.5858806991609
782,0.005024833426878249,Primary,TX,466.7065286884517,451.5114324055719,486.24308105215437
783,0.00026736323554701056,Secondary,TX,24.832697317606335,24.024190893312177,25.872205577413116
784,0.001218657073636882,Secondary,TX,113.18886899939358,109.50365000871564,117.92700770169377
785,0.0027647594357530633,Secondary,TX,256.7908563927445,248.43022385902722,267.54024107895236
786,0.0023191540431747124,Primary,TX,215.40302753006725,208.3899057035069,224.41989844993054
787,0.0029139625672010222,Primary,TX,270.6488432416309,261.83702043841504,281.97832970290847
788,0.0001191621049818145,Primary,TX,11.06777631071093,10.70743010524592,11.531078574880224
789,8.910007849716916e-05,Primary,TX,8.27561529081707,8.00617665344163,8.622036396014064
790,0.000238324209963629,Secondary,TX,22.13555262142186,21.41486021049184,23.06215714976045
791,0.0005647684975610464,Secondary,TX,52.45569805346998,50.74783811684538,54.65151797198733
792,5.9100052067145876e-05,Secondary,TX,5.489212835996508,5.310494278545459,5.718993838433572
793,0.00017824215703134036,Secondary,TX,16.55513154507089,16.016127262208116,17.24813705160874
794,0.0010113748910212791,Secondary,TX,93.9364998780564,90.87810220760804,97.86872545434713
795,3.0000026430023288e-05,Secondary,TX,2.7864024548205624,2.695682374896172,2.903042557580493
796,0.0004756464190444952,Secondary,TX,44.17803940085271,42.73968462966216,46.02735267809771
797,0.0011595770215873562,Secondary,TX,107.70151376503362,104.19495285175346,112.20994922496527
798,0.00017824215703134036,Primary,TX,16.55513154507089,16.016127262208116,17.24813705160874
799,0.0032113668292141767,Primary,TX,298.2717510974127,288.560577805869,310.75754532939743
800,0.004460064929317204,Primary,CO,414.2508306349818,400.7635942887266,431.5915630801671
801,0.010941879639795963,Primary,CO,1016.2817809442488,983.1935369135059,1058.8238089837755
802,0.016323197380736894,Primary,CO,1516.0985727228426,1466.7372238434941,1579.5631641391476
803,0.000624849550492454,Primary,CO,58.03602624973912,56.146481209049945,60.46544130205378
804,0.0009512938380898713,Primary,CO,88.35617168178723,85.47945911540347,92.05480212428066
805,0.006035207317017646,Primary,CO,560.5500556045989,542.2995886779375,584.0149416531635
806,0.002080829833211083,Primary,CO,193.26747490864537,186.97504549301507,201.35774130017006
807,0.00044560639257923185,Secondary,CO,41.38792174275905,40.04040801159945,43.1204393971071
808,0.0005647684975610464,Primary,CO,52.45569805346998,50.74783811684538,54.65151797198733
809,0.0030331246721828366,Primary,CO,281.7166195523418,272.5444505436609,293.5094082777887
810,0.001070455943071686,Secondary,CO,99.42394799249817,96.18688922064939,103.5858806991609
811,0.00032744528847929914,Secondary,CO,30.4131183939573,29.4229238415959,31.686225675564813
812,0.00032744528847929914,Secondary,CO,30.4131183939573,29.4229238415959,31.686225675564813
813,0.00014820113056519604,Secondary,CO,13.764921006895406,13.316760788066253,14.341127002532888
814,0.0001191621049818145,Secondary,CO,11.06777631071093,10.70743010524592,11.531078574880224
815,0.0006839296025419799,Secondary,CO,63.523381484099076,61.455178366012134,66.1824997787823
816,0.0008621727595742013,Secondary,CO,80.0786059092518,77.47139548429942,83.4307335984763
820,0.00029740426201315485,Secondary,WY,27.62290785578182,26.72355736745404,28.779215626488963
823,0.00017824215703134036,Secondary,WY,16.55513154507089,16.016127262208116,17.24813705160874
824,0.00017824215703134036,Tertiary,WY,16.55513154507089,16.016127262208116,17.24813705160874
825,5.9100052067145876e-05,Secondary,WY,5.489212835996508,5.310494278545459,5.718993838433572
826,8.910007849716916e-05,Secondary,WY,8.27561529081707,8.00617665344163,8.622036396014064
828,3.0000026430023288e-05,Tertiary,WY,2.7864024548205624,2.695682374896172,2.903042557580493
829,0.0001191621049818145,Secondary,WY,11.06777631071093,10.70743010524592,11.531078574880224
830,3.0000026430023288e-05,Secondary,WY,2.7864024548205624,2.695682374896172,2.903042557580493
831,3.0000026430023288e-05,Secondary,WY,2.7864024548205624,2.695682374896172,2.903042557580493
832,0.00032744528847929914,Secondary,ID,30.4131183939573,29.4229238415959,31.686225675564813
833,0.00020828318349748467,Secondary,ID,19.345342083246372,18.71549373634998,20.155147100684594
834,0.000773051681058531,Secondary,ID,71.80104013671635,69.46333185319536,74.80666507267192
835,0.000238324209963629,Secondary,ID,22.13555262142186,21.41486021049184,23.06215714976045
836,0.0022600729911243056,Primary,ID,209.91557941562547,203.08111869046556,218.70274320511678
837,0.0021709519126086353,Primary,ID,201.63801364309,195.0730550593615,210.0786746793124
838,0.0005647684975610464,Secondary,ID,52.45569805346998,50.74783811684538,54.65151797198733
840,0.0054704388194566,Primary,UT,508.09435755112895,491.55175056109215,529.3634236811762
841,0.0023191540431747124,Primary,UT,215.40302753006725,208.3899057035069,224.41989844993054
843,0.0005056874455106396,Primary,UT,46.9682499390282,45.43905110380402,48.934362727173564
844,0.0008621727595742013,Primary,UT,80.0786059092518,77.47139548429942,83.4307335984763
845,5.9100052067145876e-05,Secondary,UT,5.489212835996508,5.310494278545459,5.718993838433572
846,0.000624849550492454,Primary,UT,58.03602624973912,56.146481209049945,60.46544130205378
847,0.0011004969695378303,Secondary,UT,102.21415853067366,98.88625569479126,106.49289074823675
850,0.004579227034299018,Primary,AZ,425.3186069456927,411.47102439397247,443.1226416550473
851,0.0016352234406318512,Primary,AZ,151.8795531658863,146.9346374814156,158.23730190306296
852,0.010019625827290355,Primary,AZ,930.622846838728,900.323498337002,969.579152055233
853,0.009752261591742464,Primary,AZ,905.7900566410399,876.2992175876107,943.7068497097346
855,0.000238324209963629,Primary,AZ,22.13555262142186,21.41486021049184,23.06215714976045
856,0.000534727471094902,Secondary,AZ,49.665487515294494,48.04847164270351,51.744507922911474
857,0.002467355173739908,Secondary,AZ,229.16794853696263,221.70666649157315,238.76102545246337
859,0.000238324209963629,Secondary,AZ,22.13555262142186,21.41486021049184,23.06215714976045
860,0.0004756464190444952,Secondary,AZ,44.17803940085271,42.73968462966216,46.02735267809771
863,0.0004756464190444952,Primary,AZ,44.17803940085271,42.73968462966216,46.02735267809771
864,0.000773051681058531,Primary,AZ,71.80104013671635,69.46333185319536,74.80666507267192
865,5.9100052067145876e-05,Secondary,AZ,5.489212835996508,5.310494278545459,5.718993838433572
870,0.000534727471094902,Secondary,NM,49.665487515294494,48.04847164270351,51.744507922911474
871,0.003359568959780254,Secondary,NM,312.03676498438995,301.87742845001446,325.09876910001555
873,8.910007849716916e-05,Secondary,NM,8.27561529081707,8.00617665344163,8.622036396014064
874,0.00014820113056519604,Secondary,NM,13.764921006895406,13.316760788066253,14.341127002532888
875,0.000386525340528825,Secondary,NM,35.90047362831726,34.73162099855809,37.40328415229333
877,3.0000026430023288e-05,Secondary,NM,2.7864024548205624,2.695682374896172,2.903042557580493
880,0.000773051681058531,Secondary,NM,71.80104013671635,69.46333185319536,74.80666507267192
881,0.00020828318349748467,Secondary,NM,19.345342083246372,18.71549373634998,20.155147100684594
882,0.0011004969695378303,Secondary,NM,102.21415853067366,98.88625569479126,106.49289074823675
883,0.000238324209963629,Secondary,NM,22.13555262142186,21.41486021049184,23.06215714976045
884,5.9100052067145876e-05,Secondary,NM,5.489212835996508,5.310494278545459,5.718993838433572
890,0.003954377483806564,Primary,NV,367.2825806959536,355.3245431849225,382.65720035299347
891,0.006511855736944904,Primary,NV,604.8211608474426,585.1293090989212,630.1392559526844
894,0.0013378191786186963,Secondary,NV,124.25664531010449,120.21108011396156,129.458086276574
895,0.0016352234406318512,Secondary,NV,151.8795531658863,146.9346374814156,158.23730190306296
897,0.00032744528847929914,Secondary,NV,30.4131183939573,29.4229238415959,31.686225675564813
898,0.000238324209963629,Secondary,NV,22.13555262142186,21.41486021049184,23.06215714976045
900,0.007433108548568631,Primary,CA,690.3871219910544,667.9094017401828,719.2870480278892
902,0.003687014248259553,Primary,CA,342.44988337834724,331.30035229161035,356.78499477558034
903,0.0003564843140626807,Primary,CA,33.11026309014178,32.03225452441623,34.49627410321748
904,0.0003564843140626807,Primary,CA,33.11026309014178,32.03225452441623,34.49627410321748
905,0.0005948085240263097,Primary,CA,55.24581571156364,53.44711473490808,57.558431252977925
906,0.002705679383703537,Primary,CA,251.30350115838448,243.12152670206498,261.8231826022238
907,0.002378234095224238,Primary,CA,220.89038276442722,213.6986028604691,230.13695692665905
908,0.0014870223100666552,Primary,CA,138.11463215899093,133.61787669334936,143.89617490053007
910,0.0010113748910212791,Primary,CA,93.9364998780564,90.87810220760804,97.86872545434713
911,0.00041656636699496935,Primary,CA,38.690684166492744,37.43098747269996,40.31029420136919
912,0.0005647684975610464,Primary,CA,52.45569805346998,50.74783811684538,54.65151797198733
913,0.0058279251344020445,Primary,CA,541.2976864832618,523.6740408768301,563.9566594058169
914,0.001605182414165707,Primary,CA,149.08934262771086,144.23527100727375,155.33029185398712
915,0.00044560639257923185,Primary,CA,41.38792174275905,40.04040801159945,43.1204393971071
916,0.0009813348645560157,Primary,CA,91.14638221996272,88.17882558954533,94.9618121733565
917,0.005678722002954085,Primary,CA,527.4396996343753,510.2672442974422,549.5185707818608
918,0.000386525340528825,Primary,CA,35.90047362831726,34.73162099855809,37.40328415229333
919,0.001843506624129336,Secondary,CA,171.22489524913271,165.6501312177656,178.39244900374757
920,0.0035978931697438826,Primary,CA,334.17231760581177,323.29228866050624,348.16092624977597
921,0.004490105955783348,Secondary,CA,417.0410411731573,403.4629607628684,434.4985731292429
922,0.0035087710912273316,Secondary,CA,325.8946589531945,315.2841351733231,339.5367609558864
923,0.004192701693770192,Primary,CA,389.4181333173754,376.73940339541434,405.7193575027539
924,0.00044560639257923185,Primary,CA,41.38792174275905,40.04040801159945,43.1204393971071
925,0.006035207317017646,Primary,CA,560.5500556045989,542.2995886779375,584.0149416531635
926,0.004876631296312172,Primary,CA,452.94151480147445,438.19458176142643,471.9018572815362
927,0.001843506624129336,Primary,CA,171.22489524913271,165.6501312177656,178.39244900374757
928,0.004370943850801533,Primary,CA,405.97326486244634,392.7555306576225,422.9674945543627
930,0.002199991938192898,Primary,CA,204.33525121935634,197.68247559826102,212.88881987505033
931,0.0007139706290081242,Primary,CA,66.31359202227456,64.154544840154,69.08950982785815
932,0.0019626687291111502,Secondary,CA,182.2926715598436,176.35756132301148,189.92352757862776
933,0.001218657073636882,Primary,CA,113.18886899939358,109.50365000871564,117.92700770169377
934,0.0013378191786186963,Secondary,CA,124.25664531010449,120.21108011396156,129.458086276574
935,0.002051789807626821,Primary,CA,190.5702373323791,184.3656249541156,198.5475961044322
936,0.0015461023621161812,Secondary,CA,143.6019873933509,138.92657385031154,149.6132333772586
937,0.0016943044926822583,Secondary,CA,157.3670012803281,152.24342449445697,163.95445714787675
939,0.0005647684975610464,Primary,CA,52.45569805346998,50.74783811684538,54.65151797198733
940,0.0022600729911243056,Primary,CA,209.91557941562547,203.08111869046556,218.70274320511678
941,0.0013979012315509852,Primary,CA,129.8370663864555,125.60981306224531,135.27210637472572
943,8.910007849716916e-05,Primary,CA,8.27561529081707,8.00617665344163,8.622036396014064
944,0.000238324209963629,Primary,CA,22.13555262142186,21.41486021049184,23.06215714976045
945,0.00648181471047876,Primary,CA,602.0309503092672,582.4299426247793,627.2322459036085
946,0.0009512938380898713,Primary,CA,88.35617168178723,85.47945911540347,92.05480212428066
947,5.9100052067145876e-05,Primary,CA,5.489212835996508,5.310494278545459,5.718993838433572
948,0.00032744528847929914,Primary,CA,30.4131183939573,29.4229238415959,31.686225675564813
949,0.0008922137860403455,Primary,CA,82.86881644742728,80.17076195844128,86.33774364755214
950,0.002051789807626821,Primary,CA,190.5702373323791,184.3656249541156,198.5475961044322
951,0.0026465993316540115,Primary,CA,245.81614592402454,237.81282954510283,256.10612412549534
952,0.0017844265720798102,Primary,CA,165.73754001477275,160.3414340608034,172.67539052701903
953,0.003895297431757038,Primary,CA,361.79522546159365,350.0158460279603,376.940141876265
954,0.0009512938380898713,Primary,CA,88.35617168178723,85.47945911540347,92.05480212428066
955,0.00026736323554701056,Secondary,CA,24.832697317606335,24.024190893312177,25.872205577413116
956,0.003448690038295924,Primary,CA,320.31433075692536,309.8854920811185,333.7228376258199
957,0.0008621727595742013,Primary,CA,80.0786059092518,77.47139548429942,83.4307335984763
958,0.0023191540431747124,Primary,CA,215.40302753006725,208.3899057035069,224.41989844993054
959,0.0014269402571343666,Secondary,CA,132.53421108263996,128.21914374506562,138.08215480237837
960,0.0011595770215873562,Secondary,CA,107.70151376503362,104.19495285175346,112.20994922496527
961,0.00044560639257923185,Secondary,CA,41.38792174275905,40.04040801159945,43.1204393971071
970,0.0024973962002060525,Primary,OR,231.95815907513813,224.406032965715,241.66803550153926
971,0.0009813348645560157,Primary,OR,91.14638221996272,88.17882558954533,94.9618121733565
972,0.0034196500127116614,Primary,OR,317.6170931806591,307.276071542219,330.912692430082
973,0.0013678602050848406,Primary,OR,127.04685584827998,122.91044658810343,132.36509632564983
974,0.0014269402571343666,Secondary,OR,132.53421108263996,128.21914374506562,138.08215480237837
975,0.0009212528116237271,Secondary,OR,85.56596114361176,82.7800926412616,89.1477920752048
976,0.00026736323554701056,Secondary,OR,24.832697317606335,24.024190893312177,25.872205577413116
977,0.0005647684975610464,Secondary,OR,52.45569805346998,50.74783811684538,54.65151797198733
978,5.9100052067145876e-05,Secondary,OR,5.489212835996508,5.310494278545459,5.718993838433572
979,8.910007849716916e-05,Primary,OR,8.27561529081707,8.00617665344163,8.622036396014064
980,0.003448690038295924,Primary,WA,320.31433075692536,309.8854920811185,333.7228376258199
981,0.0030621636977662178,Primary,WA,284.41376424852626,275.1537812264812,296.3194567054413
982,0.0025865172787217228,Primary,WA,240.23572484767357,232.4140965968191,250.29210402734364
983,0.0030331246721828366,Primary,WA,281.7166195523418,272.5444505436609,293.5094082777887
984,0.0011595770215873562,Primary,WA,107.70151376503362,104.19495285175346,112.20994922496527
985,0.0015761433885823255,Primary,WA,146.39219793152637,141.6259403244534,152.52024342633445
986,0.0019025876761797427,Primary,WA,176.71234336357446,170.95891823080694,184.1096042485613
988,0.0005948085240263097,Secondary,WA,55.24581571156364,53.44711473490808,57.558431252977925
989,0.0011295359951212119,Secondary,WA,104.91130322685814,101.4955863776116,109.3029391758894
990,0.00032744528847929914,Secondary,WA,30.4131183939573,29.4229238415959,31.686225675564813
992,0.0010404149166055416,Secondary,WA,96.63373745432268,93.48752274650754,100.67887065008503
993,0.0009512938380898713,Secondary,WA,88.35617168178723,85.47945911540347,92.05480212428066
994,3.0000026430023288e-05,Secondary,WA,2.7864024548205624,2.695682374896172,2.903042557580493
