Date,Demand,Target,AF Production,Strategy A Capacity Reserved,DC Inventory,DC Inventory EOD
2026-01-01,86.85345023064733,5678.928590544554,0.0,3284.1666795528254,5678.928590544554,5592.075140313907
2026-01-02,141.60225303767632,5766.418822327985,174.3436820140787,3284.1666795528254,5766.418822327985,5624.8165692903085
2026-01-03,208.2557381592357,6089.865756526028,465.0491872357197,3284.1666795528254,6089.865756526028,5881.610018366792
2026-01-04,300.9185831346832,7884.229902213436,2002.6198838466435,3284.1666795528254,7884.229902213436,7583.311319078753
2026-01-05,165.8838323505173,10088.889915143605,2505.5785960648527,3284.1666795528254,10088.889915143605,9923.006082793088
2026-01-06,129.74365641529107,10616.92269125152,693.9166084584322,3284.1666795528254,10616.92269125152,10487.17903483623
2026-01-07,54.618100752101135,10753.974026662736,266.7949918265058,3284.1666795528254,10753.974026662736,10699.355925910635
2026-01-08,85.03433637218234,10818.53430783273,119.17838192209456,3284.1666795528254,10818.53430783273,10733.499971460547
2026-01-09,151.98968677065403,10928.196071139251,194.69609967870383,3284.1666795528254,10928.196071139251,10776.206384368597
2026-01-10,208.98846451643436,11005.950202378064,229.74381800946685,3284.1666795528254,11005.950202378064,10796.96173786163
2026-01-11,290.417006515092,11012.473029346482,215.51129148485234,3284.1666795528254,11012.473029346482,10722.05602283139
2026-01-12,322.7626498050926,10914.908601125042,192.8525782936522,3284.1666795528254,10914.908601125042,10592.14595131995
2026-01-13,277.8577344650201,10774.00773555805,181.86178423810088,3284.1666795528254,10774.00773555805,10496.15000109303
2026-01-14,144.68199658226146,10649.232774620401,153.0827735273706,3284.1666795528254,10649.232774620401,10504.55077803814
2026-01-15,256.1909928261658,10632.969369239889,128.41859120174922,3284.1666795528254,10632.969369239889,10376.778376413722
2026-01-16,366.58822039887053,10515.20741383853,138.42903742480848,3284.1666795528254,10515.20741383853,10148.61919343966
2026-01-17,435.7762886168761,10297.644589707314,149.0253962676543,3284.1666795528254,10297.644589707314,9861.868301090437
2026-01-18,368.2955846239671,10073.220513495491,211.35221240505416,3284.1666795528254,10073.220513495491,9704.924928871524
2026-01-19,262.88842374390737,9958.541559384777,253.61663051325377,3284.1666795528254,9958.541559384777,9695.65313564087
2026-01-20,162.83473941728127,9921.206940530155,225.55380488928495,3284.1666795528254,9921.206940530155,9758.372201112874
2026-01-21,138.29673197240774,10269.880014632041,511.50781351916703,3284.1666795528254,10269.880014632041,10131.583282659632
2026-01-22,220.7212768680782,10683.35957117298,551.776288513347,3284.1666795528254,10683.35957117298,10462.638294304901
2026-01-23,405.4213266137012,10941.81712785086,479.1788335459587,3284.1666795528254,10941.81712785086,10536.395801237159
2026-01-24,1009.7532155679124,10860.18624449768,323.790443260521,3284.1666795528254,10860.18624449768,9850.433028929767
2026-01-25,1347.367615112523,9777.834421826388,0.0,3284.1666795528254,9850.433028929767,8503.065413817243
2026-01-26,639.1774716286051,7586.829870746533,0.0,3284.1666795528254,8503.065413817243,7863.887942188638
2026-01-27,307.1624140159875,7009.254622345988,0.0,3284.1666795528254,7863.887942188638,7556.72552817265
2026-01-28,167.7775408821063,6900.501525290694,0.0,3284.1666795528254,7556.72552817265,7388.947987290544
2026-01-29,252.77853727892543,6878.822588243097,0.0,3284.1666795528254,7388.947987290544,7136.169450011618
2026-01-30,262.20090448871724,6860.1083714318465,0.0,3284.1666795528254,7136.169450011618,6873.968545522901
2026-01-31,218.16987697675816,6782.1408838644065,0.0,3284.1666795528254,6873.968545522901,6655.798668546143
2026-02-01,157.8902612575664,6765.013243048192,109.21457450204889,3284.1666795528254,6765.013243048192,6607.122981790625
2026-02-02,138.38348114680704,6790.399434004137,183.27645221351213,3284.1666795528254,6790.399434004137,6652.01595285733
2026-02-03,102.6154221502332,6804.505055776626,152.48910291929587,3284.1666795528254,6804.505055776626,6701.889633626393
2026-02-04,118.5072517843022,6814.730750804263,112.84111717786982,3284.1666795528254,6814.730750804263,6696.223499019961
2026-02-05,88.62014767475824,6806.120416330634,109.8969173106725,3284.1666795528254,6806.120416330634,6717.5002686558755
2026-02-06,104.93984321671088,6812.979653962872,95.47938530699685,3284.1666795528254,6812.979653962872,6708.0398107461615
2026-02-07,211.2967763325218,6841.9403919569395,133.900581210778,3284.1666795528254,6841.9403919569395,6630.643615624418
2026-02-08,252.61894522158897,6791.631242351009,160.98762672659086,3284.1666795528254,6791.631242351009,6539.01229712942
2026-02-09,220.5681224191015,6736.015342551084,197.00304542166396,3284.1666795528254,6736.015342551084,6515.447220131983
2026-02-10,503.39927541720914,6698.388312420907,182.94109228892376,3284.1666795528254,6698.388312420907,6194.989037003697
2026-02-11,547.5604392953778,6206.97960350839,11.990566504692652,3284.1666795528254,6206.97960350839,5659.419164213012
2026-02-12,480.159210389727,5547.711123295887,0.0,3284.1666795528254,5659.419164213012,5179.259953823284
2026-02-13,324.8959998795894,5066.381771117261,0.0,3284.1666795528254,5179.259953823284,4854.363953943695
2026-02-14,327.7297525319449,5100.8271747507115,246.4632208070161,3284.1666795528254,5100.8271747507115,4773.097422218767
2026-02-15,452.58977656822054,5170.459737866863,397.3623156480962,3284.1666795528254,5170.459737866863,4717.869961298643
2026-02-16,302.1064572408044,5478.674732922368,760.8047716237252,3284.1666795528254,5478.674732922368,5176.568275681564
2026-02-17,193.6589033125187,5677.25170681455,500.6834311329858,3284.1666795528254,5677.25170681455,5483.5928035020315
2026-02-18,130.5438006161627,5749.748926888028,266.1561233859966,3284.1666795528254,5749.748926888028,5619.205126271865
2026-02-19,233.0566388318513,5743.938892795791,124.73376652392562,3284.1666795528254,5743.938892795791,5510.88225396394
2026-02-20,171.5207309272867,5681.673103261273,170.7908492973338,3284.1666795528254,5681.673103261273,5510.152372333987
2026-02-21,197.70041199869743,5708.584122980331,198.43175064634397,3284.1666795528254,5708.584122980331,5510.883710981633
2026-02-22,193.521205644296,5899.109961520175,388.22625053854154,3284.1666795528254,5899.109961520175,5705.588755875879
2026-02-23,161.62533816156323,6340.643259952123,635.0545040762445,3284.1666795528254,6340.643259952123,6179.01792179056
2026-02-24,124.83875237626718,6724.7615738003315,545.7436520097717,3284.1666795528254,6724.7615738003315,6599.922821424064
2026-02-25,98.95793371176336,7384.219893033339,784.297071609275,3284.1666795528254,7384.219893033339,7285.261959321576
2026-02-26,105.917046141869,7721.174781735048,435.912822413472,3284.1666795528254,7721.174781735048,7615.257735593179
2026-02-27,160.56731238463485,7987.329867797369,372.07213220419,3284.1666795528254,7987.329867797369,7826.762555412734
2026-02-28,137.86974321861726,8180.907094586825,354.1445391740908,3284.1666795528254,8180.907094586825,8043.037351368208
2026-03-01,189.46797452728768,8430.42591138092,387.38856001271233,3284.1666795528254,8430.42591138092,8240.957936853632
2026-03-02,173.4815936497909,8860.142924873668,619.1849880200352,3284.1666795528254,8860.142924873668,8686.661331223877
2026-03-03,125.27798466381137,8939.094181606513,252.4328503826364,3284.1666795528254,8939.094181606513,8813.816196942702
2026-03-04,95.50446030987185,8940.375755776571,126.55955883386923,3284.1666795528254,8940.375755776571,8844.871295466699
2026-03-05,206.084378374149,8937.88536720445,93.01407173775078,3284.1666795528254,8937.88536720445,8731.8009888303
2026-03-06,343.8693719677972,8896.999297134147,165.19830830384672,3284.1666795528254,8896.999297134147,8553.12992516635
2026-03-07,365.2135362174029,8749.246746843895,196.1168216775459,3284.1666795528254,8749.246746843895,8384.033210626492
2026-03-08,570.8280980809491,8682.403499435379,298.37028880888647,3284.1666795528254,8682.403499435379,8111.57540135443
2026-03-09,418.4251579122008,8229.86102802784,118.28562667341066,3284.1666795528254,8229.86102802784,7811.43587011564
2026-03-10,261.2257826216268,7963.120509815944,151.68463970030461,3284.1666795528254,7963.120509815944,7701.894727194318
2026-03-11,121.11505268267696,7870.3989291635735,168.50420196925552,3284.1666795528254,7870.3989291635735,7749.283876480897
2026-03-12,167.8546059209116,7854.413094949796,105.12921846889913,3284.1666795528254,7854.413094949796,7686.558489028884
2026-03-13,201.51996015431985,7838.4136143966325,151.85512536774877,3284.1666795528254,7838.4136143966325,7636.893654242313
2026-03-14,349.09553174597147,8406.197982984386,769.3043287420733,3284.1666795528254,8406.197982984386,8057.102451238415
2026-03-15,491.79678524488475,10652.972631071854,2595.8701798334396,3284.1666795528254,10652.972631071854,10161.175845826969
2026-03-16,462.7494097457216,11630.13873403267,1468.9628882057004,3284.1666795528254,11630.13873403267,11167.389324286947
2026-03-17,605.2958384418557,11532.871551243192,365.48222695624463,3284.1666795528254,11532.871551243192,10927.575712801336
2026-03-18,443.0856803616064,11102.717324526631,175.14161172529566,3284.1666795528254,11102.717324526631,10659.631644165025
2026-03-19,408.11566019453016,10834.321884504647,174.6902403396216,3284.1666795528254,10834.321884504647,10426.206224310117
2026-03-20,380.1360671249814,10632.243974687182,206.0377503770651,3284.1666795528254,10632.243974687182,10252.1079075622
2026-03-21,423.5124649290775,10496.379399055397,244.27149149319666,3284.1666795528254,10496.379399055397,10072.86693412632
2026-03-22,563.2246867028656,10394.782273917572,321.91533979125234,3284.1666795528254,10394.782273917572,9831.557587214706
2026-03-23,299.2770873707851,10335.599989415525,504.0424022008192,3284.1666795528254,10335.599989415525,10036.32290204474
2026-03-24,130.78177575609973,10243.687684509718,207.3647824649779,3284.1666795528254,10243.687684509718,10112.905908753617
2026-03-25,51.922662417515575,10235.114423622173,122.20851486855645,3284.1666795528254,10235.114423622173,10183.191761204658
2026-03-26,88.35803556146328,10242.06440982486,58.87264862020129,3284.1666795528254,10242.06440982486,10153.706374263396
2026-03-27,126.99412826117796,10251.734568452246,98.02819418884974,3284.1666795528254,10251.734568452246,10124.740440191068
2026-03-28,299.14193551333307,10271.553473433134,146.813033242066,3284.1666795528254,10271.553473433134,9972.411537919801
2026-03-29,197.4576459179421,10225.506768607003,253.09523068720227,3284.1666795528254,10225.506768607003,10028.04912268906
2026-03-30,119.77872726367924,10257.956681207697,229.9075585186365,3284.1666795528254,10257.956681207697,10138.177953944018
2026-03-31,126.66170052087656,10304.557447057337,166.37949311331977,3284.1666795528254,10304.557447057337,10177.89574653646
2026-04-01,83.07446012526532,10275.568794026227,97.67304748976676,3284.1666795528254,10275.568794026227,10192.494333900962
2026-04-02,140.8330376062507,10262.870193228377,70.37585932741422,3284.1666795528254,10262.870193228377,10122.037155622125
2026-04-03,622.9936086538996,10241.875959311823,119.83880368969767,3284.1666795528254,10241.875959311823,9618.882350657923
2026-04-04,1382.1794629031083,9711.063685664745,92.18133500682234,3284.1666795528254,9711.063685664745,8328.884222761637
2026-04-05,1069.859505282437,7365.176401573826,0.0,3284.1666795528254,8328.884222761637,7259.0247174792
2026-04-06,370.8375023800367,5725.958072305221,0.0,3284.1666795528254,7259.0247174792,6888.187215099164
2026-04-07,196.45736431707712,5763.597177194821,0.0,3284.1666795528254,6888.187215099164,6691.729850782087
2026-04-08,148.83543795038446,5785.678561487581,0.0,3284.1666795528254,6691.729850782087,6542.8944128317025
2026-04-09,192.89537212835603,5817.047874107656,0.0,3284.1666795528254,6542.8944128317025,6349.9990407033465
2026-04-10,239.6671288861736,5895.847152539338,0.0,3284.1666795528254,6349.9990407033465,6110.331911817173
2026-04-11,329.5251944299866,6001.52398816076,0.0,3284.1666795528254,6110.331911817173,5780.806717387187
2026-04-12,519.281636024547,5967.964844378465,187.15812699127855,3284.1666795528254,5967.964844378465,5448.683208353918
2026-04-13,195.7744000758601,5672.054676001156,223.3714676472373,3284.1666795528254,5672.054676001156,5476.280275925295
2026-04-14,118.51136970506978,5706.05037092631,229.77009500101485,3284.1666795528254,5706.05037092631,5587.53900122124
2026-04-15,63.64000003083069,5773.260100355261,185.72109913402073,3284.1666795528254,5773.260100355261,5709.6201003244305
2026-04-16,103.19799197537702,5817.630648140581,108.01054781615039,3284.1666795528254,5817.630648140581,5714.432656165204
2026-04-17,154.49713307251713,5980.424767458039,265.99211129283503,3284.1666795528254,5980.424767458039,5825.927634385522
2026-04-18,249.79456851144553,7092.270309748363,1266.342675362841,3284.1666795528254,7092.270309748363,6842.475741236917
2026-04-19,235.99746945256445,8919.085319364753,2076.6095781278354,3284.1666795528254,8919.085319364753,8683.087849912188
2026-04-20,183.27212742127023,9948.52458032188,1265.4367304096922,3284.1666795528254,9948.52458032188,9765.25245290061
2026-04-21,82.64591835970599,10183.159749204271,417.9072963036615,3284.1666795528254,10183.159749204271,10100.513830844566
2026-04-22,62.307083425890255,10292.082782547513,191.56895170294774,3284.1666795528254,10292.082782547513,10229.775699121623
2026-04-23,110.76822677054923,10356.437387575654,126.66168845403081,3284.1666795528254,10356.437387575654,10245.669160805104
2026-04-24,155.04071531670627,10401.549261086893,155.88010028178905,3284.1666795528254,10401.549261086893,10246.508545770186
2026-04-25,241.0771381252783,10405.431232805433,158.92268703524678,3284.1666795528254,10405.431232805433,10164.354094680155
2026-04-26,459.1838005457592,10335.570025770816,171.2159310906609,3284.1666795528254,10335.570025770816,9876.386225225056
2026-04-27,392.4937798335163,10087.049857157315,210.6636319322588,3284.1666795528254,10087.049857157315,9694.5560773238
2026-04-28,218.92699147355185,9876.099950777845,181.54387345404575,3284.1666795528254,9876.099950777845,9657.172959304293
2026-04-29,187.71844697083392,9847.301717282431,190.1287579781383,3284.1666795528254,9847.301717282431,9659.583270311598
2026-04-30,267.16501620157555,9774.52059563229,114.93732532069225,3284.1666795528254,9774.52059563229,9507.355579430714
2026-05-01,323.28610893213636,9640.331857686571,132.97627825585732,3284.1666795528254,9640.331857686571,9317.045748754435
2026-05-02,305.72467704541344,9497.839131081199,180.7933823267631,3284.1666795528254,9497.839131081199,9192.114454035785
2026-05-03,374.002709443324,9411.190728295864,219.0762742600782,3284.1666795528254,9411.190728295864,9037.18801885254
2026-05-04,230.0156318669629,9346.486963599764,309.2989447472246,3284.1666795528254,9346.486963599764,9116.4713317328
2026-05-05,209.26506529185852,9967.772581072164,851.3012493393635,3284.1666795528254,9967.772581072164,9758.507515780306
2026-05-06,161.72877449758386,10782.473659786276,1023.9661440059699,3284.1666795528254,10782.473659786276,10620.744885288692
2026-05-07,295.4661095639162,10938.458321899292,317.7134366106002,3284.1666795528254,10938.458321899292,10642.992212335375
2026-05-08,749.098095903195,10889.70832541426,246.71611307888452,3284.1666795528254,10889.70832541426,10140.610229511065
2026-05-09,1118.4590480830836,10252.922798190528,112.31256867946286,3284.1666795528254,10252.922798190528,9134.463750107445
2026-05-10,909.336755113668,8872.95413699782,0.0,3284.1666795528254,9134.463750107445,8225.126994993778
2026-05-11,433.8887205427055,7942.0457966310405,0.0,3284.1666795528254,8225.126994993778,7791.238274451072
2026-05-12,253.87424233716817,7747.040837368876,0.0,3284.1666795528254,7791.238274451072,7537.364032113905
2026-05-13,185.21804346867168,7697.8300003313325,160.46596821742787,3284.1666795528254,7697.8300003313325,7512.611956862661
2026-05-14,191.0888157278382,7687.061856348925,174.44989948626426,3284.1666795528254,7687.061856348925,7495.973040621087
2026-05-15,161.8520613819547,7641.030057157034,145.0570165359468,3284.1666795528254,7641.030057157034,7479.17799577508
2026-05-16,131.06578288433866,7630.502816581884,151.32482080680438,3284.1666795528254,7630.502816581884,7499.437033697545
2026-05-17,196.8736247645612,7650.280375610012,150.8433419124667,3284.1666795528254,7650.280375610012,7453.406750845451
2026-05-18,144.9515702217293,7678.412972971046,225.00622212559483,3284.1666795528254,7678.412972971046,7533.461402749316
2026-05-19,179.32041797740072,7700.358637284578,166.8972345352622,3284.1666795528254,7700.358637284578,7521.038219307177
2026-05-20,64.93450963406592,7679.364387472706,158.32616816552854,3284.1666795528254,7679.364387472706,7614.42987783864
2026-05-21,76.47887562420362,7685.083810007517,70.65393216887696,3284.1666795528254,7685.083810007517,7608.604934383314
2026-05-22,156.75316540799855,7705.984213157606,97.37927877429229,3284.1666795528254,7705.984213157606,7549.231047749608
2026-05-23,209.700709614202,7672.839059666606,123.6080119169983,3284.1666795528254,7672.839059666606,7463.138350052403
2026-05-24,313.7950094064672,7632.541681293133,169.40333124072913,3284.1666795528254,7632.541681293133,7318.746671886665
2026-05-25,711.0872215033752,7562.504036368431,243.75736448176576,3284.1666795528254,7562.504036368431,6851.416814865056
2026-05-26,828.5464844046165,6716.534183963049,0.0,3284.1666795528254,6851.416814865056,6022.87033046044
2026-05-27,351.82634751823963,5271.01247424463,0.0,3284.1666795528254,6022.87033046044,5671.0439829422
2026-05-28,236.78023526564203,5007.620492767303,0.0,3284.1666795528254,5671.0439829422,5434.2637476765585
2026-05-29,243.13043009665336,5025.61304636065,0.0,3284.1666795528254,5434.2637476765585,5191.133317579905
2026-05-30,375.697860773025,5063.840541251149,0.0,3284.1666795528254,5191.133317579905,4815.43545680688
2026-05-31,429.7969151294862,5288.730660689185,473.29520388230503,3284.1666795528254,5288.730660689185,4858.933745559699
2026-06-01,273.556952106773,5699.308689857033,840.374944297334,3284.1666795528254,5699.308689857033,5425.75173775026
2026-06-02,197.53364067083703,5839.73307025848,413.9813325082205,3284.1666795528254,5839.73307025848,5642.199429587643
2026-06-03,170.767246011037,5826.854383144314,184.654953556671,3284.1666795528254,5826.854383144314,5656.087137133277
2026-06-04,125.00221312958428,5792.136108737069,136.04897160379187,3284.1666795528254,5792.136108737069,5667.133895607484
2026-06-05,146.66653188542483,5807.091605743655,139.95771013617104,3284.1666795528254,5807.091605743655,5660.4250738582305
2026-06-06,160.6432728685808,5913.859365512322,253.4342916540918,3284.1666795528254,5913.859365512322,5753.216092643742
2026-06-07,229.93904990660147,6224.02296648306,470.80687383931854,3284.1666795528254,6224.02296648306,5994.083916576459
2026-06-08,176.34360218261244,6970.438311304897,976.3543947284379,3284.1666795528254,6970.438311304897,6794.094709122284
2026-06-09,149.73917433906686,8138.475934748336,1344.3812256260517,3284.1666795528254,8138.475934748336,7988.736760409269
2026-06-10,77.60844044576073,8809.054411629731,820.3176512204627,3284.1666795528254,8809.054411629731,8731.44597118397
2026-06-11,117.01949552009276,8963.827794408524,232.38182322455395,3284.1666795528254,8963.827794408524,8846.80829888843
2026-06-12,102.2803993445491,9074.298965292131,227.49066640370074,3284.1666795528254,9074.298965292131,8972.018565947583
2026-06-13,157.27865807010855,9220.162958421952,248.14439247436894,3284.1666795528254,9220.162958421952,9062.884300351843
2026-06-14,246.80655442923913,9506.237462057412,443.3531617055687,3284.1666795528254,9506.237462057412,9259.430907628173
2026-06-15,176.9640489774266,9676.922727462286,417.4918198341129,3284.1666795528254,9676.922727462286,9499.95867848486
2026-06-16,144.5135169672447,9681.048867376468,181.0901888916087,3284.1666795528254,9681.048867376468,9536.535350409224
2026-06-17,151.00390152902293,9657.515712788872,120.9803623796488,3284.1666795528254,9657.515712788872,9506.51181125985
2026-06-18,250.6077970346185,9625.535938450357,119.02412719050699,3284.1666795528254,9625.535938450357,9374.92814141574
2026-06-19,270.9382454649178,9536.832644766555,161.9045033508155,3284.1666795528254,9536.832644766555,9265.894399301636
2026-06-20,473.8482979980016,9499.363150415233,233.46875111359623,3284.1666795528254,9499.363150415233,9025.514852417231
2026-06-21,595.2797028098147,9200.837720777155,175.32286835992454,3284.1666795528254,9200.837720777155,8605.558017967342
2026-06-22,368.99996686627543,8706.309067772972,100.75104980563083,3284.1666795528254,8706.309067772972,8337.309100906697
2026-06-23,183.26643765178784,8529.47915296424,192.17005205754322,3284.1666795528254,8529.47915296424,8346.212715312453
2026-06-24,122.99185694539644,8492.131889255363,145.91917394290977,3284.1666795528254,8492.131889255363,8369.140032309966
2026-06-25,146.86528487191833,8481.173728740803,112.03369643083715,3284.1666795528254,8481.173728740803,8334.308443868886
2026-06-26,258.9809015583498,8787.966623545624,453.65817967673865,3284.1666795528254,8787.966623545624,8528.985721987274
2026-06-27,408.2438661176948,10088.561496690798,1559.575774703524,3284.1666795528254,10088.561496690798,9680.317630573103
2026-06-28,658.3383572902944,10836.191263061863,1155.8736324887595,3284.1666795528254,10836.191263061863,10177.852905771568
2026-06-29,855.0233521660344,10650.301919590742,472.44901381917407,3284.1666795528254,10650.301919590742,9795.278567424708
2026-06-30,670.4594715170754,9827.885390925405,32.60682350069692,3284.1666795528254,9827.885390925405,9157.42591940833
2026-07-01,299.0379836194195,9268.060449804518,110.63453039618798,3284.1666795528254,9268.060449804518,8969.022466185099
2026-07-02,277.0385213735083,9139.720822100146,170.6983559150467,3284.1666795528254,9139.720822100146,8862.682300726638
2026-07-03,314.1880374119031,9053.722782657329,191.04048193069139,3284.1666795528254,9053.722782657329,8739.534745245426
2026-07-04,467.53665434802025,8986.787373348501,247.25262810307504,3284.1666795528254,8986.787373348501,8519.250719000482
2026-07-05,425.7716637230745,8938.703828536094,419.4531095356124,3284.1666795528254,8938.703828536094,8512.932164813019
2026-07-06,184.73854470411743,8772.873087137748,259.9409223247294,3284.1666795528254,8772.873087137748,8588.13454243363
2026-07-07,78.56728923353282,8759.595284851715,171.46074241808492,3284.1666795528254,8759.595284851715,8681.027995618182
2026-07-08,64.74245261325817,8769.881785612135,88.85378999395289,3284.1666795528254,8769.881785612135,8705.139332998877
2026-07-09,92.55176911436595,8775.770369793056,70.63103679417873,3284.1666795528254,8775.770369793056,8683.218600678689
2026-07-10,221.9221992492511,8787.938926099985,104.72032542129637,3284.1666795528254,8787.938926099985,8566.016726850734
2026-07-11,163.91093879131446,8757.89844201494,191.88171516420698,3284.1666795528254,8757.89844201494,8593.987503223627
2026-07-12,170.40525365212926,8782.559745261584,188.57224203795704,3284.1666795528254,8782.559745261584,8612.154491609455
2026-07-13,178.91864587932952,8858.361990438552,246.20749882909695,3284.1666795528254,8858.361990438552,8679.443344559222
2026-07-14,125.7049394751282,8815.163524963371,135.72018040414878,3284.1666795528254,8815.163524963371,8689.458585488243
2026-07-15,103.19238319033644,8795.626379920408,106.16779443216546,3284.1666795528254,8795.626379920408,8692.433996730071
2026-07-16,454.03013050555154,8782.660788905992,90.22679217592122,3284.1666795528254,8782.660788905992,8328.630658400441
2026-07-17,1025.387181634167,8439.235711382978,110.60505298253702,3284.1666795528254,8439.235711382978,7413.848529748811
2026-07-18,888.0976731512891,6879.521459024096,0.0,3284.1666795528254,7413.848529748811,6525.750856597522
2026-07-19,527.578311277935,5645.746464177151,0.0,3284.1666795528254,6525.750856597522,5998.172545319587
2026-07-20,277.5099769866116,5721.463616712197,0.0,3284.1666795528254,5998.172545319587,5720.662568332975
2026-07-21,225.21181228377588,5764.512877366786,43.850309033810845,3284.1666795528254,5764.512877366786,5539.30106508301
2026-07-22,141.3399405043322,5833.96390253463,294.66283745161945,3284.1666795528254,5833.96390253463,5692.623962030298
2026-07-23,174.6664753771694,5877.769466905116,185.14550487481847,3284.1666795528254,5877.769466905116,5703.102991527947
2026-07-24,244.46240120245608,5935.5295064031825,232.42651487523563,3284.1666795528254,5935.5295064031825,5691.0671052007265
2026-07-25,431.05922823188615,5916.580438660407,225.51333345968033,3284.1666795528254,5916.580438660407,5485.521210428521
2026-07-26,278.52179652969556,5713.496951756132,227.9757413276111,3284.1666795528254,5713.496951756132,5434.975155226437
2026-07-27,167.40572486977487,5781.837272262532,346.8621170360948,3284.1666795528254,5781.837272262532,5614.431547392757
2026-07-28,96.29749432027596,5917.945653724374,303.51410633161686,3284.1666795528254,5917.945653724374,5821.648159404098
2026-07-29,75.61611191097192,6030.4383239874915,208.79016458339356,3284.1666795528254,6030.4383239874915,5954.8222120765195
2026-07-30,112.59562300039248,6115.282961941451,160.46074986493113,3284.1666795528254,6115.282961941451,6002.687338941058
2026-07-31,185.31323570348067,6712.505232317555,709.8178933764966,3284.1666795528254,6712.505232317555,6527.191996614074
2026-08-01,195.90310919851535,7893.411622607846,1366.2196259937718,3284.1666795528254,7893.411622607846,7697.508513409331
2026-08-02,260.7352246433246,8729.024146930715,1031.5156335213842,3284.1666795528254,8729.024146930715,8468.288922287391
2026-08-03,116.74322813891968,9193.5793842886,725.2904620012087,3284.1666795528254,9193.5793842886,9076.83615614968
2026-08-04,94.28057840054828,9375.620183543975,298.78402739429475,3284.1666795528254,9375.620183543975,9281.339605143427
2026-08-05,81.1630388473086,9484.656920828947,203.31731568552095,3284.1666795528254,9484.656920828947,9403.493881981638
2026-08-06,112.99177909869172,9505.445563488614,101.95168150697646,3284.1666795528254,9505.445563488614,9392.453784389923
2026-08-07,178.8461005631645,9507.212798861941,114.75901447201795,3284.1666795528254,9507.212798861941,9328.366698298776
2026-08-08,381.17160505649525,9472.270654626422,143.90395632764557,3284.1666795528254,9472.270654626422,9091.099049569926
2026-08-09,558.387984555705,9295.478036252796,204.37898668287016,3284.1666795528254,9295.478036252796,8737.09005169709
2026-08-10,309.24992085059955,8894.893343476568,157.80329177947715,3284.1666795528254,8894.893343476568,8585.643422625968
2026-08-11,284.0480212480752,8844.784069820036,259.14064719406815,3284.1666795528254,8844.784069820036,8560.736048571962
2026-08-12,195.75942687542937,8719.197696610065,158.4616480381028,3284.1666795528254,8719.197696610065,8523.438269734635
2026-08-13,235.6069664121282,8643.975512502262,120.5372427676266,3284.1666795528254,8643.975512502262,8408.368546090134
2026-08-14,226.8056886716946,8560.667277481349,152.29873139121446,3284.1666795528254,8560.667277481349,8333.861588809654
2026-08-15,310.4622002878852,8507.840044013747,173.97845520409282,3284.1666795528254,8507.840044013747,8197.37784372586
2026-08-16,327.2356702034357,8458.815564388937,261.4377206630761,3284.1666795528254,8458.815564388937,8131.579894185501
2026-08-17,295.60176405256504,9685.723867620352,1554.1439734348514,3284.1666795528254,9685.723867620352,9390.122103567788
2026-08-18,244.72149176714868,11169.597538342558,1779.4754347747694,3284.1666795528254,11169.597538342558,10924.87604657541
2026-08-19,216.4964451247788,11464.49061621938,539.6145696439708,3284.1666795528254,11464.49061621938,11247.9941710946
2026-08-20,545.9335401197281,11434.41024869425,186.41607759964973,3284.1666795528254,11434.41024869425,10888.476708574522
2026-08-21,829.7428820699689,11070.247803561038,181.7710949865159,3284.1666795528254,11070.247803561038,10240.504921491069
2026-08-22,754.8466432648046,10328.394296948856,87.88937545778754,3284.1666795528254,10328.394296948856,9573.547653684052
2026-08-23,617.2792044960861,9767.94225639848,194.3946027144284,3284.1666795528254,9767.94225639848,9150.663051902395
2026-08-24,358.61539420213467,9458.914703985254,308.25165208285944,3284.1666795528254,9458.914703985254,9100.29930978312
2026-08-25,280.26451100402716,9376.908220847996,276.60891106487543,3284.1666795528254,9376.908220847996,9096.64370984397
2026-08-26,140.01622510696643,9356.290429261651,259.6467194176821,3284.1666795528254,9356.290429261651,9216.274204154684
2026-08-27,117.95580489280104,9324.25710801324,107.9829038585558,3284.1666795528254,9324.25710801324,9206.30130312044
2026-08-28,97.2327959772824,9316.963964425991,110.66266130555232,3284.1666795528254,9316.963964425991,9219.731168448709
2026-08-29,163.4261388481184,9331.237583926271,111.50641547756277,3284.1666795528254,9331.237583926271,9167.811445078152
2026-08-30,206.2178289516539,9352.518294087937,184.7068490097845,3284.1666795528254,9352.518294087937,9146.300465136283
2026-08-31,253.30282343512215,9391.24453789282,244.94407275653793,3284.1666795528254,9391.24453789282,9137.941714457698
2026-09-01,98.25629430620768,9354.71733847339,216.7756240156923,3284.1666795528254,9354.71733847339,9256.461044167183
2026-09-02,56.03825333544195,9367.062593644221,110.60154947703813,3284.1666795528254,9367.062593644221,9311.024340308779
2026-09-03,114.23979180320988,9384.040806617071,73.01646630829237,3284.1666795528254,9384.040806617071,9269.801014813862
2026-09-04,155.56910328153592,9359.588163347562,89.78714853370002,3284.1666795528254,9359.588163347562,9204.019060066026
2026-09-05,260.48337779342376,9332.423303256553,128.40424319052727,3284.1666795528254,9332.423303256553,9071.93992546313
2026-09-06,1011.6403898859428,9283.371681601064,211.43175613793392,3284.1666795528254,9283.371681601064,8271.731291715121
2026-09-07,1170.3807419932712,7977.326718464366,0.0,3284.1666795528254,8271.731291715121,7101.35054972185
2026-09-08,532.3695110849749,5687.353866884152,0.0,3284.1666795528254,7101.35054972185,6568.981038636875
2026-09-09,173.4956313144642,5101.989779442508,0.0,3284.1666795528254,6568.981038636875,6395.485407322411
2026-09-10,177.19048698616766,5110.877083690954,0.0,3284.1666795528254,6395.485407322411,6218.294920336244
2026-09-11,278.7161732202957,5129.645728349488,0.0,3284.1666795528254,6218.294920336244,5939.578747115948
2026-09-12,356.77735101613337,5251.710230371564,0.0,3284.1666795528254,5939.578747115948,5582.801396099815
2026-09-13,389.1804736699132,5550.456632408404,0.0,3284.1666795528254,5582.801396099815,5193.620922429902
2026-09-14,279.0302937596754,5841.016222450239,647.3953000203373,3284.1666795528254,5841.016222450239,5561.985928690564
2026-09-15,258.3981441682969,5816.155075806217,254.16914711565278,3284.1666795528254,5816.155075806217,5557.7569316379195
2026-09-16,91.5926866036414,5741.129972242683,183.37304060476345,3284.1666795528254,5741.129972242683,5649.537285639041
2026-09-17,106.88877652632604,5749.14268086662,99.60539522757881,3284.1666795528254,5749.14268086662,5642.253904340294
2026-09-18,119.175228135154,5806.422085075828,164.1681807355344,3284.1666795528254,5806.422085075828,5687.246856940675
2026-09-19,190.87397380720665,5981.766194719945,294.51933777927024,3284.1666795528254,5981.766194719945,5790.892220912739
2026-09-20,250.8782397871608,6539.837309945989,748.94508903325,3284.1666795528254,6539.837309945989,6288.959070158828
2026-09-21,211.5172163144844,8748.800805329074,2459.8417351702465,3284.1666795528254,8748.800805329074,8537.283589014589
2026-09-22,117.43397783486094,9880.739946293332,1343.4563572787429,3284.1666795528254,9880.739946293332,9763.305968458471
2026-09-23,85.74352174530752,10187.040252312483,423.73428385401166,3284.1666795528254,10187.040252312483,10101.296730567175
2026-09-24,74.54070542217092,10260.836885629957,159.5401550627812,3284.1666795528254,10260.836885629957,10186.296180207786
2026-09-25,116.67914641922133,10357.338414693168,171.0422344853814,3284.1666795528254,10357.338414693168,10240.659268273947
2026-09-26,204.8758043694997,10531.175117992148,290.51584971820193,3284.1666795528254,10531.175117992148,10326.299313622649
2026-09-27,251.76092902475145,10654.09850111106,327.7991874884119,3284.1666795528254,10654.09850111106,10402.33757208631
2026-09-28,204.13560421745075,10662.67871785944,260.34114577313085,3284.1666795528254,10662.67871785944,10458.54311364199
2026-09-29,228.49304435553108,10608.212815483907,149.66970184191632,3284.1666795528254,10608.212815483907,10379.719771128375
2026-09-30,183.62748018249525,10528.289549557336,148.5697784289605,3284.1666795528254,10528.289549557336,10344.662069374841
2026-10-01,197.4564830820304,10463.596266658657,118.93419728381559,3284.1666795528254,10463.596266658657,10266.139783576626
2026-10-02,351.53030691527374,10439.605539149246,173.46575557262076,3284.1666795528254,10439.605539149246,10088.075232233972
2026-10-03,494.1457418747915,10257.275272393159,169.20004015918676,3284.1666795528254,10257.275272393159,9763.129530518367
2026-10-04,524.9641099713209,9914.86181464007,151.73228412170283,3284.1666795528254,9914.86181464007,9389.897704668749
2026-10-05,258.8768564210299,9608.756742382422,218.8590377136734,3284.1666795528254,9608.756742382422,9349.879885961393
2026-10-06,186.10634255030988,9541.409891697818,191.53000573642566,3284.1666795528254,9541.409891697818,9355.303549147508
2026-10-07,107.612382800641,9519.050420423355,163.7468712758473,3284.1666795528254,9519.050420423355,9411.438037622715
2026-10-08,188.7421169328668,9705.378447282252,293.9404096595372,3284.1666795528254,9705.378447282252,9516.636330349385
2026-10-09,302.8608357547301,10404.472082885422,887.835752536037,3284.1666795528254,10404.472082885422,10101.611247130691
2026-10-10,546.4911611000766,10841.307745637701,739.6964985070099,3284.1666795528254,10841.307745637701,10294.816584537624
2026-10-11,1216.4135863925485,10707.276589682506,412.4600051448815,3284.1666795528254,10707.276589682506,9490.863003289956
2026-10-12,947.0716109723668,9112.988158323817,0.0,3284.1666795528254,9490.863003289956,8543.79139231759
2026-10-13,452.4922771085351,7941.7628892199045,0.0,3284.1666795528254,8543.79139231759,8091.299115209054
2026-10-14,202.99402570572988,7665.937803972544,0.0,3284.1666795528254,8091.299115209054,7888.305089503325
2026-10-15,228.97640304470335,7615.446449148794,0.0,3284.1666795528254,7888.305089503325,7659.328686458622
2026-10-16,346.84793485908637,7574.85159597311,0.0,3284.1666795528254,7659.328686458622,7312.480751599535
2026-10-17,353.4359623662849,7542.595260961591,230.1145093620553,3284.1666795528254,7542.595260961591,7189.159298595306
2026-10-18,262.82144825541343,7410.519539590193,221.36024099488714,3284.1666795528254,7410.519539590193,7147.69809133478
2026-10-19,110.98187488613732,7386.709628713459,239.01153737867935,3284.1666795528254,7386.709628713459,7275.727753827322
2026-10-20,97.96568132912655,7401.311693365848,125.58393953852647,3284.1666795528254,7401.311693365848,7303.346012036722
2026-10-21,67.81532079209589,7409.960206934921,106.61419489819946,3284.1666795528254,7409.960206934921,7342.144886142825
2026-10-22,161.73418745808152,7416.231543439423,74.08665729659788,3284.1666795528254,7416.231543439423,7254.497355981342
2026-10-23,121.5993871108606,7398.875056594106,144.37770061276478,3284.1666795528254,7398.875056594106,7277.275669483246
2026-10-24,141.45456343939216,7413.243251210294,135.96758172704813,3284.1666795528254,7413.243251210294,7271.788687770902
2026-10-25,254.54166971606975,7468.308660405571,196.5199726346691,3284.1666795528254,7468.308660405571,7213.766990689501
2026-10-26,177.56715296528031,7394.786291078401,181.01930038889986,3284.1666795528254,7394.786291078401,7217.219138113121
2026-10-27,156.14657337135537,7364.824920559043,147.60578244592216,3284.1666795528254,7364.824920559043,7208.678347187687
2026-10-28,332.68082548982704,7343.663253935423,134.9849067477362,3284.1666795528254,7343.663253935423,7010.982428445596
2026-10-29,747.2896502132784,7127.984093286118,117.0016648405217,3284.1666795528254,7127.984093286118,6380.69444307284
2026-10-30,658.8464049203566,6089.234086432587,0.0,3284.1666795528254,6380.69444307284,5721.848038152483
2026-10-31,437.946354953708,5277.853975785274,0.0,3284.1666795528254,5721.848038152483,5283.901683198776
2026-11-01,394.80431208204783,5336.932133586181,53.030450387405835,3284.1666795528254,5336.932133586181,4942.127821504134
2026-11-02,318.1276765126134,5431.082013555056,488.95419205092185,3284.1666795528254,5431.082013555056,5112.954337042443
2026-11-03,213.86992632542925,5575.831178199777,462.87684115733464,3284.1666795528254,5575.831178199777,5361.961251874348
2026-11-04,127.98310796944948,5675.596853507588,313.6356016332402,3284.1666795528254,5675.596853507588,5547.613745538139
2026-11-05,178.16121125459782,5707.2910101548905,159.67726461675193,3284.1666795528254,5707.2910101548905,5529.129798900292
2026-11-06,319.78669848394185,5696.931100467067,167.80130156677478,3284.1666795528254,5696.931100467067,5377.144401983125
2026-11-07,231.20284317578617,5580.415590173269,203.27118819014413,3284.1666795528254,5580.415590173269,5349.212746997483
2026-11-08,238.1626158579396,5628.854338058116,279.6415910606329,3284.1666795528254,5628.854338058116,5390.691722200177
2026-11-09,136.02704854350523,5906.2545104967185,515.5627882965418,3284.1666795528254,5906.2545104967185,5770.227461953214
2026-11-10,114.41926624356608,6130.9212449717825,360.69378301856887,3284.1666795528254,6130.9212449717825,6016.501978728216
2026-11-11,82.50202418196982,6331.500184281658,314.99820555344195,3284.1666795528254,6331.500184281658,6248.998160099688
2026-11-12,135.05402209928548,6640.753458697838,391.75529859815015,3284.1666795528254,6640.753458697838,6505.699436598553
2026-11-13,145.33318024601394,7310.449858466901,804.750421868348,3284.1666795528254,7310.449858466901,7165.116678220887
2026-11-14,216.43808852563788,7825.822017790776,660.7053395698895,3284.1666795528254,7825.822017790776,7609.383929265138
2026-11-15,166.08674893820984,8184.6927688684955,575.3088396033572,3284.1666795528254,8184.6927688684955,8018.606019930286
2026-11-16,133.17801159132364,8551.169800905383,532.5637809750979,3284.1666795528254,8551.169800905383,8417.99178931406
2026-11-17,122.81265349825014,8751.061308883196,333.0695195691369,3284.1666795528254,8751.061308883196,8628.248655384947
2026-11-18,82.79229905350371,8784.244060345205,155.99540496025838,3284.1666795528254,8784.244060345205,8701.4517612917
2026-11-19,130.34085302183829,8784.42475117471,82.97298988301009,3284.1666795528254,8784.42475117471,8654.083898152872
2026-11-20,282.77693911535874,8776.889294343859,122.80539619098636,3284.1666795528254,8776.889294343859,8494.1123552285
2026-11-21,463.5216749031397,8691.234694209314,197.12233898081286,3284.1666795528254,8691.234694209314,8227.713019306175
2026-11-22,439.9596857331693,8408.191692027001,180.47867272082658,3284.1666795528254,8408.191692027001,7968.2320062938325
2026-11-23,401.2379994695569,8306.399662978987,338.1676566851547,3284.1666795528254,8306.399662978987,7905.161663509431
2026-11-24,296.2153093737369,8079.191995673866,174.0303321644351,3284.1666795528254,8079.191995673866,7782.976686300129
2026-11-25,172.63594376405015,7942.4469034218655,159.47021712173682,3284.1666795528254,7942.4469034218655,7769.810959657815
2026-11-26,165.29321488467963,7899.39365597137,129.58269631355506,3284.1666795528254,7899.39365597137,7734.100441086691
2026-11-27,230.32027974753169,7871.413098125165,137.31265703847384,3284.1666795528254,7871.413098125165,7641.092818377633
2026-11-28,271.64056200356185,7842.780530406142,201.68771202850894,3284.1666795528254,7842.780530406142,7571.13996840258
2026-11-29,420.5429021841731,8815.178308125905,1244.0383397233254,3284.1666795528254,8815.178308125905,8394.635405941732
2026-11-30,345.6864841107275,11678.802085494557,3284.1666795528254,3284.1666795528254,11678.802085494557,11333.11560138383
2026-12-01,327.59373325995256,12184.038809870446,850.9232084866162,3284.1666795528254,12184.038809870446,11856.445076610493
2026-12-02,400.0210747850224,12127.724164658062,271.27908804756953,3284.1666795528254,12127.724164658062,11727.70308987304
2026-12-03,604.7064749930198,11902.142587686063,174.43949781302217,3284.1666795528254,11902.142587686063,11297.436112693043
2026-12-04,559.9924560285326,11478.483706608253,181.0475939152093,3284.1666795528254,11478.483706608253,10918.49125057972
2026-12-05,512.407678289431,11156.305624143306,237.81437356358583,3284.1666795528254,11156.305624143306,10643.897945853874
2026-12-06,510.1903201730179,10945.027867863286,301.12992200941153,3284.1666795528254,10945.027867863286,10434.837547690267
2026-12-07,395.8935225933438,10811.59186434081,376.754316650542,3284.1666795528254,10811.59186434081,10415.698341747466
2026-12-08,211.86693330378029,10778.28746290892,362.5891211614544,3284.1666795528254,10778.28746290892,10566.42052960514
2026-12-09,86.42958232608795,10720.73921642119,154.3186868160501,3284.1666795528254,10720.73921642119,10634.309634095103
2026-12-10,70.86207375766288,10715.428181687332,81.11854759222842,3284.1666795528254,10715.428181687332,10644.56610792967
2026-12-11,121.2397321885062,10673.50098000672,28.934872077050386,3284.1666795528254,10673.50098000672,10552.261247818215
2026-12-12,171.18282648330165,10527.950357579155,0.0,3284.1666795528254,10552.261247818215,10381.078421334912
2026-12-13,360.3655913227529,10343.484605013025,0.0,3284.1666795528254,10381.078421334912,10020.71283001216
2026-12-14,138.79399261254997,9988.792266194838,0.0,3284.1666795528254,10020.71283001216,9881.918837399611
2026-12-15,84.79483626137058,9827.034022173471,0.0,3284.1666795528254,9881.918837399611,9797.124001138242
2026-12-16,83.70675355523156,9696.020544332652,0.0,3284.1666795528254,9797.124001138242,9713.41724758301
2026-12-17,113.37686179183126,9558.319063144387,0.0,3284.1666795528254,9713.41724758301,9600.040385791179
2026-12-18,193.24286301949664,9395.615416644629,0.0,3284.1666795528254,9600.040385791179,9406.797522771682
2026-12-19,839.7695883314947,9177.466792670828,0.0,3284.1666795528254,9406.797522771682,8567.027934440186
2026-12-20,1665.0621672568643,8195.481736595491,0.0,3284.1666795528254,8567.027934440186,6901.965767183322
2026-12-21,752.0097364796159,4481.008726394119,0.0,3284.1666795528254,6901.965767183322,6149.956030703706
2026-12-22,262.52662732563533,3113.7784697826382,0.0,3284.1666795528254,6149.956030703706,5887.429403378071
2026-12-23,129.8325232597794,2849.5503409264857,0.0,3284.1666795528254,5887.429403378071,5757.596880118292
2026-12-24,203.12494180260583,2702.865286820159,0.0,3284.1666795528254,5757.596880118292,5554.471938315686
2026-12-25,264.679755594793,2508.1526358397696,0.0,3284.1666795528254,5554.471938315686,5289.792182720893
2026-12-26,323.06136590422864,2250.1559338523116,0.0,3284.1666795528254,5289.792182720893,4966.730816816665
2026-12-27,396.967216725167,1898.0939581203215,0.0,3284.1666795528254,4966.730816816665,4569.763600091497
2026-12-28,365.0057267682379,1313.3751038124783,0.0,3284.1666795528254,4569.763600091497,4204.757873323259
2026-12-29,138.59437796543077,497.3647219499238,0.0,3284.1666795528254,4204.757873323259,4066.1634953578287
2026-12-30,78.32045501205118,260.806885419062,0.0,3284.1666795528254,4066.1634953578287,3987.8430403457774
2026-12-31,0.0,0.0,0.0,3284.1666795528254,3987.8430403457774,3987.8430403457774
